school_name,candidates
송정초등학교,"송정초등학교(부산광역시교육청), 송정초등학교(부산광역시교육청), 송정초등학교(광주광역시교육청), 송정초등학교(울산광역시교육청), 송정초등학교(경기도교육청), 송정초등학교(강원특별자치도교육청)"
교동초등학교,"교동초등학교(부산광역시교육청), 교동초등학교(인천광역시교육청), 교동초등학교(경기도교육청), 교동초등학교(강원특별자치도교육청), 교동초등학교(강원특별자치도교육청), 교동초등학교(강원특별자치도교육청), 교동초등학교(강원특별자치도교육청)"
광양고등학교,"광양고등학교(서울특별시교육청), 광양고등학교(전라남도교육청)"
북면초등학교,"북면초등학교(전북특별자치도교육청), 북면초등학교(경상남도교육청)"
고창중학교,"고창중학교(경기도교육청), 고창중학교(전북특별자치도교육청)"
대신고등학교,"대신고등학교(서울특별시교육청), 대신고등학교(경기도교육청)"
한솔초등학교,"한솔초등학교(세종특별자치시교육청), 한솔초등학교(경기도교육청), 한솔초등학교(강원특별자치도교육청), 한솔초등학교(충청북도교육청), 한솔초등학교(전북특별자치도교육청)"
영신여자고등학교,"영신여자고등학교(서울특별시교육청), 영신여자고등학교(경기도교육청)"
동산초등학교,"동산초등학교(서울특별시교육청), 동산초등학교(경기도교육청), 동산초등학교(전북특별자치도교육청), 동산초등학교(전라남도교육청), 동산초등학교(경상북도교육청)"
동명초등학교,"동명초등학교(부산광역시교육청), 동명초등학교(대전광역시교육청), 동명초등학교(강원특별자치도교육청), 동명초등학교(충청북도교육청), 동명초등학교(전라남도교육청), 동명초등학교(경상북도교육청)"
광덕고등학교,"광덕고등학교(광주광역시교육청), 광덕고등학교(경기도교육청)"
성일고등학교,"성일고등학교(경기도교육청), 성일고등학교(전북특별자치도교육청)"
금구중학교,"금구중학교(광주광역시교육청), 금구중학교(전북특별자치도교육청)"
원평초등학교,"원평초등학교(충청북도교육청), 원평초등학교(전북특별자치도교육청), 원평초등학교(경상남도교육청)"
신명초등학교,"신명초등학교(부산광역시교육청), 신명초등학교(경상남도교육청)"
동신초등학교,"동신초등학교(부산광역시교육청), 동신초등학교(경기도교육청), 동신초등학교(전북특별자치도교육청)"
보문고등학교,"보문고등학교(광주광역시교육청), 보문고등학교(대전광역시교육청)"
대청초등학교,"대청초등학교(부산광역시교육청), 대청초등학교(인천광역시교육청), 대청초등학교(경기도교육청), 대청초등학교(경상남도교육청)"
부안중학교,"부안중학교(경기도교육청), 부안중학교(전북특별자치도교육청)"
태인초등학교,"태인초등학교(전북특별자치도교육청), 태인초등학교(전라남도교육청)"
광영고등학교,"광영고등학교(서울특별시교육청), 광영고등학교(전라남도교육청)"
성남고등학교,"성남고등학교(서울특별시교육청), 성남고등학교(경기도교육청)"
삼성초등학교,"삼성초등학교(인천광역시교육청), 삼성초등학교(경기도교육청), 삼성초등학교(경기도교육청), 삼성초등학교(강원특별자치도교육청), 삼성초등학교(충청북도교육청), 삼성초등학교(충청남도교육청)"
동성고등학교,"동성고등학교(서울특별시교육청), 동성고등학교(충청북도교육청)"
보성고등학교,"보성고등학교(서울특별시교육청), 보성고등학교(전라남도교육청)"
양정고등학교,"양정고등학교(서울특별시교육청), 양정고등학교(부산광역시교육청)"
중산고등학교,"중산고등학교(서울특별시교육청), 중산고등학교(경기도교육청)"
구암중학교,"구암중학교(서울특별시교육청), 구암중학교(대구광역시교육청), 구암중학교(경상남도교육청)"
지산중학교,"지산중학교(대구광역시교육청), 지산중학교(광주광역시교육청), 지산중학교(경기도교육청)"
수곡초등학교,"수곡초등학교(충청북도교육청), 수곡초등학교(전북특별자치도교육청), 수곡초등학교(경상남도교육청)"
용호초등학교,"용호초등학교(부산광역시교육청), 용호초등학교(경기도교육청), 용호초등학교(경상남도교육청)"
옥천초등학교,"옥천초등학교(부산광역시교육청), 옥천초등학교(경기도교육청), 옥천초등학교(강원특별자치도교육청), 옥천초등학교(전북특별자치도교육청), 옥천초등학교(전라남도교육청)"
구산중학교,"구산중학교(서울특별시교육청), 구산중학교(인천광역시교육청), 구산중학교(경상남도교육청)"
동명중학교,"동명중학교(대전광역시교육청), 동명중학교(강원특별자치도교육청), 동명중학교(경상북도교육청), 동명중학교(경상남도교육청)"
삼남중학교,"삼남중학교(울산광역시교육청), 삼남중학교(전북특별자치도교육청)"
성동초등학교,"성동초등학교(서울특별시교육청), 성동초등학교(부산광역시교육청), 성동초등학교(울산광역시교육청), 성동초등학교(충청남도교육청), 성동초등학교(경상북도교육청)"
송정중학교,"송정중학교(서울특별시교육청), 송정중학교(부산광역시교육청), 송정중학교(광주광역시교육청)"
동양중학교,"동양중학교(서울특별시교육청), 동양중학교(부산광역시교육청)"
성산중학교,"성산중학교(서울특별시교육청), 성산중학교(대구광역시교육청), 성산중학교(경상북도교육청), 성산중학교(경상남도교육청), 성산중학교(제주특별자치도교육청)"
성남초등학교,"성남초등학교(부산광역시교육청), 성남초등학교(경기도교육청), 성남초등학교(강원특별자치도교육청), 성남초등학교(충청남도교육청)"
경안고등학교,"경안고등학교(경기도교육청), 경안고등학교(경상북도교육청)"
명덕고등학교,"명덕고등학교(서울특별시교육청), 명덕고등학교(경상남도교육청)"
매원초등학교,"매원초등학교(서울특별시교육청), 매원초등학교(경기도교육청), 매원초등학교(경상북도교육청)"
화정초등학교,"화정초등학교(부산광역시교육청), 화정초등학교(울산광역시교육청), 화정초등학교(전라남도교육청), 화정초등학교(경상남도교육청), 화정초등학교(경상남도교육청)"
명지중학교,"명지중학교(서울특별시교육청), 명지중학교(부산광역시교육청)"
운암중학교,"운암중학교(대구광역시교육청), 운암중학교(광주광역시교육청), 운암중학교(경기도교육청)"
석정여자고등학교,"석정여자고등학교(인천광역시교육청), 석정여자고등학교(강원특별자치도교육청)"
칠보초등학교,"칠보초등학교(경기도교육청), 칠보초등학교(전북특별자치도교육청)"
대동고등학교,"대동고등학교(부산광역시교육청), 대동고등학교(경상북도교육청)"
광남고등학교,"광남고등학교(서울특별시교육청), 광남고등학교(경기도교육청), 광남고등학교(전라남도교육청)"
영동고등학교,"영동고등학교(서울특별시교육청), 영동고등학교(충청북도교육청), 영동고등학교(경상북도교육청)"
동신중학교,"동신중학교(서울특별시교육청), 동신중학교(부산광역시교육청), 동신중학교(대전광역시교육청)"
우암초등학교,"우암초등학교(부산광역시교육청), 우암초등학교(충청북도교육청), 우암초등학교(경상남도교육청), 우암초등학교(경상남도교육청)"
반송중학교,"반송중학교(부산광역시교육청), 반송중학교(경기도교육청), 반송중학교(경상남도교육청)"
평산초등학교,"평산초등학교(울산광역시교육청), 평산초등학교(경상북도교육청), 평산초등학교(경상남도교육청), 평산초등학교(경상남도교육청)"
가좌고등학교,"가좌고등학교(인천광역시교육청), 가좌고등학교(경기도교육청)"
남성중학교,"남성중학교(서울특별시교육청), 남성중학교(충청북도교육청), 남성중학교(전북특별자치도교육청)"
영산고등학교,"영산고등학교(부산광역시교육청), 영산고등학교(전라남도교육청), 영산고등학교(경상남도교육청)"
금곡고등학교,"금곡고등학교(부산광역시교육청), 금곡고등학교(경기도교육청)"
대성고등학교,"대성고등학교(서울특별시교육청), 대성고등학교(강원특별자치도교육청)"
대청중학교,"대청중학교(서울특별시교육청), 대청중학교(부산광역시교육청), 대청중학교(인천광역시교육청), 대청중학교(경상남도교육청)"
금성초등학교,"금성초등학교(서울특별시교육청), 금성초등학교(부산광역시교육청), 금성초등학교(대전광역시교육청), 금성초등학교(경기도교육청), 금성초등학교(충청북도교육청), 금성초등학교(충청남도교육청), 금성초등학교(충청남도교육청), 금성초등학교(전라남도교육청), 금성초등학교(전라남도교육청)"
경일고등학교,"경일고등학교(서울특별시교육청), 경일고등학교(부산광역시교육청), 경일고등학교(경기도교육청), 경일고등학교(경상북도교육청)"
동평중학교,"동평중학교(부산광역시교육청), 동평중학교(대구광역시교육청), 동평중학교(울산광역시교육청)"
강동초등학교,"강동초등학교(부산광역시교육청), 강동초등학교(울산광역시교육청), 강동초등학교(강원특별자치도교육청), 강동초등학교(경상북도교육청)"
문산초등학교,"문산초등학교(광주광역시교육청), 문산초등학교(경기도교육청), 문산초등학교(경상남도교육청)"
유성여자고등학교,"유성여자고등학교(대전광역시교육청), 유성여자고등학교(경상북도교육청)"
수정초등학교,"수정초등학교(부산광역시교육청), 수정초등학교(충청북도교육청), 수정초등학교(충청남도교육청), 수정초등학교(경상남도교육청)"
명호초등학교,"명호초등학교(부산광역시교육청), 명호초등학교(경상북도교육청)"
부흥고등학교,"부흥고등학교(부산광역시교육청), 부흥고등학교(경기도교육청)"
용인고등학교,"용인고등학교(부산광역시교육청), 용인고등학교(경기도교육청)"
도산초등학교,"도산초등학교(광주광역시교육청), 도산초등학교(울산광역시교육청), 도산초등학교(충청남도교육청), 도산초등학교(경상북도교육청), 도산초등학교(경상남도교육청), 도산초등학교(경상남도교육청)"
산내초등학교,"산내초등학교(대전광역시교육청), 산내초등학교(경기도교육청), 산내초등학교(전북특별자치도교육청), 산내초등학교(경상남도교육청)"
영광고등학교,"영광고등학교(전라남도교육청), 영광고등학교(경상북도교육청)"
한빛고등학교,"한빛고등학교(경기도교육청), 한빛고등학교(전라남도교육청)"
지산고등학교,"지산고등학교(부산광역시교육청), 지산고등학교(경기도교육청)"
연제초등학교,"연제초등학교(부산광역시교육청), 연제초등학교(광주광역시교육청)"
반송초등학교,"반송초등학교(부산광역시교육청), 반송초등학교(경기도교육청), 반송초등학교(경상남도교육청)"
유천초등학교,"유천초등학교(강원특별자치도교육청), 유천초등학교(경상북도교육청), 유천초등학교(경상북도교육청)"
운산초등학교,"운산초등학교(부산광역시교육청), 운산초등학교(경기도교육청), 운산초등학교(강원특별자치도교육청), 운산초등학교(충청남도교육청)"
수성고등학교,"수성고등학교(대구광역시교육청), 수성고등학교(경기도교육청)"
대광고등학교,"대광고등학교(서울특별시교육청), 대광고등학교(부산광역시교육청)"
한영고등학교,"한영고등학교(서울특별시교육청), 한영고등학교(전라남도교육청)"
용산중학교,"용산중학교(서울특별시교육청), 용산중학교(대구광역시교육청)"
덕천초등학교,"덕천초등학교(부산광역시교육청), 덕천초등학교(경기도교육청), 덕천초등학교(전북특별자치도교육청)"
금호고등학교,"금호고등학교(서울특별시교육청), 금호고등학교(광주광역시교육청)"
동부초등학교,"동부초등학교(울산광역시교육청), 동부초등학교(경기도교육청), 동부초등학교(강원특별자치도교육청)"
성덕초등학교,"성덕초등학교(광주광역시교육청), 성덕초등학교(강원특별자치도교육청), 성덕초등학교(충청남도교육청), 성덕초등학교(전북특별자치도교육청)"
신림초등학교,"신림초등학교(강원특별자치도교육청), 신림초등학교(전북특별자치도교육청)"
낙동초등학교,"낙동초등학교(부산광역시교육청), 낙동초등학교(경상북도교육청)"
대방초등학교,"대방초등학교(경상남도교육청), 대방초등학교(경상남도교육청)"
용지초등학교,"용지초등학교(전북특별자치도교육청), 용지초등학교(경상남도교육청)"
동백초등학교,"동백초등학교(부산광역시교육청), 동백초등학교(울산광역시교육청), 동백초등학교(경기도교육청), 동백초등학교(전라남도교육청)"
대곡중학교,"대곡중학교(대구광역시교육청), 대곡중학교(경상남도교육청)"
서일고등학교,"서일고등학교(대전광역시교육청), 서일고등학교(충청남도교육청)"
초당초등학교,"초당초등학교(경기도교육청), 초당초등학교(강원특별자치도교육청)"
죽림초등학교,"죽림초등학교(충청북도교육청), 죽림초등학교(전라남도교육청), 죽림초등학교(경상남도교육청)"
신현중학교,"신현중학교(서울특별시교육청), 신현중학교(인천광역시교육청), 신현중학교(경기도교육청), 신현중학교(경상남도교육청)"
금빛초등학교,"금빛초등학교(부산광역시교육청), 금빛초등학교(경기도교육청), 금빛초등학교(경상남도교육청)"
신대초등학교,"신대초등학교(충청남도교육청), 신대초등학교(전라남도교육청)"
계성고등학교,"계성고등학교(서울특별시교육청), 계성고등학교(대구광역시교육청)"
문현고등학교,"문현고등학교(서울특별시교육청), 문현고등학교(울산광역시교육청)"
금성고등학교,"금성고등학교(부산광역시교육청), 금성고등학교(전라남도교육청), 금성고등학교(경상북도교육청)"
용산초등학교,"용산초등학교(부산광역시교육청), 용산초등학교(전북특별자치도교육청), 용산초등학교(전라남도교육청)"
양덕여자중학교,"양덕여자중학교(부산광역시교육청), 양덕여자중학교(경상남도교육청)"
감천초등학교,"감천초등학교(부산광역시교육청), 감천초등학교(경상북도교육청), 감천초등학교(경상북도교육청), 감천초등학교(경상남도교육청)"
장산초등학교,"장산초등학교(부산광역시교육청), 장산초등학교(광주광역시교육청), 장산초등학교(전라남도교육청), 장산초등학교(경상북도교육청)"
구암고등학교,"구암고등학교(서울특별시교육청), 구암고등학교(대구광역시교육청)"
백석고등학교,"백석고등학교(인천광역시교육청), 백석고등학교(경기도교육청)"
성덕중학교,"성덕중학교(광주광역시교육청), 성덕중학교(대전광역시교육청)"
성일중학교,"성일중학교(서울특별시교육청), 성일중학교(경기도교육청)"
신기초등학교,"신기초등학교(전라남도교육청), 신기초등학교(경상북도교육청), 신기초등학교(경상북도교육청), 신기초등학교(경상남도교육청)"
영천초등학교,"영천초등학교(광주광역시교육청), 영천초등학교(경기도교육청), 영천초등학교(경상북도교육청), 영천초등학교(경상남도교육청)"
동천초등학교,"동천초등학교(부산광역시교육청), 동천초등학교(울산광역시교육청), 동천초등학교(경기도교육청), 동천초등학교(경상북도교육청)"
백석중학교,"백석중학교(서울특별시교육청), 백석중학교(인천광역시교육청), 백석중학교(경기도교육청)"
진남초등학교,"진남초등학교(광주광역시교육청), 진남초등학교(경상남도교육청)"
경신고등학교,"경신고등학교(서울특별시교육청), 경신고등학교(대구광역시교육청)"
전일중학교,"전일중학교(서울특별시교육청), 전일중학교(전북특별자치도교육청)"
남산중학교,"남산중학교(부산광역시교육청), 남산중학교(경상북도교육청), 남산중학교(경상남도교육청)"
중리중학교,"중리중학교(대구광역시교육청), 중리중학교(대전광역시교육청)"
문산중학교,"문산중학교(광주광역시교육청), 문산중학교(경기도교육청), 문산중학교(경상남도교육청)"
대덕중학교,"대덕중학교(대전광역시교육청), 대덕중학교(전라남도교육청)"
월촌초등학교,"월촌초등학교(전북특별자치도교육청), 월촌초등학교(경상남도교육청)"
부안초등학교,"부안초등학교(강원특별자치도교육청), 부안초등학교(전북특별자치도교육청)"
용남초등학교,"용남초등학교(충청남도교육청), 용남초등학교(전북특별자치도교육청), 용남초등학교(경상남도교육청), 용남초등학교(경상남도교육청)"
명지초등학교,"명지초등학교(서울특별시교육청), 명지초등학교(부산광역시교육청), 명지초등학교(충청북도교육청), 명지초등학교(충청남도교육청)"
양덕초등학교,"양덕초등학교(부산광역시교육청), 양덕초등학교(경상남도교육청)"
호암초등학교,"호암초등학교(부산광역시교육청), 호암초등학교(경기도교육청), 호암초등학교(경상남도교육청)"
영일고등학교,"영일고등학교(서울특별시교육청), 영일고등학교(경상북도교육청)"
상현중학교,"상현중학교(서울특별시교육청), 상현중학교(경기도교육청)"
서연중학교,"서연중학교(서울특별시교육청), 서연중학교(경기도교육청)"
경일중학교,"경일중학교(서울특별시교육청), 경일중학교(부산광역시교육청), 경일중학교(대구광역시교육청)"
강동중학교,"강동중학교(서울특별시교육청), 강동중학교(대구광역시교육청), 강동중학교(울산광역시교육청)"
하남초등학교,"하남초등학교(부산광역시교육청), 하남초등학교(광주광역시교육청), 하남초등학교(경기도교육청), 하남초등학교(강원특별자치도교육청)"
광남초등학교,"광남초등학교(부산광역시교육청), 광남초등학교(경기도교육청)"
용문초등학교,"용문초등학교(부산광역시교육청), 용문초등학교(경기도교육청), 용문초등학교(충청남도교육청), 용문초등학교(경상북도교육청)"
신창중학교,"신창중학교(서울특별시교육청), 신창중학교(광주광역시교육청), 신창중학교(충청남도교육청), 신창중학교(제주특별자치도교육청)"
화천초등학교,"화천초등학교(강원특별자치도교육청), 화천초등학교(경상북도교육청)"
고창초등학교,"고창초등학교(경기도교육청), 고창초등학교(전북특별자치도교육청)"
흥덕초등학교,"흥덕초등학교(경기도교육청), 흥덕초등학교(충청북도교육청), 흥덕초등학교(전북특별자치도교육청)"
공덕초등학교,"공덕초등학교(부산광역시교육청), 공덕초등학교(전북특별자치도교육청)"
남원중학교,"남원중학교(전북특별자치도교육청), 남원중학교(제주특별자치도교육청)"
영흥중학교,"영흥중학교(인천광역시교육청), 영흥중학교(전라남도교육청)"
동성초등학교,"동성초등학교(부산광역시교육청), 동성초등학교(충청북도교육청), 동성초등학교(경상북도교육청), 동성초등학교(경상남도교육청)"
백산초등학교,"백산초등학교(부산광역시교육청), 백산초등학교(전북특별자치도교육청)"
예원초등학교,"예원초등학교(부산광역시교육청), 예원초등학교(경기도교육청)"
금호초등학교,"금호초등학교(광주광역시교육청), 금호초등학교(경상북도교육청), 금호초등학교(경상남도교육청)"
강북중학교,"강북중학교(서울특별시교육청), 강북중학교(대구광역시교육청)"
남산초등학교,"남산초등학교(부산광역시교육청), 남산초등학교(울산광역시교육청), 남산초등학교(강원특별자치도교육청), 남산초등학교(강원특별자치도교육청), 남산초등학교(강원특별자치도교육청)"
반송여자중학교,"반송여자중학교(부산광역시교육청), 반송여자중학교(경상남도교육청)"
신정고등학교,"신정고등학교(부산광역시교육청), 신정고등학교(울산광역시교육청)"
안산중학교,"안산중학교(경기도교육청), 안산중학교(전라남도교육청)"
은빛초등학교,"은빛초등학교(광주광역시교육청), 은빛초등학교(경기도교육청)"
율곡초등학교,"율곡초등학교(광주광역시교육청), 율곡초등학교(강원특별자치도교육청), 율곡초등학교(경상북도교육청)"
경서중학교,"경서중학교(서울특별시교육청), 경서중학교(대구광역시교육청)"
성남중학교,"성남중학교(서울특별시교육청), 성남중학교(경기도교육청)"
부흥중학교,"부흥중학교(부산광역시교육청), 부흥중학교(인천광역시교육청)"
신진초등학교,"신진초등학교(부산광역시교육청), 신진초등학교(경상남도교육청)"
신정중학교,"신정중학교(부산광역시교육청), 신정중학교(울산광역시교육청)"
성서중학교,"성서중학교(서울특별시교육청), 성서중학교(대구광역시교육청), 성서중학교(경기도교육청)"
경운중학교,"경운중학교(대구광역시교육청), 경운중학교(경상남도교육청)"
성산고등학교,"성산고등학교(대구광역시교육청), 성산고등학교(제주특별자치도교육청)"
강동고등학교,"강동고등학교(서울특별시교육청), 강동고등학교(대구광역시교육청), 강동고등학교(울산광역시교육청)"
문성중학교,"문성중학교(서울특별시교육청), 문성중학교(광주광역시교육청), 문성중학교(경상북도교육청)"
삼일고등학교,"삼일고등학교(경기도교육청), 삼일고등학교(강원특별자치도교육청)"
금오중학교,"금오중학교(경기도교육청), 금오중학교(경상북도교육청), 금오중학교(경상남도교육청)"
능동중학교,"능동중학교(경기도교육청), 능동중학교(경상남도교육청)"
설악고등학교,"설악고등학교(경기도교육청), 설악고등학교(강원특별자치도교육청)"
봉래초등학교,"봉래초등학교(부산광역시교육청), 봉래초등학교(강원특별자치도교육청), 봉래초등학교(전라남도교육청), 봉래초등학교(경상남도교육청)"
대야초등학교,"대야초등학교(경기도교육청), 대야초등학교(전북특별자치도교육청), 대야초등학교(경상남도교육청)"
금성중학교,"금성중학교(전북특별자치도교육청), 금성중학교(전라남도교육청), 금성중학교(경상북도교육청)"
남원초등학교,"남원초등학교(전북특별자치도교육청), 남원초등학교(제주특별자치도교육청)"
삼계초등학교,"삼계초등학교(전북특별자치도교육청), 삼계초등학교(경상남도교육청), 삼계초등학교(경상남도교육청)"
성산초등학교,"성산초등학교(경기도교육청), 성산초등학교(강원특별자치도교육청), 성산초등학교(전북특별자치도교육청), 성산초등학교(전라남도교육청), 성산초등학교(경상북도교육청), 성산초등학교(경상남도교육청)"
삼양초등학교,"삼양초등학교(충청북도교육청), 삼양초등학교(제주특별자치도교육청)"
신도고등학교,"신도고등학교(서울특별시교육청), 신도고등학교(부산광역시교육청)"
송운초등학교,"송운초등학교(부산광역시교육청), 송운초등학교(경기도교육청)"
중동초등학교,"중동초등학교(경기도교육청), 중동초등학교(전라남도교육청), 중동초등학교(경상북도교육청), 중동초등학교(경상남도교육청)"
모전초등학교,"모전초등학교(부산광역시교육청), 모전초등학교(경상북도교육청)"
혜화여자고등학교,"혜화여자고등학교(서울특별시교육청), 혜화여자고등학교(부산광역시교육청)"
광남중학교,"광남중학교(서울특별시교육청), 광남중학교(경기도교육청)"
동해중학교,"동해중학교(부산광역시교육청), 동해중학교(강원특별자치도교육청), 동해중학교(경상남도교육청)"
모산초등학교,"모산초등학교(부산광역시교육청), 모산초등학교(강원특별자치도교육청), 모산초등학교(충청남도교육청)"
와석초등학교,"와석초등학교(부산광역시교육청), 와석초등학교(경기도교육청)"
하남중학교,"하남중학교(부산광역시교육청), 하남중학교(광주광역시교육청), 하남중학교(경기도교육청)"
동백중학교,"동백중학교(부산광역시교육청), 동백중학교(경기도교육청)"
장산중학교,"장산중학교(부산광역시교육청), 장산중학교(전라남도교육청), 장산중학교(경상북도교육청)"
동암중학교,"동암중학교(인천광역시교육청), 동암중학교(경기도교육청)"
천곡중학교,"천곡중학교(광주광역시교육청), 천곡중학교(울산광역시교육청)"
구봉초등학교,"구봉초등학교(경기도교육청), 구봉초등학교(경상남도교육청)"
하랑중학교,"하랑중학교(경기도교육청), 하랑중학교(강원특별자치도교육청)"
속초초등학교,"속초초등학교(강원특별자치도교육청), 속초초등학교(강원특별자치도교육청)"
월랑초등학교,"월랑초등학교(충청남도교육청), 월랑초등학교(제주특별자치도교육청)"
남양초등학교,"남양초등학교(경기도교육청), 남양초등학교(충청남도교육청), 남양초등학교(전북특별자치도교육청), 남양초등학교(전라남도교육청), 남양초등학교(경상북도교육청), 남양초등학교(경상남도교육청), 남양초등학교(경상남도교육청)"
영신고등학교,"영신고등학교(서울특별시교육청), 영신고등학교(대구광역시교육청)"
신월중학교,"신월중학교(서울특별시교육청), 신월중학교(경상남도교육청)"
신평초등학교,"신평초등학교(부산광역시교육청), 신평초등학교(경기도교육청), 신평초등학교(강원특별자치도교육청), 신평초등학교(충청남도교육청), 신평초등학교(전북특별자치도교육청)"
대진고등학교,"대진고등학교(서울특별시교육청), 대진고등학교(대구광역시교육청), 대진고등학교(강원특별자치도교육청)"
운남초등학교,"운남초등학교(광주광역시교육청), 운남초등학교(전라남도교육청)"
상일여자고등학교,"상일여자고등학교(서울특별시교육청), 상일여자고등학교(광주광역시교육청)"
흥도초등학교,"흥도초등학교(대전광역시교육청), 흥도초등학교(경기도교육청)"
인창고등학교,"인창고등학교(서울특별시교육청), 인창고등학교(경기도교육청)"
관동중학교,"관동중학교(강원특별자치도교육청), 관동중학교(경상남도교육청)"
금광초등학교,"금광초등학교(경기도교육청), 금광초등학교(강원특별자치도교육청)"
여천초등학교,"여천초등학교(울산광역시교육청), 여천초등학교(전라남도교육청)"
삼호중학교,"삼호중학교(울산광역시교육청), 삼호중학교(전라남도교육청)"
정동초등학교,"정동초등학교(강원특별자치도교육청), 정동초등학교(경상남도교육청)"
현곡초등학교,"현곡초등학교(부산광역시교육청), 현곡초등학교(경상북도교육청)"
불로중학교,"불로중학교(대구광역시교육청), 불로중학교(인천광역시교육청)"
용마초등학교,"용마초등학교(경기도교육청), 용마초등학교(경상남도교육청)"
성덕고등학교,"성덕고등학교(서울특별시교육청), 성덕고등학교(광주광역시교육청)"
서운중학교,"서운중학교(서울특별시교육청), 서운중학교(인천광역시교육청), 서운중학교(경기도교육청)"
대방중학교,"대방중학교(서울특별시교육청), 대방중학교(경상남도교육청)"
광명고등학교,"광명고등학교(부산광역시교육청), 광명고등학교(경기도교육청)"
대평중학교,"대평중학교(대구광역시교육청), 대평중학교(경기도교육청)"
양산중학교,"양산중학교(광주광역시교육청), 양산중학교(경상남도교육청)"
호계중학교,"호계중학교(울산광역시교육청), 호계중학교(경기도교육청), 호계중학교(경상남도교육청)"
중부초등학교,"중부초등학교(경기도교육청), 중부초등학교(경상남도교육청)"
예당고등학교,"예당고등학교(경기도교육청), 예당고등학교(전라남도교육청)"
사천중학교,"사천중학교(강원특별자치도교육청), 사천중학교(경상남도교육청)"
신촌초등학교,"신촌초등학교(부산광역시교육청), 신촌초등학교(경기도교육청), 신촌초등학교(충청남도교육청), 신촌초등학교(제주특별자치도교육청)"
금산초등학교,"금산초등학교(강원특별자치도교육청), 금산초등학교(충청남도교육청), 금산초등학교(전북특별자치도교육청), 금산초등학교(전라남도교육청), 금산초등학교(경상남도교육청), 금산초등학교(경상남도교육청)"
광성고등학교,"광성고등학교(서울특별시교육청), 광성고등학교(인천광역시교육청)"
동북초등학교,"동북초등학교(서울특별시교육청), 동북초등학교(전북특별자치도교육청)"
개운중학교,"개운중학교(서울특별시교육청), 개운중학교(경상남도교육청)"
신도중학교,"신도중학교(서울특별시교육청), 신도중학교(부산광역시교육청)"
명덕초등학교,"명덕초등학교(부산광역시교육청), 명덕초등학교(울산광역시교육청), 명덕초등학교(경기도교육청), 명덕초등학교(강원특별자치도교육청), 명덕초등학교(전라남도교육청), 명덕초등학교(경상남도교육청)"
화랑초등학교,"화랑초등학교(서울특별시교육청), 화랑초등학교(부산광역시교육청), 화랑초등학교(경기도교육청), 화랑초등학교(경상북도교육청)"
동양초등학교,"동양초등학교(부산광역시교육청), 동양초등학교(경기도교육청), 동양초등학교(전북특별자치도교육청), 동양초등학교(경상북도교육청)"
어룡초등학교,"어룡초등학교(광주광역시교육청), 어룡초등학교(경기도교육청)"
봉산초등학교,"봉산초등학교(광주광역시교육청), 봉산초등학교(충청남도교육청), 봉산초등학교(전라남도교육청), 봉산초등학교(경상남도교육청)"
사천초등학교,"사천초등학교(강원특별자치도교육청), 사천초등학교(충청북도교육청), 사천초등학교(경상남도교육청)"
웅천초등학교,"웅천초등학교(충청남도교육청), 웅천초등학교(전라남도교육청), 웅천초등학교(경상남도교육청)"
초전초등학교,"초전초등학교(경상북도교육청), 초전초등학교(경상남도교육청)"
안남초등학교,"안남초등학교(부산광역시교육청), 안남초등학교(충청북도교육청), 안남초등학교(경상남도교육청)"
민락초등학교,"민락초등학교(부산광역시교육청), 민락초등학교(경기도교육청)"
운봉초등학교,"운봉초등학교(부산광역시교육청), 운봉초등학교(전북특별자치도교육청)"
청량중학교,"청량중학교(서울특별시교육청), 청량중학교(인천광역시교육청), 청량중학교(울산광역시교육청), 청량중학교(경상북도교육청)"
증산초등학교,"증산초등학교(강원특별자치도교육청), 증산초등학교(경상남도교육청)"
경원중학교,"경원중학교(서울특별시교육청), 경원중학교(경상남도교육청)"
대명중학교,"대명중학교(서울특별시교육청), 대명중학교(대구광역시교육청), 대명중학교(충청남도교육청)"
삼정중학교,"삼정중학교(서울특별시교육청), 삼정중학교(경상남도교육청)"
안민초등학교,"안민초등학교(부산광역시교육청), 안민초등학교(경상남도교육청)"
온천초등학교,"온천초등학교(부산광역시교육청), 온천초등학교(경상남도교육청)"
가야초등학교,"가야초등학교(부산광역시교육청), 가야초등학교(경상남도교육청)"
금곡초등학교,"금곡초등학교(부산광역시교육청), 금곡초등학교(충청남도교육청), 금곡초등학교(경상남도교육청)"
운암고등학교,"운암고등학교(대구광역시교육청), 운암고등학교(경기도교육청)"
상원중학교,"상원중학교(서울특별시교육청), 상원중학교(대구광역시교육청)"
성지중학교,"성지중학교(대구광역시교육청), 성지중학교(경기도교육청)"
신기중학교,"신기중학교(대구광역시교육청), 신기중학교(경기도교육청)"
용두초등학교,"용두초등학교(광주광역시교육청), 용두초등학교(경기도교육청), 용두초등학교(충청북도교육청)"
태봉초등학교,"태봉초등학교(광주광역시교육청), 태봉초등학교(경기도교육청), 태봉초등학교(강원특별자치도교육청), 태봉초등학교(전북특별자치도교육청)"
상일중학교,"상일중학교(서울특별시교육청), 상일중학교(광주광역시교육청), 상일중학교(경기도교육청)"
운남중학교,"운남중학교(광주광역시교육청), 운남중학교(경상북도교육청)"
월봉초등학교,"월봉초등학교(광주광역시교육청), 월봉초등학교(울산광역시교육청)"
양지초등학교,"양지초등학교(광주광역시교육청), 양지초등학교(울산광역시교육청), 양지초등학교(세종특별자치시교육청)"
경안중학교,"경안중학교(경기도교육청), 경안중학교(경상북도교육청)"
송양초등학교,"송양초등학교(경기도교육청), 송양초등학교(강원특별자치도교육청)"
옥동초등학교,"옥동초등학교(울산광역시교육청), 옥동초등학교(강원특별자치도교육청), 옥동초등학교(충청북도교육청)"
이서초등학교,"이서초등학교(전북특별자치도교육청), 이서초등학교(경상북도교육청)"
수남초등학교,"수남초등학교(경기도교육청), 수남초등학교(전북특별자치도교육청), 수남초등학교(경상남도교육청)"
군서초등학교,"군서초등학교(경기도교육청), 군서초등학교(충청북도교육청), 군서초등학교(전라남도교육청)"
비전고등학교,"비전고등학교(경기도교육청), 비전고등학교(충청남도교육청)"
연서초등학교,"연서초등학교(부산광역시교육청), 연서초등학교(세종특별자치시교육청), 연서초등학교(경기도교육청)"
화원고등학교,"화원고등학교(대구광역시교육청), 화원고등학교(전라남도교육청)"
우신고등학교,"우신고등학교(서울특별시교육청), 우신고등학교(울산광역시교육청)"
영동중학교,"영동중학교(서울특별시교육청), 영동중학교(경기도교육청), 영동중학교(충청북도교육청), 영동중학교(경상북도교육청)"
동원중학교,"동원중학교(서울특별시교육청), 동원중학교(대구광역시교육청), 동원중학교(경상남도교육청)"
월계중학교,"월계중학교(서울특별시교육청), 월계중학교(광주광역시교육청)"
수성초등학교,"수성초등학교(부산광역시교육청), 수성초등학교(경기도교육청), 수성초등학교(충청북도교육청)"
장전초등학교,"장전초등학교(부산광역시교육청), 장전초등학교(제주특별자치도교육청)"
백양초등학교,"백양초등학교(부산광역시교육청), 백양초등학교(울산광역시교육청), 백양초등학교(경기도교육청), 백양초등학교(전라남도교육청)"
다송초등학교,"다송초등학교(부산광역시교육청), 다송초등학교(전북특별자치도교육청)"
응봉초등학교,"응봉초등학교(부산광역시교육청), 응봉초등학교(충청남도교육청)"
신곡중학교,"신곡중학교(부산광역시교육청), 신곡중학교(경기도교육청)"
남천초등학교,"남천초등학교(부산광역시교육청), 남천초등학교(충청북도교육청), 남천초등학교(경상북도교육청)"
수영초등학교,"수영초등학교(부산광역시교육청), 수영초등학교(경기도교육청)"
충렬초등학교,"충렬초등학교(부산광역시교육청), 충렬초등학교(경상남도교육청)"
신정초등학교,"신정초등학교(부산광역시교육청), 신정초등학교(울산광역시교육청)"
영천중학교,"영천중학교(광주광역시교육청), 영천중학교(경상북도교육청), 영천중학교(경상남도교육청)"
한울초등학교,"한울초등학교(광주광역시교육청), 한울초등학교(경기도교육청), 한울초등학교(충청남도교육청)"
와동초등학교,"와동초등학교(대전광역시교육청), 와동초등학교(경기도교육청)"
영동초등학교,"영동초등학교(경기도교육청), 영동초등학교(강원특별자치도교육청), 영동초등학교(충청북도교육청)"
도촌초등학교,"도촌초등학교(경기도교육청), 도촌초등학교(강원특별자치도교육청), 도촌초등학교(경상북도교육청)"
영광중학교,"영광중학교(전라남도교육청), 영광중학교(경상북도교육청)"
진영고등학교,"진영고등학교(경기도교육청), 진영고등학교(경상남도교육청)"
남강초등학교,"남강초등학교(강원특별자치도교육청), 남강초등학교(경상남도교육청)"
신양초등학교,"신양초등학교(경기도교육청), 신양초등학교(충청남도교육청), 신양초등학교(경상남도교육청)"
효천초등학교,"효천초등학교(광주광역시교육청), 효천초등학교(경기도교육청)"
삼성여자고등학교,"삼성여자고등학교(부산광역시교육청), 삼성여자고등학교(제주특별자치도교육청)"
대천초등학교,"대천초등학교(부산광역시교육청), 대천초등학교(충청남도교육청)"
용당초등학교,"용당초등학교(부산광역시교육청), 용당초등학교(전라남도교육청)"
내산초등학교,"내산초등학교(부산광역시교육청), 내산초등학교(충청남도교육청)"
대신초등학교,"대신초등학교(부산광역시교육청), 대신초등학교(경기도교육청)"
아미초등학교,"아미초등학교(부산광역시교육청), 아미초등학교(경기도교육청)"
중리초등학교,"중리초등학교(부산광역시교육청), 중리초등학교(경상남도교육청)"
호계초등학교,"호계초등학교(울산광역시교육청), 호계초등학교(경기도교육청), 호계초등학교(충청남도교육청), 호계초등학교(경상북도교육청), 호계초등학교(경상남도교육청)"
상도중학교,"상도중학교(서울특별시교육청), 상도중학교(경기도교육청), 상도중학교(경상북도교육청)"
창북중학교,"창북중학교(서울특별시교육청), 창북중학교(경상남도교육청)"
연천중학교,"연천중학교(서울특별시교육청), 연천중학교(부산광역시교육청), 연천중학교(경기도교육청)"
월곡중학교,"월곡중학교(서울특별시교육청), 월곡중학교(광주광역시교육청)"
용호중학교,"용호중학교(부산광역시교육청), 용호중학교(경기도교육청)"
신천초등학교,"신천초등학교(부산광역시교육청), 신천초등학교(울산광역시교육청), 신천초등학교(경기도교육청), 신천초등학교(강원특별자치도교육청), 신천초등학교(경상남도교육청)"
신남초등학교,"신남초등학교(부산광역시교육청), 신남초등학교(경기도교육청), 신남초등학교(강원특별자치도교육청)"
동명고등학교,"동명고등학교(광주광역시교육청), 동명고등학교(경상북도교육청)"
금당중학교,"금당중학교(광주광역시교육청), 금당중학교(전라남도교육청)"
운천초등학교,"운천초등학교(광주광역시교육청), 운천초등학교(경기도교육청), 운천초등학교(충청북도교육청)"
화개초등학교,"화개초등학교(광주광역시교육청), 화개초등학교(경상남도교육청)"
기성초등학교,"기성초등학교(대전광역시교육청), 기성초등학교(경상북도교육청), 기성초등학교(경상남도교육청)"
관기초등학교,"관기초등학교(충청북도교육청), 관기초등학교(전라남도교육청)"
도원초등학교,"도원초등학교(경기도교육청), 도원초등학교(전라남도교육청), 도원초등학교(경상북도교육청)"
월성초등학교,"월성초등학교(전북특별자치도교육청), 월성초등학교(경상북도교육청), 월성초등학교(경상남도교육청)"
인평초등학교,"인평초등학교(경상북도교육청), 인평초등학교(경상남도교육청)"
덕성초등학교,"덕성초등학교(부산광역시교육청), 덕성초등학교(경기도교육청), 덕성초등학교(충청북도교육청)"
청담고등학교,"청담고등학교(서울특별시교육청), 청담고등학교(경기도교육청)"
청룡초등학교,"청룡초등학교(부산광역시교육청), 청룡초등학교(경기도교육청), 청룡초등학교(충청북도교육청), 청룡초등학교(충청남도교육청)"
신라중학교,"신라중학교(부산광역시교육청), 신라중학교(경상북도교육청)"
동평초등학교,"동평초등학교(부산광역시교육청), 동평초등학교(울산광역시교육청)"
장평중학교,"장평중학교(서울특별시교육청), 장평중학교(부산광역시교육청)"
신곡초등학교,"신곡초등학교(부산광역시교육청), 신곡초등학교(경기도교육청)"
학산중학교,"학산중학교(대구광역시교육청), 학산중학교(충청북도교육청), 학산중학교(전북특별자치도교육청)"
고산중학교,"고산중학교(대구광역시교육청), 고산중학교(전북특별자치도교육청), 고산중학교(제주특별자치도교육청)"
일동중학교,"일동중학교(광주광역시교육청), 일동중학교(경기도교육청)"
삼정초등학교,"삼정초등학교(광주광역시교육청), 삼정초등학교(울산광역시교육청)"
신창초등학교,"신창초등학교(광주광역시교육청), 신창초등학교(충청남도교육청), 신창초등학교(제주특별자치도교육청)"
천곡초등학교,"천곡초등학교(울산광역시교육청), 천곡초등학교(강원특별자치도교육청)"
무안초등학교,"무안초등학교(전라남도교육청), 무안초등학교(경상남도교육청)"
웅천고등학교,"웅천고등학교(충청남도교육청), 웅천고등학교(경상남도교육청)"
구산초등학교,"구산초등학교(충청남도교육청), 구산초등학교(경상남도교육청), 구산초등학교(경상남도교육청)"
월산초등학교,"월산초등학교(전라남도교육청), 월산초등학교(경상남도교육청)"
내서중학교,"내서중학교(경상북도교육청), 내서중학교(경상남도교육청)"
덕산초등학교,"덕산초등학교(충청남도교육청), 덕산초등학교(경상북도교육청), 덕산초등학교(경상남도교육청), 덕산초등학교(경상남도교육청)"
능동초등학교,"능동초등학교(경기도교육청), 능동초등학교(경상남도교육청)"
서광초등학교,"서광초등학교(광주광역시교육청), 서광초등학교(제주특별자치도교육청)"
상당초등학교,"상당초등학교(부산광역시교육청), 상당초등학교(충청북도교육청)"
주촌초등학교,"주촌초등학교(충청남도교육청), 주촌초등학교(경상남도교육청)"
청담중학교,"청담중학교(서울특별시교육청), 청담중학교(경기도교육청)"
강남중학교,"강남중학교(서울특별시교육청), 강남중학교(인천광역시교육청)"
대남초등학교,"대남초등학교(부산광역시교육청), 대남초등학교(경기도교육청), 대남초등학교(충청남도교육청)"
금정중학교,"금정중학교(부산광역시교육청), 금정중학교(경기도교육청)"
부곡초등학교,"부곡초등학교(부산광역시교육청), 부곡초등학교(경상남도교육청)"
거제초등학교,"거제초등학교(부산광역시교육청), 거제초등학교(경상남도교육청)"
양동초등학교,"양동초등학교(부산광역시교육청), 양동초등학교(경기도교육청), 양동초등학교(경상북도교육청)"
연산초등학교,"연산초등학교(부산광역시교육청), 연산초등학교(충청남도교육청)"
연일초등학교,"연일초등학교(부산광역시교육청), 연일초등학교(경상북도교육청)"
창신초등학교,"창신초등학교(부산광역시교육청), 창신초등학교(경기도교육청), 창신초등학교(충청북도교육청)"
동주초등학교,"동주초등학교(부산광역시교육청), 동주초등학교(충청북도교육청)"
서천초등학교,"서천초등학교(부산광역시교육청), 서천초등학교(경기도교육청), 서천초등학교(충청남도교육청)"
수성중학교,"수성중학교(대구광역시교육청), 수성중학교(경기도교육청)"
성곡중학교,"성곡중학교(대구광역시교육청), 성곡중학교(경기도교육청)"
신암초등학교,"신암초등학교(광주광역시교육청), 신암초등학교(충청남도교육청)"
대덕초등학교,"대덕초등학교(대전광역시교육청), 대덕초등학교(경기도교육청), 대덕초등학교(충청남도교육청), 대덕초등학교(전북특별자치도교육청), 대덕초등학교(전라남도교육청), 대덕초등학교(경상북도교육청)"
한솔고등학교,"한솔고등학교(세종특별자치시교육청), 한솔고등학교(경기도교육청)"
상일초등학교,"상일초등학교(경기도교육청), 상일초등학교(경상남도교육청)"
연무중학교,"연무중학교(경기도교육청), 연무중학교(충청남도교육청)"
수지초등학교,"수지초등학교(경기도교육청), 수지초등학교(전북특별자치도교육청)"
효자초등학교,"효자초등학교(경기도교육청), 효자초등학교(경상북도교육청)"
신길중학교,"신길중학교(서울특별시교육청), 신길중학교(경기도교육청)"
안성초등학교,"안성초등학교(경기도교육청), 안성초등학교(전북특별자치도교육청)"
풍산고등학교,"풍산고등학교(경기도교육청), 풍산고등학교(경상북도교육청)"
구미초등학교,"구미초등학교(경기도교육청), 구미초등학교(경상북도교육청)"
봉곡중학교,"봉곡중학교(경상북도교육청), 봉곡중학교(경상남도교육청)"
성호초등학교,"성호초등학교(경기도교육청), 성호초등학교(경상남도교육청)"
상북초등학교,"상북초등학교(울산광역시교육청), 상북초등학교(경상남도교육청), 상북초등학교(경상남도교육청)"
남정초등학교,"남정초등학교(경상북도교육청), 남정초등학교(경상남도교육청), 남정초등학교(경상남도교육청)"
가양초등학교,"가양초등학교(경기도교육청), 가양초등학교(경상남도교육청)"
대영고등학교,"대영고등학교(서울특별시교육청), 대영고등학교(경상북도교육청)"
보성초등학교,"보성초등학교(충청남도교육청), 보성초등학교(전북특별자치도교육청), 보성초등학교(전라남도교육청), 보성초등학교(제주특별자치도교육청)"
옥정중학교,"옥정중학교(서울특별시교육청), 옥정중학교(경기도교육청)"
산서초등학교,"산서초등학교(대전광역시교육청), 산서초등학교(전북특별자치도교육청)"
양동중학교,"양동중학교(서울특별시교육청), 양동중학교(경기도교육청)"
삼성중학교,"삼성중학교(서울특별시교육청), 삼성중학교(부산광역시교육청), 삼성중학교(경기도교육청), 삼성중학교(충청북도교육청), 삼성중학교(경상북도교육청), 삼성중학교(경상남도교육청)"
덕산중학교,"덕산중학교(서울특별시교육청), 덕산중학교(경기도교육청), 덕산중학교(충청북도교육청), 덕산중학교(충청남도교육청), 덕산중학교(경상남도교육청)"
용강중학교,"용강중학교(서울특별시교육청), 용강중학교(충청남도교육청)"
용문중학교,"용문중학교(서울특별시교육청), 용문중학교(부산광역시교육청), 용문중학교(경기도교육청), 용문중학교(경상북도교육청)"
부곡중학교,"부곡중학교(부산광역시교육청), 부곡중학교(경상남도교육청)"
낙민초등학교,"낙민초등학교(부산광역시교육청), 낙민초등학교(경기도교육청)"
명륜초등학교,"명륜초등학교(부산광역시교육청), 명륜초등학교(강원특별자치도교육청)"
백양중학교,"백양중학교(부산광역시교육청), 백양중학교(경기도교육청)"
감천중학교,"감천중학교(부산광역시교육청), 감천중학교(경상북도교육청)"
사동초등학교,"사동초등학교(부산광역시교육청), 사동초등학교(경기도교육청), 사동초등학교(경상북도교육청)"
신도초등학교,"신도초등학교(부산광역시교육청), 신도초등학교(경기도교육청), 신도초등학교(충청남도교육청)"
삼산고등학교,"삼산고등학교(인천광역시교육청), 삼산고등학교(울산광역시교육청)"
월곡초등학교,"월곡초등학교(광주광역시교육청), 월곡초등학교(경상북도교육청)"
현대고등학교,"현대고등학교(서울특별시교육청), 현대고등학교(울산광역시교육청)"
원일초등학교,"원일초등학교(경기도교육청), 원일초등학교(경기도교육청)"
고산초등학교,"고산초등학교(경기도교육청), 고산초등학교(강원특별자치도교육청), 고산초등학교(충청남도교육청), 고산초등학교(전북특별자치도교육청), 고산초등학교(제주특별자치도교육청)"
덕계초등학교,"덕계초등학교(경기도교육청), 덕계초등학교(경상남도교육청)"
대흥초등학교,"대흥초등학교(충청남도교육청), 대흥초등학교(전북특별자치도교육청), 대흥초등학교(경상남도교육청)"
남평초등학교,"남평초등학교(강원특별자치도교육청), 남평초등학교(충청북도교육청), 남평초등학교(전라남도교육청)"
쌍봉초등학교,"쌍봉초등학교(충청북도교육청), 쌍봉초등학교(전라남도교육청)"
세화고등학교,"세화고등학교(서울특별시교육청), 세화고등학교(경상북도교육청), 세화고등학교(제주특별자치도교육청)"
북삼초등학교,"북삼초등학교(강원특별자치도교육청), 북삼초등학교(경상북도교육청)"
영일중학교,"영일중학교(경기도교육청), 영일중학교(경상북도교육청)"
봉명초등학교,"봉명초등학교(충청북도교육청), 봉명초등학교(경상남도교육청)"
명서초등학교,"명서초등학교(부산광역시교육청), 명서초등학교(경상남도교육청)"
성주초등학교,"성주초등학교(경기도교육청), 성주초등학교(충청남도교육청), 성주초등학교(경상북도교육청), 성주초등학교(경상남도교육청)"
덕정초등학교,"덕정초등학교(경기도교육청), 덕정초등학교(경상남도교육청)"
진영중학교,"진영중학교(경기도교육청), 진영중학교(경상남도교육청)"
장천초등학교,"장천초등학교(경기도교육청), 장천초등학교(전라남도교육청), 장천초등학교(경상북도교육청), 장천초등학교(경상남도교육청)"
사남초등학교,"사남초등학교(부산광역시교육청), 사남초등학교(경상남도교육청)"
대화고등학교,"대화고등학교(경기도교육청), 대화고등학교(강원특별자치도교육청)"
매곡초등학교,"매곡초등학교(광주광역시교육청), 매곡초등학교(울산광역시교육청), 매곡초등학교(충청북도교육청)"
운양초등학교,"운양초등학교(경기도교육청), 운양초등학교(강원특별자치도교육청)"
아라초등학교,"아라초등학교(경상남도교육청), 아라초등학교(제주특별자치도교육청)"
남명초등학교,"남명초등학교(부산광역시교육청), 남명초등학교(경상남도교육청)"
오산고등학교,"오산고등학교(서울특별시교육청), 오산고등학교(경기도교육청)"
장안중학교,"장안중학교(서울특별시교육청), 장안중학교(부산광역시교육청), 장안중학교(경기도교육청)"
경원고등학교,"경원고등학교(부산광역시교육청), 경원고등학교(대구광역시교육청)"
남성초등학교,"남성초등학교(부산광역시교육청), 남성초등학교(충청북도교육청), 남성초등학교(경상북도교육청), 남성초등학교(경상북도교육청)"
선암초등학교,"선암초등학교(부산광역시교육청), 선암초등학교(울산광역시교육청)"
구남중학교,"구남중학교(부산광역시교육청), 구남중학교(대구광역시교육청)"
포천초등학교,"포천초등학교(부산광역시교육청), 포천초등학교(경기도교육청)"
토성초등학교,"토성초등학교(부산광역시교육청), 토성초등학교(강원특별자치도교육청)"
무정초등학교,"무정초등학교(부산광역시교육청), 무정초등학교(전라남도교육청)"
동도중학교,"동도중학교(서울특별시교육청), 동도중학교(대구광역시교육청)"
대곡고등학교,"대곡고등학교(대구광역시교육청), 대곡고등학교(경상남도교육청)"
대진중학교,"대진중학교(대구광역시교육청), 대진중학교(강원특별자치도교육청)"
갈산중학교,"갈산중학교(인천광역시교육청), 갈산중학교(충청남도교육청)"
마지초등학교,"마지초등학교(광주광역시교육청), 마지초등학교(경기도교육청)"
진월초등학교,"진월초등학교(광주광역시교육청), 진월초등학교(전라남도교육청)"
문현초등학교,"문현초등학교(부산광역시교육청), 문현초등학교(울산광역시교육청)"
서현중학교,"서현중학교(경기도교육청), 서현중학교(충청북도교육청)"
산양초등학교,"산양초등학교(경기도교육청), 산양초등학교(강원특별자치도교육청), 산양초등학교(경상북도교육청), 산양초등학교(경상남도교육청)"
정평초등학교,"정평초등학교(경기도교육청), 정평초등학교(경상북도교육청)"
율곡중학교,"율곡중학교(경기도교육청), 율곡중학교(강원특별자치도교육청), 율곡중학교(경상북도교육청)"
장성초등학교,"장성초등학교(경기도교육청), 장성초등학교(강원특별자치도교육청), 장성초등학교(경상북도교육청)"
양덕중학교,"양덕중학교(강원특별자치도교육청), 양덕중학교(경상북도교육청), 양덕중학교(경상남도교육청)"
용남중학교,"용남중학교(충청남도교육청), 용남중학교(경상남도교육청)"
내동초등학교,"내동초등학교(경기도교육청), 내동초등학교(경상남도교육청), 내동초등학교(경상남도교육청)"
토월초등학교,"토월초등학교(경기도교육청), 토월초등학교(경상남도교육청)"
황산초등학교,"황산초등학교(전북특별자치도교육청), 황산초등학교(전라남도교육청), 황산초등학교(경상남도교육청)"
지사중학교,"지사중학교(부산광역시교육청), 지사중학교(전북특별자치도교육청)"
예당중학교,"예당중학교(경기도교육청), 예당중학교(전라남도교육청)"
웅천중학교,"웅천중학교(충청남도교육청), 웅천중학교(경상남도교육청)"
가남초등학교,"가남초등학교(부산광역시교육청), 가남초등학교(경기도교육청), 가남초등학교(충청남도교육청), 가남초등학교(경상남도교육청)"
월계초등학교,"월계초등학교(광주광역시교육청), 월계초등학교(울산광역시교육청)"
백운초등학교,"백운초등학교(부산광역시교육청), 백운초등학교(경기도교육청), 백운초등학교(충청북도교육청), 백운초등학교(전북특별자치도교육청)"
성북초등학교,"성북초등학교(부산광역시교육청), 성북초등학교(강원특별자치도교육청), 성북초등학교(전북특별자치도교육청)"
영도초등학교,"영도초등학교(부산광역시교육청), 영도초등학교(경기도교육청)"
반석초등학교,"반석초등학교(부산광역시교육청), 반석초등학교(경기도교육청)"
동진초등학교,"동진초등학교(전북특별자치도교육청), 동진초등학교(경상남도교육청)"
용원초등학교,"용원초등학교(충청북도교육청), 용원초등학교(경상남도교육청)"
동광초등학교,"동광초등학교(서울특별시교육청), 동광초등학교(강원특별자치도교육청), 동광초등학교(충청북도교육청), 동광초등학교(제주특별자치도교육청)"
성전초등학교,"성전초등학교(부산광역시교육청), 성전초등학교(전라남도교육청)"
논곡중학교,"논곡중학교(인천광역시교육청), 논곡중학교(경기도교육청)"
인주중학교,"인주중학교(인천광역시교육청), 인주중학교(충청남도교육청)"
원당중학교,"원당중학교(인천광역시교육청), 원당중학교(경기도교육청), 원당중학교(충청남도교육청)"
미산초등학교,"미산초등학교(광주광역시교육청), 미산초등학교(충청남도교육청)"
송우초등학교,"송우초등학교(광주광역시교육청), 송우초등학교(경기도교육청)"
학성초등학교,"학성초등학교(울산광역시교육청), 학성초등학교(강원특별자치도교육청), 학성초등학교(충청북도교육청)"
판교중학교,"판교중학교(경기도교육청), 판교중학교(충청남도교육청)"
구정초등학교,"구정초등학교(강원특별자치도교육청), 구정초등학교(충청북도교육청), 구정초등학교(경상북도교육청)"
해안초등학교,"해안초등학교(강원특별자치도교육청), 해안초등학교(제주특별자치도교육청)"
사창초등학교,"사창초등학교(경기도교육청), 사창초등학교(전라남도교육청)"
입암초등학교,"입암초등학교(전북특별자치도교육청), 입암초등학교(경상북도교육청)"
신안초등학교,"신안초등학교(경기도교육청), 신안초등학교(경상남도교육청), 신안초등학교(경상남도교육청)"
진주초등학교,"진주초등학교(강원특별자치도교육청), 진주초등학교(경상남도교육청)"
자은초등학교,"자은초등학교(전라남도교육청), 자은초등학교(경상남도교육청)"
안덕중학교,"안덕중학교(경상북도교육청), 안덕중학교(제주특별자치도교육청)"
봉화중학교,"봉화중학교(서울특별시교육청), 봉화중학교(경상북도교육청)"
한천초등학교,"한천초등학교(충청북도교육청), 한천초등학교(전라남도교육청), 한천초등학교(제주특별자치도교육청)"
청동초등학교,"청동초등학교(부산광역시교육청), 청동초등학교(충청남도교육청)"
산외초등학교,"산외초등학교(전북특별자치도교육청), 산외초등학교(경상남도교육청)"
월포초등학교,"월포초등학교(경기도교육청), 월포초등학교(경상북도교육청), 월포초등학교(경상남도교육청)"
신방초등학교,"신방초등학교(충청남도교육청), 신방초등학교(경상남도교육청)"
대원고등학교,"대원고등학교(서울특별시교육청), 대원고등학교(대구광역시교육청)"
성수고등학교,"성수고등학교(서울특별시교육청), 성수고등학교(강원특별자치도교육청)"
금곡중학교,"금곡중학교(부산광역시교육청), 금곡중학교(경기도교육청), 금곡중학교(경상남도교육청)"
모동초등학교,"모동초등학교(부산광역시교육청), 모동초등학교(경상북도교육청)"
인지중학교,"인지중학교(부산광역시교육청), 인지중학교(충청남도교육청)"
신흥중학교,"신흥중학교(인천광역시교육청), 신흥중학교(경기도교육청), 신흥중학교(경상북도교육청)"
연성중학교,"연성중학교(인천광역시교육청), 연성중학교(경기도교육청)"
청천중학교,"청천중학교(인천광역시교육청), 청천중학교(충청북도교육청)"
유촌초등학교,"유촌초등학교(광주광역시교육청), 유촌초등학교(강원특별자치도교육청)"
양지고등학교,"양지고등학교(세종특별자치시교육청), 양지고등학교(경기도교육청)"
용문고등학교,"용문고등학교(서울특별시교육청), 용문고등학교(경기도교육청)"
인창중학교,"인창중학교(서울특별시교육청), 인창중학교(경기도교육청)"
상원초등학교,"상원초등학교(경기도교육청), 상원초등학교(경기도교육청)"
신풍초등학교,"신풍초등학교(경기도교육청), 신풍초등학교(충청남도교육청), 신풍초등학교(전라남도교육청)"
서원초등학교,"서원초등학교(경기도교육청), 서원초등학교(강원특별자치도교육청), 서원초등학교(충청북도교육청)"
흥덕중학교,"흥덕중학교(경기도교육청), 흥덕중학교(전북특별자치도교육청)"
옥계중학교,"옥계중학교(강원특별자치도교육청), 옥계중학교(경상북도교육청)"
조양초등학교,"조양초등학교(강원특별자치도교육청), 조양초등학교(강원특별자치도교육청)"
용봉초등학교,"용봉초등학교(충청남도교육청), 용봉초등학교(전북특별자치도교육청)"
옥계초등학교,"옥계초등학교(강원특별자치도교육청), 옥계초등학교(충청남도교육청), 옥계초등학교(경상북도교육청)"
성암초등학교,"성암초등학교(충청북도교육청), 성암초등학교(경상북도교육청)"
도천초등학교,"도천초등학교(경상남도교육청), 도천초등학교(경상남도교육청)"
대원초등학교,"대원초등학교(경기도교육청), 대원초등학교(경상남도교육청)"
도계초등학교,"도계초등학교(강원특별자치도교육청), 도계초등학교(경상남도교육청)"
대양초등학교,"대양초등학교(경기도교육청), 대양초등학교(경상남도교육청)"
일동초등학교,"일동초등학교(광주광역시교육청), 일동초등학교(경기도교육청), 일동초등학교(경상남도교육청)"
부림초등학교,"부림초등학교(경기도교육청), 부림초등학교(경상북도교육청), 부림초등학교(경상남도교육청)"
동해초등학교,"동해초등학교(강원특별자치도교육청), 동해초등학교(경상북도교육청), 동해초등학교(경상남도교육청)"
도평초등학교,"도평초등학교(경기도교육청), 도평초등학교(경상북도교육청), 도평초등학교(제주특별자치도교육청)"
북평중학교,"북평중학교(강원특별자치도교육청), 북평중학교(전라남도교육청)"
삼화초등학교,"삼화초등학교(강원특별자치도교육청), 삼화초등학교(제주특별자치도교육청)"
양성초등학교,"양성초등학교(부산광역시교육청), 양성초등학교(경기도교육청)"
효성초등학교,"효성초등학교(대구광역시교육청), 효성초등학교(경기도교육청)"
서천고등학교,"서천고등학교(경기도교육청), 서천고등학교(충청남도교육청)"
금천고등학교,"금천고등학교(서울특별시교육청), 금천고등학교(충청북도교육청), 금천고등학교(경상북도교육청)"
신남중학교,"신남중학교(서울특별시교육청), 신남중학교(강원특별자치도교육청)"
시흥중학교,"시흥중학교(서울특별시교육청), 시흥중학교(경기도교육청)"
신상중학교,"신상중학교(서울특별시교육청), 신상중학교(경상북도교육청)"
광양중학교,"광양중학교(서울특별시교육청), 광양중학교(전라남도교육청)"
대천중학교,"대천중학교(부산광역시교육청), 대천중학교(충청남도교육청)"
금정초등학교,"금정초등학교(부산광역시교육청), 금정초등학교(경기도교육청), 금정초등학교(전라남도교육청)"
내성초등학교,"내성초등학교(부산광역시교육청), 내성초등학교(강원특별자치도교육청), 내성초등학교(경상북도교육청)"
성지초등학교,"성지초등학교(부산광역시교육청), 성지초등학교(경기도교육청)"
상리초등학교,"상리초등학교(부산광역시교육청), 상리초등학교(경기도교육청), 상리초등학교(경상북도교육청), 상리초등학교(경상남도교육청)"
인지초등학교,"인지초등학교(부산광역시교육청), 인지초등학교(충청남도교육청)"
성당중학교,"성당중학교(대구광역시교육청), 성당중학교(전북특별자치도교육청)"
인제고등학교,"인제고등학교(인천광역시교육청), 인제고등학교(강원특별자치도교육청)"
부일중학교,"부일중학교(인천광역시교육청), 부일중학교(경기도교육청)"
진산중학교,"진산중학교(인천광역시교육청), 진산중학교(충청남도교육청)"
문화중학교,"문화중학교(광주광역시교육청), 문화중학교(경상북도교육청)"
신광중학교,"신광중학교(광주광역시교육청), 신광중학교(경상북도교육청)"
성안중학교,"성안중학교(울산광역시교육청), 성안중학교(경기도교육청)"
일산중학교,"일산중학교(울산광역시교육청), 일산중학교(경기도교육청)"
농소초등학교,"농소초등학교(울산광역시교육청), 농소초등학교(경상북도교육청)"
우정초등학교,"우정초등학교(울산광역시교육청), 우정초등학교(경기도교육청)"
용연초등학교,"용연초등학교(울산광역시교육청), 용연초등학교(경기도교육청), 용연초등학교(경상남도교육청)"
청솔초등학교,"청솔초등학교(울산광역시교육청), 청솔초등학교(경기도교육청)"
경화여자고등학교,"경화여자고등학교(대구광역시교육청), 경화여자고등학교(경기도교육청)"
광문고등학교,"광문고등학교(서울특별시교육청), 광문고등학교(경기도교육청)"
상동고등학교,"상동고등학교(경기도교육청), 상동고등학교(강원특별자치도교육청)"
삼일중학교,"삼일중학교(경기도교육청), 삼일중학교(강원특별자치도교육청)"
산남초등학교,"산남초등학교(경기도교육청), 산남초등학교(충청북도교육청)"
지산초등학교,"지산초등학교(경기도교육청), 지산초등학교(전라남도교육청), 지산초등학교(경상북도교육청)"
오산중학교,"오산중학교(서울특별시교육청), 오산중학교(경기도교육청)"
태안초등학교,"태안초등학교(경기도교육청), 태안초등학교(충청남도교육청)"
신평중학교,"신평중학교(경기도교육청), 신평중학교(충청남도교육청)"
솔빛초등학교,"솔빛초등학교(세종특별자치시교육청), 솔빛초등학교(경기도교육청)"
청덕초등학교,"청덕초등학교(경기도교육청), 청덕초등학교(경상남도교육청)"
원천초등학교,"원천초등학교(경기도교육청), 원천초등학교(강원특별자치도교육청), 원천초등학교(전북특별자치도교육청)"
안계초등학교,"안계초등학교(경상북도교육청), 안계초등학교(경상남도교육청)"
경상고등학교,"경상고등학교(대구광역시교육청), 경상고등학교(경상남도교육청)"
내동중학교,"내동중학교(경기도교육청), 내동중학교(경상남도교육청)"
삼계중학교,"삼계중학교(전북특별자치도교육청), 삼계중학교(전라남도교육청), 삼계중학교(경상남도교육청)"
무학초등학교,"무학초등학교(광주광역시교육청), 무학초등학교(경상남도교육청)"
상남초등학교,"상남초등학교(강원특별자치도교육청), 상남초등학교(경상남도교육청), 상남초등학교(경상남도교육청)"
대성초등학교,"대성초등학교(경기도교육청), 대성초등학교(경상남도교육청), 대성초등학교(경상남도교육청)"
서창초등학교,"서창초등학교(전라남도교육청), 서창초등학교(경상남도교육청)"
양산초등학교,"양산초등학교(경기도교육청), 양산초등학교(충청북도교육청), 양산초등학교(전라남도교육청), 양산초등학교(경상남도교육청)"
양곡초등학교,"양곡초등학교(경기도교육청), 양곡초등학교(경상남도교육청)"
도계중학교,"도계중학교(강원특별자치도교육청), 도계중학교(경상남도교육청)"
한마음초등학교,"한마음초등학교(경기도교육청), 한마음초등학교(제주특별자치도교육청)"
청림초등학교,"청림초등학교(경기도교육청), 청림초등학교(경상북도교육청)"
늘봄초등학교,"늘봄초등학교(세종특별자치시교육청), 늘봄초등학교(경기도교육청)"
오정초등학교,"오정초등학교(광주광역시교육청), 오정초등학교(경기도교육청)"
금구초등학교,"금구초등학교(광주광역시교육청), 금구초등학교(충청북도교육청), 금구초등학교(전북특별자치도교육청)"
하원초등학교,"하원초등학교(경기도교육청), 하원초등학교(제주특별자치도교육청)"
설악중학교,"설악중학교(경기도교육청), 설악중학교(강원특별자치도교육청)"
연천초등학교,"연천초등학교(부산광역시교육청), 연천초등학교(경기도교육청)"
시흥초등학교,"시흥초등학교(경기도교육청), 시흥초등학교(제주특별자치도교육청)"
관산초등학교,"관산초등학교(경기도교육청), 관산초등학교(전라남도교육청)"
신동중학교,"신동중학교(서울특별시교육청), 신동중학교(경상북도교육청)"
신명중학교,"신명중학교(서울특별시교육청), 신명중학교(충청북도교육청)"
신천중학교,"신천중학교(서울특별시교육청), 신천중학교(경기도교육청)"
화원중학교,"화원중학교(서울특별시교육청), 화원중학교(대구광역시교육청), 화원중학교(전라남도교육청)"
영남중학교,"영남중학교(서울특별시교육청), 영남중학교(부산광역시교육청), 영남중학교(대구광역시교육청)"
신양중학교,"신양중학교(서울특별시교육청), 신양중학교(경기도교육청), 신양중학교(충청남도교육청)"
양진중학교,"양진중학교(서울특별시교육청), 양진중학교(경기도교육청)"
가람중학교,"가람중학교(부산광역시교육청), 가람중학교(경기도교육청)"
용주초등학교,"용주초등학교(광주광역시교육청), 용주초등학교(경상남도교육청)"
장동초등학교,"장동초등학교(대전광역시교육청), 장동초등학교(전라남도교육청)"
봉암초등학교,"봉암초등학교(대전광역시교육청), 봉암초등학교(경기도교육청), 봉암초등학교(전북특별자치도교육청)"
신일중학교,"신일중학교(서울특별시교육청), 신일중학교(울산광역시교육청), 신일중학교(경기도교육청)"
대송중학교,"대송중학교(울산광역시교육청), 대송중학교(경기도교육청), 대송중학교(경상북도교육청)"
일산초등학교,"일산초등학교(울산광역시교육청), 일산초등학교(경기도교육청), 일산초등학교(강원특별자치도교육청)"
호연초등학교,"호연초등학교(울산광역시교육청), 호연초등학교(경기도교육청)"
영덕고등학교,"영덕고등학교(경기도교육청), 영덕고등학교(경상북도교육청)"
오남중학교,"오남중학교(서울특별시교육청), 오남중학교(경기도교육청)"
성남여자중학교,"성남여자중학교(경기도교육청), 성남여자중학교(경상북도교육청)"
서현초등학교,"서현초등학교(경기도교육청), 서현초등학교(충청북도교육청)"
동성중학교,"동성중학교(서울특별시교육청), 동성중학교(경기도교육청), 동성중학교(충청북도교육청)"
명인중학교,"명인중학교(경기도교육청), 명인중학교(경상북도교육청)"
산남중학교,"산남중학교(경기도교육청), 산남중학교(충청북도교육청)"
영덕중학교,"영덕중학교(경기도교육청), 영덕중학교(경상북도교육청)"
천천중학교,"천천중학교(경기도교육청), 천천중학교(전북특별자치도교육청)"
서원중학교,"서원중학교(경기도교육청), 서원중학교(강원특별자치도교육청), 서원중학교(충청북도교육청)"
홍천중학교,"홍천중학교(경기도교육청), 홍천중학교(강원특별자치도교육청)"
풍천초등학교,"풍천초등학교(경기도교육청), 풍천초등학교(제주특별자치도교육청)"
금오초등학교,"금오초등학교(경기도교육청), 금오초등학교(충청남도교육청), 금오초등학교(경상북도교육청), 금오초등학교(경상남도교육청)"
회룡초등학교,"회룡초등학교(경기도교육청), 회룡초등학교(강원특별자치도교육청)"
칠보중학교,"칠보중학교(경기도교육청), 칠보중학교(전북특별자치도교육청)"
서원고등학교,"서원고등학교(경기도교육청), 서원고등학교(충청북도교육청)"
성서초등학교,"성서초등학교(부산광역시교육청), 성서초등학교(경기도교육청)"
왕산초등학교,"왕산초등학교(경기도교육청), 왕산초등학교(강원특별자치도교육청)"
창호초등학교,"창호초등학교(강원특별자치도교육청), 창호초등학교(경상남도교육청)"
대강초등학교,"대강초등학교(충청북도교육청), 대강초등학교(전북특별자치도교육청)"
덕산고등학교,"덕산고등학교(경기도교육청), 덕산고등학교(충청남도교육청), 덕산고등학교(경상남도교육청)"
봉덕초등학교,"봉덕초등학교(충청북도교육청), 봉덕초등학교(전라남도교육청), 봉덕초등학교(경상남도교육청)"
하북초등학교,"하북초등학교(경상남도교육청), 하북초등학교(경상남도교육청)"
해운초등학교,"해운초등학교(경기도교육청), 해운초등학교(경상남도교육청)"
남양중학교,"남양중학교(경기도교육청), 남양중학교(경상남도교육청)"
가람초등학교,"가람초등학교(경기도교육청), 가람초등학교(경상남도교육청)"
배영초등학교,"배영초등학교(부산광역시교육청), 배영초등학교(경기도교육청), 배영초등학교(경상남도교육청)"
양곡중학교,"양곡중학교(경기도교육청), 양곡중학교(경상남도교육청)"
가좌초등학교,"가좌초등학교(경기도교육청), 가좌초등학교(경상남도교육청)"
봉명중학교,"봉명중학교(충청북도교육청), 봉명중학교(경상남도교육청)"
서호초등학교,"서호초등학교(경기도교육청), 서호초등학교(제주특별자치도교육청)"
서천중학교,"서천중학교(경기도교육청), 서천중학교(충청남도교육청)"
선유중학교,"선유중학교(서울특별시교육청), 선유중학교(경기도교육청)"
장흥중학교,"장흥중학교(전라남도교육청), 장흥중학교(경상북도교육청)"
위례초등학교,"위례초등학교(경기도교육청), 위례초등학교(충청남도교육청)"
동면초등학교,"동면초등학교(전라남도교육청), 동면초등학교(경상남도교육청)"
백운중학교,"백운중학교(서울특별시교육청), 백운중학교(경기도교육청), 백운중학교(충청북도교육청), 백운중학교(전북특별자치도교육청)"
금호중학교,"금호중학교(서울특별시교육청), 금호중학교(광주광역시교육청), 금호중학교(세종특별자치시교육청), 금호중학교(경상북도교육청)"
화봉초등학교,"화봉초등학교(울산광역시교육청), 화봉초등학교(경기도교육청)"
수산초등학교,"수산초등학교(충청북도교육청), 수산초등학교(경상남도교육청), 수산초등학교(제주특별자치도교육청)"
양사초등학교,"양사초등학교(인천광역시교육청), 양사초등학교(울산광역시교육청)"
선화여자중학교,"선화여자중학교(부산광역시교육청), 선화여자중학교(인천광역시교육청)"
송도중학교,"송도중학교(부산광역시교육청), 송도중학교(인천광역시교육청), 송도중학교(경상북도교육청)"
한산중학교,"한산중학교(서울특별시교육청), 한산중학교(충청남도교육청), 한산중학교(경상남도교육청)"
삼덕초등학교,"삼덕초등학교(부산광역시교육청), 삼덕초등학교(경기도교육청)"
대교초등학교,"대교초등학교(부산광역시교육청), 대교초등학교(경상북도교육청)"
서부초등학교,"서부초등학교(울산광역시교육청), 서부초등학교(경기도교육청), 서부초등학교(강원특별자치도교육청), 서부초등학교(충청남도교육청)"
동부중학교,"동부중학교(경기도교육청), 동부중학교(경상남도교육청)"
유현초등학교,"유현초등학교(경기도교육청), 유현초등학교(강원특별자치도교육청)"
송림초등학교,"송림초등학교(경기도교육청), 송림초등학교(충청남도교육청), 송림초등학교(경상북도교육청)"
천천초등학교,"천천초등학교(경기도교육청), 천천초등학교(전북특별자치도교육청)"
고덕초등학교,"고덕초등학교(경기도교육청), 고덕초등학교(충청남도교육청)"
성지고등학교,"성지고등학교(부산광역시교육청), 성지고등학교(경기도교육청)"
나산초등학교,"나산초등학교(경기도교육청), 나산초등학교(전라남도교육청), 나산초등학교(경상북도교육청)"
상봉초등학교,"상봉초등학교(경기도교육청), 상봉초등학교(충청북도교육청)"
풍양중학교,"풍양중학교(경기도교육청), 풍양중학교(경상북도교육청)"
북평초등학교,"북평초등학교(강원특별자치도교육청), 북평초등학교(강원특별자치도교육청), 북평초등학교(전라남도교육청)"
청계초등학교,"청계초등학교(경기도교육청), 청계초등학교(전라남도교육청)"
장곡초등학교,"장곡초등학교(경기도교육청), 장곡초등학교(충청남도교육청), 장곡초등학교(경상북도교육청)"
진성초등학교,"진성초등학교(경상북도교육청), 진성초등학교(경상남도교육청)"
신광초등학교,"신광초등학교(서울특별시교육청), 신광초등학교(충청남도교육청), 신광초등학교(전라남도교육청), 신광초등학교(경상북도교육청), 신광초등학교(제주특별자치도교육청)"
매산초등학교,"매산초등학교(울산광역시교육청), 매산초등학교(경기도교육청), 매산초등학교(강원특별자치도교육청), 매산초등학교(전북특별자치도교육청)"
화도초등학교,"화도초등학교(인천광역시교육청), 화도초등학교(경기도교육청)"
신원중학교,"신원중학교(서울특별시교육청), 신원중학교(경기도교육청)"
금당초등학교,"금당초등학교(광주광역시교육청), 금당초등학교(경기도교육청), 금당초등학교(충청남도교육청), 금당초등학교(전라남도교육청)"
계수초등학교,"계수초등학교(광주광역시교육청), 계수초등학교(경기도교육청)"
수원초등학교,"수원초등학교(경기도교육청), 수원초등학교(제주특별자치도교육청)"
신북초등학교,"신북초등학교(경기도교육청), 신북초등학교(전라남도교육청)"
상진초등학교,"상진초등학교(울산광역시교육청), 상진초등학교(충청북도교육청)"
연곡초등학교,"연곡초등학교(경기도교육청), 연곡초등학교(강원특별자치도교육청)"
온정초등학교,"온정초등학교(강원특별자치도교육청), 온정초등학교(경상북도교육청)"
강현중학교,"강현중학교(서울특별시교육청), 강현중학교(강원특별자치도교육청)"
경수중학교,"경수중학교(서울특별시교육청), 경수중학교(경기도교육청)"
개화초등학교,"개화초등학교(부산광역시교육청), 개화초등학교(충청남도교육청)"
학성중학교,"학성중학교(울산광역시교육청), 학성중학교(강원특별자치도교육청)"
계남초등학교,"계남초등학교(경기도교육청), 계남초등학교(전북특별자치도교육청)"
문정중학교,"문정중학교(서울특별시교육청), 문정중학교(경기도교육청)"
예당초등학교,"예당초등학교(경기도교육청), 예당초등학교(전라남도교육청)"
죽리초등학교,"죽리초등학교(강원특별자치도교육청), 죽리초등학교(충청북도교육청)"
청운초등학교,"청운초등학교(경기도교육청), 청운초등학교(강원특별자치도교육청), 청운초등학교(전북특별자치도교육청)"
장수초등학교,"장수초등학교(전북특별자치도교육청), 장수초등학교(경상북도교육청)"
용남고등학교,"용남고등학교(충청남도교육청), 용남고등학교(경상남도교육청)"
우산초등학교,"우산초등학교(강원특별자치도교육청), 우산초등학교(경상남도교육청)"
지도초등학교,"지도초등학교(경기도교육청), 지도초등학교(전라남도교육청)"
장곡중학교,"장곡중학교(경기도교육청), 장곡중학교(경상북도교육청)"
의신중학교,"의신중학교(전라남도교육청), 의신중학교(경상남도교육청)"
군북초등학교,"군북초등학교(충청남도교육청), 군북초등학교(경상남도교육청)"
충무초등학교,"충무초등학교(충청남도교육청), 충무초등학교(경상남도교육청)"
중산초등학교,"중산초등학교(울산광역시교육청), 중산초등학교(경기도교육청)"
은석초등학교,"은석초등학교(서울특별시교육청), 은석초등학교(충청남도교육청)"
대광초등학교,"대광초등학교(서울특별시교육청), 대광초등학교(경기도교육청)"
구평초등학교,"구평초등학교(부산광역시교육청), 구평초등학교(경상북도교육청)"
성사중학교,"성사중학교(서울특별시교육청), 성사중학교(경기도교육청)"
성신여자중학교,"성신여자중학교(서울특별시교육청), 성신여자중학교(경상북도교육청)"
계성초등학교,"계성초등학교(서울특별시교육청), 계성초등학교(대구광역시교육청), 계성초등학교(경기도교육청), 계성초등학교(충청남도교육청)"
용암초등학교,"용암초등학교(부산광역시교육청), 용암초등학교(강원특별자치도교육청), 용암초등학교(충청북도교육청)"
동광중학교,"동광중학교(인천광역시교육청), 동광중학교(경기도교육청), 동광중학교(강원특별자치도교육청)"
옥성초등학교,"옥성초등학교(울산광역시교육청), 옥성초등학교(경상북도교육청)"
고암초등학교,"고암초등학교(경기도교육청), 고암초등학교(경상남도교육청)"
상하초등학교,"상하초등학교(경기도교육청), 상하초등학교(전북특별자치도교육청)"
진안중학교,"진안중학교(경기도교육청), 진안중학교(전북특별자치도교육청)"
대경중학교,"대경중학교(서울특별시교육청), 대경중학교(경기도교육청)"
진안초등학교,"진안초등학교(경기도교육청), 진안초등학교(전북특별자치도교육청)"
석성초등학교,"석성초등학교(경기도교육청), 석성초등학교(충청북도교육청)"
흥덕고등학교,"흥덕고등학교(경기도교육청), 흥덕고등학교(충청북도교육청)"
대진초등학교,"대진초등학교(강원특별자치도교육청), 대진초등학교(경상남도교육청)"
안성중학교,"안성중학교(경기도교육청), 안성중학교(전북특별자치도교육청)"
보성여자중학교,"보성여자중학교(서울특별시교육청), 보성여자중학교(전라남도교육청)"
청산중학교,"청산중학교(경기도교육청), 청산중학교(충청북도교육청), 청산중학교(전라남도교육청)"
운곡초등학교,"운곡초등학교(충청남도교육청), 운곡초등학교(경상북도교육청)"
영일초등학교,"영일초등학교(경기도교육청), 영일초등학교(경상북도교육청)"
금천중학교,"금천중학교(충청북도교육청), 금천중학교(경상북도교육청)"
신현초등학교,"신현초등학교(경기도교육청), 신현초등학교(경상남도교육청)"
산양중학교,"산양중학교(경상북도교육청), 산양중학교(경상남도교육청)"
호명초등학교,"호명초등학교(강원특별자치도교육청), 호명초등학교(경상북도교육청)"
광일초등학교,"광일초등학교(부산광역시교육청), 광일초등학교(경기도교육청)"
신원초등학교,"신원초등학교(경기도교육청), 신원초등학교(경상남도교육청)"
일월초등학교,"일월초등학교(경기도교육청), 일월초등학교(경상북도교육청)"
양지중학교,"양지중학교(세종특별자치시교육청), 양지중학교(경기도교육청)"
신영초등학교,"신영초등학교(경기도교육청), 신영초등학교(강원특별자치도교육청)"
청천초등학교,"청천초등학교(충청북도교육청), 청천초등학교(전라남도교육청), 청천초등학교(경상북도교육청)"
옥곡초등학교,"옥곡초등학교(전라남도교육청), 옥곡초등학교(경상북도교육청)"
신암중학교,"신암중학교(서울특별시교육청), 신암중학교(충청남도교육청)"
서동초등학교,"서동초등학교(부산광역시교육청), 서동초등학교(충청남도교육청)"
원당초등학교,"원당초등학교(경기도교육청), 원당초등학교(강원특별자치도교육청), 원당초등학교(강원특별자치도교육청), 원당초등학교(충청북도교육청), 원당초등학교(충청남도교육청)"
연동초등학교,"연동초등학교(부산광역시교육청), 연동초등학교(세종특별자치시교육청)"
무안중학교,"무안중학교(전라남도교육청), 무안중학교(경상남도교육청)"
토평초등학교,"토평초등학교(경기도교육청), 토평초등학교(제주특별자치도교육청)"
대월초등학교,"대월초등학교(인천광역시교육청), 대월초등학교(경기도교육청)"
대곡초등학교,"대곡초등학교(경기도교육청), 대곡초등학교(강원특별자치도교육청), 대곡초등학교(경상남도교육청)"
한광고등학교,"한광고등학교(서울특별시교육청), 한광고등학교(경기도교육청)"
도곡중학교,"도곡중학교(서울특별시교육청), 도곡중학교(경기도교육청)"
방산중학교,"방산중학교(서울특별시교육청), 방산중학교(강원특별자치도교육청)"
신림중학교,"신림중학교(서울특별시교육청), 신림중학교(강원특별자치도교육청), 신림중학교(전북특별자치도교육청)"
중원중학교,"중원중학교(서울특별시교육청), 중원중학교(경기도교육청), 중원중학교(충청북도교육청)"
증산중학교,"증산중학교(서울특별시교육청), 증산중학교(경상남도교육청)"
성수중학교,"성수중학교(서울특별시교육청), 성수중학교(전북특별자치도교육청)"
성신초등학교,"성신초등학교(서울특별시교육청), 성신초등학교(경기도교육청), 성신초등학교(충청남도교육청)"
청운중학교,"청운중학교(서울특별시교육청), 청운중학교(경기도교육청), 청운중학교(충청북도교육청)"
동상초등학교,"동상초등학교(부산광역시교육청), 동상초등학교(전북특별자치도교육청)"
옥동중학교,"옥동중학교(울산광역시교육청), 옥동중학교(강원특별자치도교육청)"
덕신초등학교,"덕신초등학교(울산광역시교육청), 덕신초등학교(충청북도교육청)"
삼산초등학교,"삼산초등학교(인천광역시교육청), 삼산초등학교(울산광역시교육청), 삼산초등학교(전라남도교육청), 삼산초등학교(경상남도교육청)"
옥산초등학교,"옥산초등학교(울산광역시교육청), 옥산초등학교(경기도교육청), 옥산초등학교(충청북도교육청), 옥산초등학교(충청남도교육청), 옥산초등학교(전북특별자치도교육청), 옥산초등학교(경상북도교육청), 옥산초등학교(경상북도교육청)"
월평초등학교,"월평초등학교(부산광역시교육청), 월평초등학교(울산광역시교육청), 월평초등학교(전라남도교육청)"
화진초등학교,"화진초등학교(울산광역시교육청), 화진초등학교(경기도교육청)"
장기중학교,"장기중학교(세종특별자치시교육청), 장기중학교(경기도교육청), 장기중학교(경상북도교육청)"
계남중학교,"계남중학교(경기도교육청), 계남중학교(전북특별자치도교육청)"
석천중학교,"석천중학교(경기도교육청), 석천중학교(강원특별자치도교육청)"
성수초등학교,"성수초등학교(경기도교육청), 성수초등학교(전북특별자치도교육청)"
삼일초등학교,"삼일초등학교(울산광역시교육청), 삼일초등학교(경기도교육청)"
오동초등학교,"오동초등학교(경기도교육청), 오동초등학교(강원특별자치도교육청), 오동초등학교(전북특별자치도교육청)"
샛별중학교,"샛별중학교(경기도교육청), 샛별중학교(경상남도교육청)"
부평초등학교,"부평초등학교(경기도교육청), 부평초등학교(강원특별자치도교육청)"
구천초등학교,"구천초등학교(전북특별자치도교육청), 구천초등학교(경상북도교육청)"
정남초등학교,"정남초등학교(경기도교육청), 정남초등학교(전북특별자치도교육청)"
송산초등학교,"송산초등학교(경기도교육청), 송산초등학교(충청남도교육청), 송산초등학교(전라남도교육청)"
비산초등학교,"비산초등학교(경기도교육청), 비산초등학교(경상북도교육청)"
양포초등학교,"양포초등학교(경상북도교육청), 양포초등학교(경상북도교육청)"
성주중학교,"성주중학교(경기도교육청), 성주중학교(경상북도교육청)"
청도초등학교,"청도초등학교(경상북도교육청), 청도초등학교(경상남도교육청)"
대흥중학교,"대흥중학교(경기도교육청), 대흥중학교(충청남도교육청), 대흥중학교(경상북도교육청)"
이동초등학교,"이동초등학교(경기도교육청), 이동초등학교(경상북도교육청), 이동초등학교(경상남도교육청)"
봉황초등학교,"봉황초등학교(전라남도교육청), 봉황초등학교(경상북도교육청)"
원동초등학교,"원동초등학교(경기도교육청), 원동초등학교(경상남도교육청)"
한림중학교,"한림중학교(경상남도교육청), 한림중학교(제주특별자치도교육청)"
한림초등학교,"한림초등학교(경상남도교육청), 한림초등학교(제주특별자치도교육청)"
산내중학교,"산내중학교(경기도교육청), 산내중학교(전북특별자치도교육청), 산내중학교(경상북도교육청)"
은여울중학교,"은여울중학교(경기도교육청), 은여울중학교(충청북도교육청)"
율곡고등학교,"율곡고등학교(경기도교육청), 율곡고등학교(경상북도교육청)"
서경초등학교,"서경초등학교(경기도교육청), 서경초등학교(충청북도교육청)"
서일중학교,"서일중학교(서울특별시교육청), 서일중학교(충청남도교육청)"
대영중학교,"대영중학교(서울특별시교육청), 대영중학교(경상북도교육청)"
마장중학교,"마장중학교(서울특별시교육청), 마장중학교(경기도교육청)"
이화초등학교,"이화초등학교(울산광역시교육청), 이화초등학교(충청남도교육청)"
도곡초등학교,"도곡초등학교(경기도교육청), 도곡초등학교(전라남도교육청)"
태장초등학교,"태장초등학교(경기도교육청), 태장초등학교(강원특별자치도교육청)"
기산초등학교,"기산초등학교(경기도교육청), 기산초등학교(충청남도교육청), 기산초등학교(전라남도교육청)"
동암초등학교,"동암초등학교(경기도교육청), 동암초등학교(충청남도교육청)"
구룡초등학교,"구룡초등학교(경기도교육청), 구룡초등학교(충청북도교육청), 구룡초등학교(충청남도교육청)"
금산중학교,"금산중학교(충청남도교육청), 금산중학교(전라남도교육청)"
유림초등학교,"유림초등학교(경상북도교육청), 유림초등학교(경상남도교육청)"
금릉초등학교,"금릉초등학교(경기도교육청), 금릉초등학교(경상북도교육청)"
문장초등학교,"문장초등학교(경기도교육청), 문장초등학교(경상북도교육청)"
천전초등학교,"천전초등학교(강원특별자치도교육청), 천전초등학교(경상남도교육청)"
상하중학교,"상하중학교(경기도교육청), 상하중학교(전북특별자치도교육청)"
양서초등학교,"양서초등학교(경기도교육청), 양서초등학교(경상북도교육청)"
산현초등학교,"산현초등학교(경기도교육청), 산현초등학교(강원특별자치도교육청)"
여울초등학교,"여울초등학교(세종특별자치시교육청), 여울초등학교(경기도교육청)"
탄천초등학교,"탄천초등학교(경기도교육청), 탄천초등학교(충청남도교육청)"
문덕초등학교,"문덕초등학교(전라남도교육청), 문덕초등학교(경상북도교육청)"
가락초등학교,"가락초등학교(부산광역시교육청), 가락초등학교(세종특별자치시교육청)"
동호초등학교,"동호초등학교(강원특별자치도교육청), 동호초등학교(전북특별자치도교육청)"
장평초등학교,"장평초등학교(경기도교육청), 장평초등학교(강원특별자치도교육청), 장평초등학교(충청남도교육청), 장평초등학교(전라남도교육청), 장평초등학교(경상남도교육청)"
병곡초등학교,"병곡초등학교(경상북도교육청), 병곡초등학교(경상남도교육청)"
송학초등학교,"송학초등학교(광주광역시교육청), 송학초등학교(충청북도교육청), 송학초등학교(충청남도교육청)"
사직초등학교,"사직초등학교(부산광역시교육청), 사직초등학교(충청북도교육청)"
평동초등학교,"평동초등학교(광주광역시교육청), 평동초등학교(경기도교육청)"
온양초등학교,"온양초등학교(울산광역시교육청), 온양초등학교(충청남도교육청)"
심원중학교,"심원중학교(경기도교육청), 심원중학교(전북특별자치도교육청)"
구운초등학교,"구운초등학교(경기도교육청), 구운초등학교(경상북도교육청)"
오천초등학교,"오천초등학교(충청남도교육청), 오천초등학교(전북특별자치도교육청), 오천초등학교(경상북도교육청)"
서포중학교,"서포중학교(경상북도교육청), 서포중학교(경상남도교육청)"
백암고등학교,"백암고등학교(서울특별시교육청), 백암고등학교(경기도교육청)"
고덕중학교,"고덕중학교(서울특별시교육청), 고덕중학교(충청남도교육청)"
성내중학교,"성내중학교(서울특별시교육청), 성내중학교(전북특별자치도교육청)"
안천중학교,"안천중학교(서울특별시교육청), 안천중학교(전북특별자치도교육청)"
병영초등학교,"병영초등학교(울산광역시교육청), 병영초등학교(전라남도교육청)"
영화초등학교,"영화초등학교(인천광역시교육청), 영화초등학교(울산광역시교육청), 영화초등학교(경기도교육청), 영화초등학교(경상북도교육청)"
홍익디자인고등학교,"홍익디자인고등학교(서울특별시교육청), 홍익디자인고등학교(경기도교육청)"
평촌초등학교,"평촌초등학교(경기도교육청), 평촌초등학교(충청남도교육청)"
다문초등학교,"다문초등학교(경기도교육청), 다문초등학교(경상북도교육청)"
삼가초등학교,"삼가초등학교(경기도교육청), 삼가초등학교(경상남도교육청)"
임곡중학교,"임곡중학교(광주광역시교육청), 임곡중학교(경기도교육청)"
행정초등학교,"행정초등학교(경기도교육청), 행정초등학교(충청북도교육청), 행정초등학교(충청남도교육청)"
쌍룡초등학교,"쌍룡초등학교(강원특별자치도교육청), 쌍룡초등학교(충청남도교육청)"
남일초등학교,"남일초등학교(충청북도교육청), 남일초등학교(충청남도교육청)"
산동초등학교,"산동초등학교(충청남도교육청), 산동초등학교(전북특별자치도교육청), 산동초등학교(경상북도교육청), 산동초등학교(경상남도교육청)"
화산중학교,"화산중학교(전북특별자치도교육청), 화산중학교(전라남도교육청)"
금천초등학교,"금천초등학교(충청북도교육청), 금천초등학교(전라남도교육청), 금천초등학교(경상북도교육청)"
세명고등학교,"세명고등학교(충청북도교육청), 세명고등학교(경상북도교육청)"
경산초등학교,"경산초등학교(충청북도교육청), 경산초등학교(경상북도교육청)"
천북초등학교,"천북초등학교(충청남도교육청), 천북초등학교(경상북도교육청)"
원남초등학교,"원남초등학교(충청북도교육청), 원남초등학교(경상북도교육청)"
상주중학교,"상주중학교(경상북도교육청), 상주중학교(경상남도교육청)"
상주초등학교,"상주초등학교(경상북도교육청), 상주초등학교(경상남도교육청)"
영남초등학교,"영남초등학교(전라남도교육청), 영남초등학교(경상북도교육청)"
대평초등학교,"대평초등학교(부산광역시교육청), 대평초등학교(세종특별자치시교육청), 대평초등학교(경기도교육청)"
장승초등학교,"장승초등학교(경기도교육청), 장승초등학교(전북특별자치도교육청)"
조산초등학교,"조산초등학교(인천광역시교육청), 조산초등학교(강원특별자치도교육청)"
광덕초등학교,"광덕초등학교(경기도교육청), 광덕초등학교(강원특별자치도교육청), 광덕초등학교(충청남도교육청)"
유곡초등학교,"유곡초등학교(충청남도교육청), 유곡초등학교(경상남도교육청)"
봉양초등학교,"봉양초등학교(강원특별자치도교육청), 봉양초등학교(충청북도교육청)"
가락중학교,"가락중학교(서울특별시교육청), 가락중학교(부산광역시교육청)"
동곡초등학교,"동곡초등학교(광주광역시교육청), 동곡초등학교(경기도교육청)"
지곡초등학교,"지곡초등학교(경기도교육청), 지곡초등학교(경상북도교육청), 지곡초등학교(경상남도교육청)"
임당초등학교,"임당초등학교(강원특별자치도교육청), 임당초등학교(경상북도교육청)"
청송초등학교,"청송초등학교(충청남도교육청), 청송초등학교(경상북도교육청)"
계룡초등학교,"계룡초등학교(충청남도교육청), 계룡초등학교(경상남도교육청)"
지정초등학교,"지정초등학교(강원특별자치도교육청), 지정초등학교(경상남도교육청)"
봉강초등학교,"봉강초등학교(전라남도교육청), 봉강초등학교(경상남도교육청)"
신동초등학교,"신동초등학교(경기도교육청), 신동초등학교(강원특별자치도교육청), 신동초등학교(강원특별자치도교육청), 신동초등학교(경상북도교육청)"
동화초등학교,"동화초등학교(경기도교육청), 동화초등학교(강원특별자치도교육청), 동화초등학교(충청북도교육청), 동화초등학교(전라남도교육청), 동화초등학교(제주특별자치도교육청)"
고성고등학교,"고성고등학교(강원특별자치도교육청), 고성고등학교(경상남도교육청)"
대산초등학교,"대산초등학교(충청남도교육청), 대산초등학교(전북특별자치도교육청), 대산초등학교(경상남도교육청), 대산초등학교(경상남도교육청)"
대정초등학교,"대정초등학교(충청남도교육청), 대정초등학교(제주특별자치도교육청)"
성안초등학교,"성안초등학교(울산광역시교육청), 성안초등학교(경기도교육청)"
단계초등학교,"단계초등학교(강원특별자치도교육청), 단계초등학교(경상남도교육청)"
청풍초등학교,"청풍초등학교(충청북도교육청), 청풍초등학교(전라남도교육청)"
연산중학교,"연산중학교(부산광역시교육청), 연산중학교(충청남도교육청)"
백전초등학교,"백전초등학교(강원특별자치도교육청), 백전초등학교(경상남도교육청)"
탑동초등학교,"탑동초등학교(경기도교육청), 탑동초등학교(경기도교육청), 탑동초등학교(충청남도교육청)"
송호초등학교,"송호초등학교(경기도교육청), 송호초등학교(전라남도교육청)"
송화초등학교,"송화초등학교(경기도교육청), 송화초등학교(강원특별자치도교육청)"
백석초등학교,"백석초등학교(충청남도교육청), 백석초등학교(전북특별자치도교육청)"
화양초등학교,"화양초등학교(경기도교육청), 화양초등학교(충청남도교육청), 화양초등학교(전라남도교육청), 화양초등학교(경상북도교육청), 화양초등학교(경상남도교육청)"
춘양초등학교,"춘양초등학교(전라남도교육청), 춘양초등학교(경상북도교육청)"
서상초등학교,"서상초등학교(강원특별자치도교육청), 서상초등학교(경상남도교육청)"
계룡중학교,"계룡중학교(충청남도교육청), 계룡중학교(경상남도교육청)"
용흥초등학교,"용흥초등학교(경상북도교육청), 용흥초등학교(경상북도교육청)"
부석중학교,"부석중학교(충청남도교육청), 부석중학교(경상북도교육청)"
산북초등학교,"산북초등학교(경기도교육청), 산북초등학교(경상북도교육청)"
오봉초등학교,"오봉초등학교(전북특별자치도교육청), 오봉초등학교(경상남도교육청)"
태장중학교,"태장중학교(경기도교육청), 태장중학교(강원특별자치도교육청)"
가곡초등학교,"가곡초등학교(경기도교육청), 가곡초등학교(충청북도교육청)"
남이초등학교,"남이초등학교(충청북도교육청), 남이초등학교(충청남도교육청)"
수동초등학교,"수동초등학교(경기도교육청), 수동초등학교(경상남도교육청)"
광덕중학교,"광덕중학교(광주광역시교육청), 광덕중학교(경기도교육청)"
남면초등학교,"남면초등학교(경기도교육청), 남면초등학교(충청남도교육청)"
고현초등학교,"고현초등학교(경기도교육청), 고현초등학교(경상남도교육청)"
용천초등학교,"용천초등학교(경기도교육청), 용천초등학교(충청북도교육청)"
오산초등학교,"오산초등학교(경기도교육청), 오산초등학교(경기도교육청), 오산초등학교(충청남도교육청), 오산초등학교(전북특별자치도교육청), 오산초등학교(전라남도교육청), 오산초등학교(전라남도교육청)"
소양초등학교,"소양초등학교(강원특별자치도교육청), 소양초등학교(전북특별자치도교육청)"
동강중학교,"동강중학교(충청남도교육청), 동강중학교(전라남도교육청)"
서면중학교,"서면중학교(부산광역시교육청), 서면중학교(충청남도교육청)"
동방초등학교,"동방초등학교(충청남도교육청), 동방초등학교(경상북도교육청)"
저동초등학교,"저동초등학교(경기도교육청), 저동초등학교(경상북도교육청)"
풍양초등학교,"풍양초등학교(경기도교육청), 풍양초등학교(전라남도교육청), 풍양초등학교(경상북도교육청)"
인계초등학교,"인계초등학교(경기도교육청), 인계초등학교(전북특별자치도교육청)"
청명초등학교,"청명초등학교(경기도교육청), 청명초등학교(전북특별자치도교육청)"
삼봉초등학교,"삼봉초등학교(경기도교육청), 삼봉초등학교(충청남도교육청)"
안양초등학교,"안양초등학교(경기도교육청), 안양초등학교(전라남도교육청)"
안흥초등학교,"안흥초등학교(경기도교육청), 안흥초등학교(강원특별자치도교육청)"
안중초등학교,"안중초등학교(경기도교육청), 안중초등학교(충청남도교육청)"
신지초등학교,"신지초등학교(경기도교육청), 신지초등학교(전라남도교육청)"
해밀초등학교,"해밀초등학교(세종특별자치시교육청), 해밀초등학교(경기도교육청)"
낙서초등학교,"낙서초등학교(경상북도교육청), 낙서초등학교(경상남도교육청)"
부석초등학교,"부석초등학교(충청남도교육청), 부석초등학교(경상북도교육청)"
장기초등학교,"장기초등학교(세종특별자치시교육청), 장기초등학교(경기도교육청), 장기초등학교(경상북도교육청)"
회천초등학교,"회천초등학교(경기도교육청), 회천초등학교(전라남도교육청)"
안덕초등학교,"안덕초등학교(경상북도교육청), 안덕초등학교(제주특별자치도교육청)"
