untyCntrctNo,bsnsDivNm,dcsnCntrctNo,cntrctRefNo,cntrctNm,cmmnCntrctYn,lngtrmCtnuDivNm,cntrctCnclsDate,cntrctPrd,baseLawNm,totCntrctAmt,thtmCntrctAmt,grntymnyRate,cntrctInfoUrl,payDivNm,reqNo,ntceNo,cntrctInsttCd,cntrctInsttNm,cntrctInsttJrsdctnDivNm,cntrctInsttChrgDeptNm,cntrctInsttOfclNm,cntrctInsttOfclTelNo,cntrctInsttOfclFaxNo,dminsttList,corpList,cntrctDtlInfoUrl,crdtrNm,baseDtls,cntrctCnclsMthdNm,rgstDt,chgDt,dfrcmpnstRt,pubPrcrmntClsfcNo,pubPrcrmntClsfcNm,pubPrcrmntMidClsfcNm,pubPrcrmntLrgClsfcNm,cntrctDate,infoBizYn,_source_endpoint,_business_type,dminsttNm,cntrctAmt
R26TE14571591,물품,R26TA0182612400,R26TA0182612400,서구보훈회관 보훈북카페 가구 구입,N,신규,2026-05-04,,지방계약법 (제25조제1항5호나목),0,10400000,5,http://www.g2b.go.kr,직불,,,3260000,부산광역시 서구,지방자치단체,서구청 재무과,김우진,051-240-4145,051-240-4149,[1^3260000^부산광역시 서구^지방자치단체^서구청 재무과^김우진^0512404145],[1^주계약업체^단독^주식회사 한디자인그룹^윤경혜^대한민국^100^주식회사 한디자인그룹^^6038153931],https://www.g2b.go.kr/link/FIUA027_01/single/?ctrtNo=R26TA01826124&ctrtChgOrd=00&prcmBsneSeCd=조070001&srchName=ctrtCrst&openUrl=Y,부산광역시 서구청장,추정가격 2천만원 이하 물품 또는 용역,수의계약,2026-05-06 08:25:31,,0.08,,,,,2026-05-04,N,getCntrctInfoListThng,물품,부산광역시 서구,10400000
R26TE14571783,물품,,R26TA0180330000,이산화탄소배양기 1식 구매(설치),N,신규,,계약후 90일,국가계약법 (제26조제1항5호가2목),0,11500000,10,http://www.g2b.go.kr,직불,,,Z018263,양산부산대학교병원,기타공공기관,,심혜빈,055-360-1151,055-360-1159,[1^Z018263^양산부산대학교병원^기타공공기관^^심혜빈^0553601151],[1^주계약업체^단독^블루메디케어^이주녕^대한민국^100^블루메디케어^^5840400898],https://www.g2b.go.kr/link/FIUA027_01/single/?ctrtNo=R26TA01803300&ctrtChgOrd=00&prcmBsneSeCd=조070001&srchName=ctrtCrst&openUrl=Y,양산부산대학교병원장,추정가격 2천만원 이하 물품 또는 용역,수의계약,2026-05-06 08:49:15,,0.075,,,,,2026-05-11,N,getCntrctInfoListThng,물품,양산부산대학교병원,11500000
R26TE14571803,물품,,R26TA0182812200,2026년 부산경남본부 관내 교면재포장공사 아스콘 구매(동부권),N,신규,,2026/12/31,국가계약법 (제21조제1항8호),0,178400000,10,http://www.g2b.go.kr,대지급,R26DC00187023,R26BK01474191,1230155,조달청 경남지방조달청,국가기관,,박수경,070-4056-6751,050-5489-2413,[1^Z000591^한국도로공사 부산경남본부^공기업^재무팀^김고운^0557116420],[1^주계약업체^단독^부경아스콘사업협동조합^문호욱^대한민국^100^부경아스콘사업협동조합^^6068209222],https://www.g2b.go.kr/link/FIUA027_01/single/?ctrtNo=R26TA01828122&ctrtChgOrd=00&prcmBsneSeCd=조070001&srchName=ctrtCrst&openUrl=Y,대한민국정부경남지방조달청장,중소기업청장이 지정.고시한 제품,제한경쟁,2026-05-06 08:51:08,,0.075,,,,,2026-05-07,N,getCntrctInfoListThng,물품,한국도로공사 부산경남본부,178400000
R26TE14571821,물품,,R26TA0182812400,국도58호선 김해 생림 봉림 등 3개소 포장도 보수공사-개질아스콘,N,신규,,계약 후 90일 이내,국가계약법 (제21조제1항8호),0,238977000,10,http://www.g2b.go.kr,직불,R26DC00185590,R26BK01474227,1230155,조달청 경남지방조달청,국가기관,,박수경,070-4056-6751,050-5489-2413,[1^1613800^국토교통부 부산지방국토관리청 김해국토관리사무소^국가기관^운영지원과^김동현^0553406615],[1^주계약업체^단독^부울경아스콘사업협동조합^백승만^대한민국^100^부울경아스콘사업협동조합^^6138212254],https://www.g2b.go.kr/link/FIUA027_01/single/?ctrtNo=R26TA01828124&ctrtChgOrd=00&prcmBsneSeCd=조070001&srchName=ctrtCrst&openUrl=Y,대한민국정부경남지방조달청장,중소기업청장이 지정.고시한 제품,제한경쟁,2026-05-06 08:52:08,,0.075,,,,,2026-05-07,N,getCntrctInfoListThng,물품,국토교통부 부산지방국토관리청 김해국토관리사무소,238977000
R26TE14571840,물품,,R26TA0182811500,2026년 부산경남본부 관내 교면재포장공사 아스콘 구매(중부권),N,신규,,2026/12/31,국가계약법 (제21조제1항8호),0,155976000,10,http://www.g2b.go.kr,대지급,R26DC00187026,R26BK01474195,1230155,조달청 경남지방조달청,국가기관,,박수경,070-4056-6751,050-5489-2413,[1^Z000591^한국도로공사 부산경남본부^공기업^재무팀^김고운^0557116420],[1^주계약업체^단독^부산.울산.경남아스콘 공업협동조합^정영용^대한민국^100^부산.울산.경남아스콘 공업협동조합^^6098204473],https://www.g2b.go.kr/link/FIUA027_01/single/?ctrtNo=R26TA01828115&ctrtChgOrd=00&prcmBsneSeCd=조070001&srchName=ctrtCrst&openUrl=Y,대한민국정부경남지방조달청장,중소기업청장이 지정.고시한 제품,제한경쟁,2026-05-06 08:54:22,,0.075,,,,,2026-05-07,N,getCntrctInfoListThng,물품,한국도로공사 부산경남본부,155976000
R26TE14572010,물품,,R26TA0182403400,차체팀 30tom 천장크레인 권상장치 등 수선,N,신규,,,지방계약법 (제25조제1항5호나목),0,9460000,5,http://www.g2b.go.kr,직불,,,B551542,부산교통공사,지방공기업,회계자산처,유다예,,,[1^B551542^부산교통공사^지방공기업^회계자산처^유다예^],[1^주계약업체^단독^토성산업^양정희^대한민국^100^토성산업^^8973901174],https://www.g2b.go.kr/link/FIUA027_01/single/?ctrtNo=R26TA01824034&ctrtChgOrd=00&prcmBsneSeCd=조070001&srchName=ctrtCrst&openUrl=Y,부산교통공사사장,추정가격 2천만원 이하 물품 또는 용역,수의계약,2026-05-06 09:03:59,,0.08,,,,,2026-05-06,N,getCntrctInfoListThng,물품,부산교통공사,9460000
R26TE14572032,물품,R26TA0182535800,R26TA0182535800,물품 구매요청[거제동 1564 일원 횡단보도 설치],N,신규,2026-05-04,,지방계약법 (제25조제1항5호나목),0,1901000,5,http://www.g2b.go.kr,직불,,,3370000,부산광역시 연제구,지방자치단체,재무과,양수현,051-665-4144,051-665-4149,[1^3370000^부산광역시 연제구^지방자치단체^재무과^양수현^0516654144],[1^주계약업체^단독^(주)아트플러스^임경태^대한민국^100^(주)아트플러스^^3098107419],https://www.g2b.go.kr/link/FIUA027_01/single/?ctrtNo=R26TA01825358&ctrtChgOrd=00&prcmBsneSeCd=조070001&srchName=ctrtCrst&openUrl=Y,연제구청장,추정가격 2천만원 이하 물품 또는 용역,수의계약,2026-05-06 09:04:57,,0.08,,,,,2026-05-04,N,getCntrctInfoListThng,물품,부산광역시 연제구,1901000
R26TE14572034,물품,,R26TA0182403400,차체팀 30tom 천장크레인 권상장치 등 수선,N,신규,,,지방계약법 (제25조제1항5호나목),0,9460000,5,http://www.g2b.go.kr,직불,,,B551542,부산교통공사,지방공기업,회계자산처,유다예,,,[1^B551542^부산교통공사^지방공기업^회계자산처^유다예^],[1^주계약업체^단독^토성산업^양정희^대한민국^100^토성산업^^8973901174],https://www.g2b.go.kr/link/FIUA027_01/single/?ctrtNo=R26TA01824034&ctrtChgOrd=00&prcmBsneSeCd=조070001&srchName=ctrtCrst&openUrl=Y,부산교통공사사장,추정가격 2천만원 이하 물품 또는 용역,수의계약,2026-05-06 09:05:02,,0.08,,,,,2026-05-06,N,getCntrctInfoListThng,물품,부산교통공사,9460000
R26TE14572321,물품,,R26TA0182841200,2026년 수영고가교 내진성능 보강공사 관급자재(교량받침) 구매,N,신규,,,지방계약법 (제12조),0,386897010,5,http://www.g2b.go.kr,직불,,R26BK01459345,6260000,부산광역시,지방자치단체,회계재산담당관,김주홍,051-888-2244,,[1^6260409^부산광역시 건설안전시험사업소^지방자치단체^관리팀^조윤정^],[1^주계약업체^단독^포인텍이앤씨 주식회사^김선엽^대한민국^100^포인텍이앤씨 주식회사^^2158779094],https://www.g2b.go.kr/link/FIUA027_01/single/?ctrtNo=R26TA01828412&ctrtChgOrd=00&prcmBsneSeCd=조070001&srchName=ctrtCrst&openUrl=Y,부산광역시장,경쟁은 입찰의 방법으로 행함,일반경쟁,2026-05-06 09:15:31,,0.08,,,,,2026-05-06,N,getCntrctInfoListThng,물품,부산광역시 건설안전시험사업소,386897010
R26TE14572354,물품,,R26TA0182856100,덕산정수장 비상발전기 소모품 교체,N,신규,,,지방계약법 (제25조제1항5호나목),0,6800000,5,http://www.g2b.go.kr,직불,,,6260103,부산광역시 상수도사업본부 덕산정수사업소,지방자치단체,덕산정수사업소,이선우,051-669-4901,,[1^6260103^부산광역시 상수도사업본부 덕산정수사업소^지방자치단체^덕산정수사업소^이선우^0516694901],[1^주계약업체^단독^(주)대흥기전^서정기^대한민국^100^(주)대흥기전^^6068158629],https://www.g2b.go.kr/link/FIUA027_01/single/?ctrtNo=R26TA01828561&ctrtChgOrd=00&prcmBsneSeCd=조070001&srchName=ctrtCrst&openUrl=Y,부산광역시 상수도사업본부 덕산정수사업소,추정가격 2천만원 이하 물품 또는 용역,수의계약,2026-05-06 09:16:39,,0.08,,,,,2026-05-07,N,getCntrctInfoListThng,물품,부산광역시 상수도사업본부 덕산정수사업소,6800000
R26TE14572427,물품,R25TA0084960201,R25TA0084960201,"2026학년도 주례여자중학교 교복(동복, 하복) 학교주관 구매",N,신규,2026-05-04,,지방계약법 (제2조의2제1항1호),0,16562000,5,http://www.g2b.go.kr,직불,,R25BK00987932,7200047,부산광역시북부교육청 주례여자중학교,교육기관,행정실,김성원,***********,,[1^7200047^부산광역시북부교육청 주례여자중학교^교육기관^행정실^김성원^***********],[1^주계약업체^단독^세인트^황명옥^대한민국^100^세인트^^6052032377],https://www.g2b.go.kr/link/FIUA027_01/single/?ctrtNo=R25TA00849602&ctrtChgOrd=01&prcmBsneSeCd=조070001&srchName=ctrtCrst&openUrl=Y,주례여자중학교장,"[판로지원법 시행령] 소기업,소상공인제한",제한경쟁,2026-05-06 09:18:58,,0.08,,,,,2026-05-04,N,getCntrctInfoListThng,물품,부산광역시북부교육청 주례여자중학교,16562000
R26TE14572474,물품,R25TA0084394501,R25TA0084394501,"2026학년도 부산과학고등학교 교복(동복, 하복) 학교주관구매 입찰 공고",N,신규,2026-05-06,,지방계약법 (제2조의2제1항1호),0,17670000,10,http://www.g2b.go.kr,직불,,R25BK00976818,7150459,부산광역시교육청 부산과학고등학교,교육기관,행정실,류하나,051-580-8510,,[1^7150459^부산광역시교육청 부산과학고등학교^교육기관^행정실^류하나^0515808510],[1^주계약업체^단독^스마트금정점^손금덕^대한민국^100^스마트금정점^^6212116755],https://www.g2b.go.kr/link/FIUA027_01/single/?ctrtNo=R25TA00843945&ctrtChgOrd=01&prcmBsneSeCd=조070001&srchName=ctrtCrst&openUrl=Y,부산과학고등학교장,"[판로지원법 시행령] 소기업,소상공인제한",제한경쟁,2026-05-06 09:20:23,,0.075,,,,,2026-05-06,N,getCntrctInfoListThng,물품,부산광역시교육청 부산과학고등학교,17670000
R26TE14572547,물품,,R26TA0182858000,보건교육장 냉난방기 구입 및 설치,N,신규,,계약일로부터~2026.5.22.,지방계약법 (제25조제1항5호나목),0,8919900,5,http://www.g2b.go.kr,직불,,,3390023,부산광역시 사상구 보건소,지방자치단체,보건행정과,박원숙,051-310-4792,051-310-4799,[1^3390023^부산광역시 사상구 보건소^지방자치단체^보건행정과^박원숙^0513104792],[1^주계약업체^단독^주식회사 정인시스템공조^이용훈^대한민국^100^주식회사 정인시스템공조^^5258701232],https://www.g2b.go.kr/link/FIUA027_01/single/?ctrtNo=R26TA01828580&ctrtChgOrd=00&prcmBsneSeCd=조070001&srchName=ctrtCrst&openUrl=Y,사상구청장,추정가격 2천만원 이하 물품 또는 용역,수의계약,2026-05-06 09:22:52,,0.08,,,,,2026-05-06,N,getCntrctInfoListThng,물품,부산광역시 사상구 보건소,8919900
R26TE14572603,물품,R26TA0179423600,R26TA0179423600,부산터널 내화성능확보 전원선로 교체공사 관급자재 구매,N,신규,2026-05-04,2026. 5. 4. ~ 2026. 7. 2.,지방계약법 (제20조제1항6호),0,290195590,5,http://www.g2b.go.kr,직불,,R26BK01466349,6260000,부산광역시,지방자치단체,회계재산담당관,김주홍,051-888-2244,,[1^6260409^부산광역시 건설안전시험사업소^지방자치단체^관리팀^조윤정^],[1^주계약업체^단독^동하툴^김경록^대한민국^100^동하툴^^1110614204],https://www.g2b.go.kr/link/FIUA027_01/single/?ctrtNo=R26TA01794236&ctrtChgOrd=00&prcmBsneSeCd=조070001&srchName=ctrtCrst&openUrl=Y,부산광역시장,행정안전부령 금액 미만 본점소재지,제한경쟁,2026-05-06 09:24:29,,0.08,,,,,2026-05-04,N,getCntrctInfoListThng,물품,부산광역시 건설안전시험사업소,290195590
R26TE14572633,물품,,R26TA0182164000,지소 원격감시제어시스템 재정비 사업,N,신규,,계약 후 240일 이내,지방계약법 (제25조제1항6호라5목),0,354000000,5,http://www.g2b.go.kr,대지급,R26DC00198054,R26BK01492749,1230130,조달청 부산지방조달청,국가기관,경영관리과,이재형,070-4056-6590,050-5730-1904,[1^6260099^부산광역시 상수도사업본부 시설관리사업소^지방자치단체^관리팀^류화수^0516694523],[1^주계약업체^단독^동영테크원 주식회사^정윤화^대한민국^100^동영테크원 주식회사^^6218117350],https://www.g2b.go.kr/link/FIUA027_01/single/?ctrtNo=R26TA01821640&ctrtChgOrd=00&prcmBsneSeCd=조070001&srchName=ctrtCrst&openUrl=Y,대한민국정부부산지방조달청장,조달청우수제품,수의계약,2026-05-06 09:25:11,,0.08,,,,,2026-05-06,N,getCntrctInfoListThng,물품,부산광역시 상수도사업본부 시설관리사업소,354000000
R26TE14572773,물품,,R26TA0182359400,수변어린이공원 쿨링포그 전면 교체 계약,N,신규,,,지방계약법 (제25조제1항5호나목),0,12821600,10,http://www.g2b.go.kr,직불,,,3380000,부산광역시 수영구,지방자치단체,재무과,장지혜,,,[1^3380000^부산광역시 수영구^지방자치단체^재무과^장지혜^],[1^주계약업체^단독^주식회사 지온산업^정민지^대한민국^100^주식회사 지온산업^^8798103270],https://www.g2b.go.kr/link/FIUA027_01/single/?ctrtNo=R26TA01823594&ctrtChgOrd=00&prcmBsneSeCd=조070001&srchName=ctrtCrst&openUrl=Y,부산광역시수영구청장,추정가격 2천만원 이하 물품 또는 용역,수의계약,2026-05-06 09:28:49,,0.08,,,,,2026-05-07,N,getCntrctInfoListThng,물품,부산광역시 수영구,12821600
R26TE14572848,물품,R26TA0182487900,R26TA0182487900,2026년 타이머콕 보급사업 물품 구매(부산권역),N,신규,2026-05-04,계약 후 75일 이내,국가계약법 (제2조의2제1항2호),0,158312620,10,http://www.g2b.go.kr,직불,R26DC00193690,R26BK01446305,1230130,조달청 부산지방조달청,국가기관,경영관리과,윤태영,070-4056-6581,050-5480-1443,[1^Z004999^한국가스안전공사 부산지역본부^준정부기관^x^최예령^],[1^주계약업체^단독^엠씨테크놀로지 주식회사^민춘희^대한민국^100^엠씨테크놀로지 주식회사^^1228609659],https://www.g2b.go.kr/link/FIUA027_01/single/?ctrtNo=R26TA01824879&ctrtChgOrd=00&prcmBsneSeCd=조070001&srchName=ctrtCrst&openUrl=Y,대한민국정부부산지방조달청장,"[판로지원법 시행령] 중기업,소기업,소상공인 제한",제한경쟁,2026-05-06 09:30:49,,0.075,,,,,2026-05-04,N,getCntrctInfoListThng,물품,한국가스안전공사 부산지역본부,158312620
R26TE14573116,물품,R26TA0182568900,R26TA0182568900,연제도서관 다목적홀 전자현수막 설치,N,신규,2026-05-06,,지방계약법 (제25조제1항5호나목),0,12705000,5,http://www.g2b.go.kr,직불,,,3370000,부산광역시 연제구,지방자치단체,재무과,양수현,051-665-4144,051-665-4149,[1^3370000^부산광역시 연제구^지방자치단체^재무과^양수현^0516654144],[1^주계약업체^단독^에스엠^조원제^대한민국^100^에스엠^^8180200900],https://www.g2b.go.kr/link/FIUA027_01/single/?ctrtNo=R26TA01825689&ctrtChgOrd=00&prcmBsneSeCd=조070001&srchName=ctrtCrst&openUrl=Y,연제구청장,추정가격 2천만원 이하 물품 또는 용역,수의계약,2026-05-06 09:38:08,,0.08,,,,,2026-05-06,N,getCntrctInfoListThng,물품,부산광역시 연제구,12705000
R26TE14573193,물품,R26TA0181034000,R26TA0181034000,울산태화강변 A-1BL 아파트 전기공사 지급자재(수배전반) 제작 및 설치,N,신규,2026-05-04,2027/02/15,국가계약법 (제26조제1항3호바목),0,217000000,10,http://www.g2b.go.kr,직불,R26DC00195977,R26BK01477795,1230130,조달청 부산지방조달청,국가기관,경영관리과,윤태영,070-4056-6581,050-5480-1443,[1^D168321^한국토지주택공사 부산울산지역본부^공기업^경영지원팀^최주은^0517966064],[1^주계약업체^단독^(주)은성엔지니어링^김정현^대한민국^100^(주)은성엔지니어링^^3018143444],https://www.g2b.go.kr/link/FIUA027_01/single/?ctrtNo=R26TA01810340&ctrtChgOrd=00&prcmBsneSeCd=조070001&srchName=ctrtCrst&openUrl=Y,대한민국정부부산지방조달청장,우수조달물품,수의계약,2026-05-06 09:40:23,,0.075,,,,,2026-05-04,N,getCntrctInfoListThng,물품,한국토지주택공사 부산울산지역본부,217000000
R26TE14573567,물품,,R26TA0182874300,미끄럼방지 매트 등 미끄럼 방지용품 4종 구입,N,신규,,,지방계약법 (제25조제1항5호나목),0,8660000,5,http://www.g2b.go.kr,직불,,,B551542,부산교통공사,지방공기업,회계자산처,정유란,,,[1^B551542^부산교통공사^지방공기업^회계자산처^정유란^],[1^주계약업체^단독^상우종합물류^이동희^대한민국^100^상우종합물류^^6063481048],https://www.g2b.go.kr/link/FIUA027_01/single/?ctrtNo=R26TA01828743&ctrtChgOrd=00&prcmBsneSeCd=조070001&srchName=ctrtCrst&openUrl=Y,부산교통공사사장,추정가격 2천만원 이하 물품 또는 용역,수의계약,2026-05-06 09:50:12,,0.08,,,,,2026-05-07,N,getCntrctInfoListThng,물품,부산교통공사,8660000
R26TE14573665,물품,,R26TA0182888600,유화아스팔트(RSC-4) 구매(1차),N,신규,,계약일로부터 20일 이내,지방계약법 (제25조제1항5호나목),0,11780000,5,http://www.g2b.go.kr,직불,,,6260409,부산광역시 건설안전시험사업소,지방자치단체,관리팀,조윤정,,,[1^6260409^부산광역시 건설안전시험사업소^지방자치단체^관리팀^조윤정^],[1^주계약업체^단독^인성에이앤티 주식회사^이광호^대한민국^100^인성에이앤티 주식회사^^3128632700],https://www.g2b.go.kr/link/FIUA027_01/single/?ctrtNo=R26TA01828886&ctrtChgOrd=00&prcmBsneSeCd=조070001&srchName=ctrtCrst&openUrl=Y,부산광역시 건설안전시험사업소장,추정가격 2천만원 이하 물품 또는 용역,수의계약,2026-05-06 09:52:32,,0.08,,,,,2026-05-07,N,getCntrctInfoListThng,물품,부산광역시 건설안전시험사업소,11780000
R26TE14573696,물품,,R26TA0182538900,2026년 전국소년(장애학생)체전 개회식 선수단 환영현수막 등 제작·설치,N,신규,,2026.5.4.~2026.5.26.,지방계약법 (제25조제1항5호나목),0,17919000,5,http://www.g2b.go.kr,직불,,,6260000,부산광역시,지방자치단체,회계재산담당관,정다은,051-888-2237,051-888-2249,[1^6260000^부산광역시^지방자치단체^회계재산담당관^정다은^0518882237],[1^주계약업체^단독^(주)대륙건설광고공사^김화연^대한민국^100^(주)대륙건설광고공사^^6018127169],https://www.g2b.go.kr/link/FIUA027_01/single/?ctrtNo=R26TA01825389&ctrtChgOrd=00&prcmBsneSeCd=조070001&srchName=ctrtCrst&openUrl=Y,부산광역시장,추정가격 2천만원 이하 물품 또는 용역,수의계약,2026-05-06 09:53:53,,0.08,,,,,2026-05-04,N,getCntrctInfoListThng,물품,부산광역시,17919000
R26TE14573862,물품,R25TA0086515701,R25TA0086515701,2026학년도 가람중학교 교복(생활복)학교주관 구매 계약,N,신규,2026-04-29,,지방계약법 (제2조의2제1항3호001목),0,25456000,5,http://www.g2b.go.kr,직불,,R25BK01003564,7200219,부산광역시북부교육청 가람중학교,교육기관,행정실,조혜승,051-330-4811,051-330-4804,[1^7200219^부산광역시북부교육청 가람중학교^교육기관^행정실^조혜승^0513304811],[1^주계약업체^단독^스마트학생복 북구점^이치형^대한민국^100^스마트학생복 북구점^^6062741878],https://www.g2b.go.kr/link/FIUA027_01/single/?ctrtNo=R25TA00865157&ctrtChgOrd=01&prcmBsneSeCd=조070001&srchName=ctrtCrst&openUrl=Y,가람중학교장,"[판로지원법 시행령] 일반제품 소기업 소상공인 제한경쟁, 공동사업",제한경쟁,2026-05-06 09:58:24,,0.08,,,,,2026-04-29,N,getCntrctInfoListThng,물품,부산광역시북부교육청 가람중학교,25456000
R26TE14574018,물품,R26TA0182155200,R26TA0182155200,다이옥신 자동정제시스템 카트리지 구매,N,신규,2026-05-06,,지방계약법 (제25조제1항5호나목),0,12697000,5,http://www.g2b.go.kr,직불,,,6260088,부산광역시 보건환경연구원,지방자치단체,부산광역시보건환경연구원,전민진,051-309-2721,,[1^6260088^부산광역시 보건환경연구원^지방자치단체^부산광역시보건환경연구원^전민진^0513092721],[1^주계약업체^단독^(주)아이엔에이코리아^조다연^대한민국^100^(주)아이엔에이코리아^^1058741613],https://www.g2b.go.kr/link/FIUA027_01/single/?ctrtNo=R26TA01821552&ctrtChgOrd=00&prcmBsneSeCd=조070001&srchName=ctrtCrst&openUrl=Y,부산광역시보건환경연구원장,추정가격 2천만원 이하 물품 또는 용역,수의계약,2026-05-06 10:01:26,,0.08,,,,,2026-05-06,N,getCntrctInfoListThng,물품,부산광역시 보건환경연구원,12697000
R26TE14574126,물품,R26TA0181942000,R26TA0181942000,양남-감포(6차) 관급(레미콘총액) 구매,N,신규,2026-05-04,2026/12/31,국가계약법 (제42조제1항),0,148450000,10,http://www.g2b.go.kr,직불,R26DC00177630,R26BK01463155,1230137,조달청 대구지방조달청,국가기관,경영관리과,김희현,070-4056-7964,050-5480-2296,[1^1613281^국토교통부 부산지방국토관리청^국가기관^지역협력과^이호준^0516601020],[1^주계약업체^단독^(주)신성레미콘^김범동^대한민국^100^(주)신성레미콘^^5058151610],https://www.g2b.go.kr/link/FIUA027_01/single/?ctrtNo=R26TA01819420&ctrtChgOrd=00&prcmBsneSeCd=조070001&srchName=ctrtCrst&openUrl=Y,대한민국정부대구지방조달청장,예정가격이하 최저가격순 계약이행능력 심사,일반경쟁,2026-05-06 10:04:28,,0.075,,,,,2026-05-04,N,getCntrctInfoListThng,물품,국토교통부 부산지방국토관리청,148450000
R26TE14574157,물품,,R26TA0169520600,화전천 하부 산책로 진출입 차단시설 구입(설치),N,신규,,,지방계약법 (제25조제1항5호나목),0,17766000,5,http://www.g2b.go.kr,직불,,,3360000,부산광역시 강서구,지방자치단체,재무과,송혜미,051-970-4834,051-970-4149,[1^3360000^부산광역시 강서구^지방자치단체^재무과^송혜미^0519704834],[1^주계약업체^단독^(주)테크유니온^신유정^대한민국^100^(주)테크유니온^^6058129704],https://www.g2b.go.kr/link/FIUA027_01/single/?ctrtNo=R26TA01695206&ctrtChgOrd=00&prcmBsneSeCd=조070001&srchName=ctrtCrst&openUrl=Y,강서구청장,추정가격 2천만원 이하 물품 또는 용역,수의계약,2026-05-06 10:05:10,,0.08,,,,,2026-05-06,N,getCntrctInfoListThng,물품,부산광역시 강서구,17766000
R26TE14574166,물품,,R25TA0128650501,부산진초교 일원 보행환경 개선사업 조형월 제작·설치,N,신규,,2025.12.29. ~ 2026.05.05. (착수일 2026.01.06.),지방계약법 (제7조의2제2항2호),0,102200970,5,http://www.g2b.go.kr,직불,,R25BK01232191,3290000,부산광역시 부산진구,지방자치단체,재무과,안유진,,,[1^3290000^부산광역시 부산진구^지방자치단체^재무과^안유진^],[1^주계약업체^단독^원커뮤니케이션^김은정^대한민국^100^원커뮤니케이션^^4122200054],https://www.g2b.go.kr/link/FIUA027_01/single/?ctrtNo=R25TA01286505&ctrtChgOrd=01&prcmBsneSeCd=조070001&srchName=ctrtCrst&openUrl=Y,부산광역시 부산진구청장,"[판로지원법] 중기간경쟁제품 조합추천 지명경쟁, 공동사업",지명경쟁,2026-05-06 10:05:24,,0.08,,,,,2026-05-06,N,getCntrctInfoListThng,물품,부산광역시 부산진구,102200970
R26TE14574333,물품,,R26TA0182446800,"2026년 현수막 지정게시대 구매(옥외광고발전기금,2차)",N,신규,,,지방계약법 (제25조제1항5호나목),0,5400000,5,http://www.g2b.go.kr,직불,,,3360000,부산광역시 강서구,지방자치단체,재무과,김태완,,,[1^3360000^부산광역시 강서구^지방자치단체^재무과^김태완^],[1^주계약업체^단독^주식회사 남신테크^류혜진^대한민국^100^주식회사 남신테크^^5048144004],https://www.g2b.go.kr/link/FIUA027_01/single/?ctrtNo=R26TA01824468&ctrtChgOrd=00&prcmBsneSeCd=조070001&srchName=ctrtCrst&openUrl=Y,강서구청장,추정가격 2천만원 이하 물품 또는 용역,수의계약,2026-05-06 10:09:40,,0.08,,,,,2026-05-06,N,getCntrctInfoListThng,물품,부산광역시 강서구,5400000
R26TE14574443,물품,,R26TA0181442501,2026년 수산종자 매입방류사업 전복 구입,N,신규,,,지방계약법 (제25조제1항5호라목),0,40000000,5,http://www.g2b.go.kr,직불,,R26BK01457422,3260000,부산광역시 서구,지방자치단체,서구청 재무과,김우진,051-240-4145,051-240-4149,[1^3260000^부산광역시 서구^지방자치단체^서구청 재무과^김우진^0512404145],[1^주계약업체^단독^화수분 전복마을^최연희^대한민국^100^화수분 전복마을^^6139121212],https://www.g2b.go.kr/link/FIUA027_01/single/?ctrtNo=R26TA01814425&ctrtChgOrd=01&prcmBsneSeCd=조070001&srchName=ctrtCrst&openUrl=Y,부산광역시 서구청장,추정가격 2천만원 초과 1억원 이하 물품·용역(소기업 소상공인 계약),수의계약,2026-05-06 10:12:34,,0.08,,,,,2026-05-06,N,getCntrctInfoListThng,물품,부산광역시 서구,40000000
R26TE14574688,물품,,R26TA0182920800,비콘그라운드사업소 실내 스크린 파크골프장 냉난방기 구매,N,신규,,2026. 5. 6. ~ 2026. 6. 2.,지방계약법 (제25조제1항5호나목),0,5395000,5,http://www.g2b.go.kr,직불,,,B552587,부산시설공단,지방공기업,재무회계팀,문아름,051-860-7694,051-860-7619,[1^B552587^부산시설공단^지방공기업^재무회계팀^문아름^0518607694],[1^주계약업체^단독^하나공조시스템^윤순덕^대한민국^100^하나공조시스템^^6021667512],https://www.g2b.go.kr/link/FIUA027_01/single/?ctrtNo=R26TA01829208&ctrtChgOrd=00&prcmBsneSeCd=조070001&srchName=ctrtCrst&openUrl=Y,부산시설공단,추정가격 2천만원 이하 물품 또는 용역,수의계약,2026-05-06 10:18:43,,0.08,,,,,2026-05-06,N,getCntrctInfoListThng,물품,부산시설공단,5395000
R26TE14575248,물품,R26TA0182733800,R26TA0182733800,어업지도선(부산201호) 상반기 선용품 구입,N,신규,2026-05-04,2026.5.4.~2026.6.19.,지방계약법 (제25조제1항5호나목),0,11018700,5,http://www.g2b.go.kr,직불,,,6260000,부산광역시,지방자치단체,회계재산담당관,정다은,051-888-2237,051-888-2249,[1^6260000^부산광역시^지방자치단체^회계재산담당관^정다은^0518882237],[1^주계약업체^단독^에스에스엘인터내셔널 주식회사^이동준^대한민국^100^에스에스엘인터내셔널 주식회사^^6068661925],https://www.g2b.go.kr/link/FIUA027_01/single/?ctrtNo=R26TA01827338&ctrtChgOrd=00&prcmBsneSeCd=조070001&srchName=ctrtCrst&openUrl=Y,부산광역시장,추정가격 2천만원 이하 물품 또는 용역,수의계약,2026-05-06 10:31:15,,0.08,,,,,2026-05-04,N,getCntrctInfoListThng,물품,부산광역시,11018700
R26TE14575269,물품,,R26TA0182482300,국제시장 일원 간판 디자인 개선·철거 사업 간판 제작·설치,N,신규,,,지방계약법 (제22조10호),0,226523000,5,http://www.g2b.go.kr,직불,,R26BK01468667,3250000,부산광역시 중구,지방자치단체,재무과,이순남,051-600-4144,,[1^3250000^부산광역시 중구^지방자치단체^재무과^이순남^0516004144],[1^주계약업체^단독^(주)고려폴리머^조정환^대한민국^100^(주)고려폴리머^^6058134473],https://www.g2b.go.kr/link/FIUA027_01/single/?ctrtNo=R26TA01824823&ctrtChgOrd=00&prcmBsneSeCd=조070001&srchName=ctrtCrst&openUrl=Y,부산광역시중구청장,중소벤처기업부장관이 지정 공고한 물품,지명경쟁,2026-05-06 10:31:39,,0.08,,,,,2026-05-06,N,getCntrctInfoListThng,물품,부산광역시 중구,226523000
R26TE14575309,물품,R26TA0181166600,R26TA0181166600,(소액수의)서특단 523함 등 2척 및 예비품 전기통신자재(GPS 안테나 등 11종)구매(특수조건 필독),N,신규,2026-05-04,2026.05.04~2026.05.08,국가계약법 (제26조제1항5호가2목),0,10942090,10,http://www.g2b.go.kr,직불,R26DC00200071,R26BK01472503,1532883,해양경찰청 해양경찰정비창 해양경찰부산정비창,국가기관,기획운영과,신원규,051-419-2317,051-419-2318,[1^1532883^해양경찰청 해양경찰정비창 해양경찰부산정비창^국가기관^기획운영과^이재원^0514192239],[1^주계약업체^단독^유엔글로벌^박현숙^대한민국^100^유엔글로벌^^3883001492],https://www.g2b.go.kr/link/FIUA027_01/single/?ctrtNo=R26TA01811666&ctrtChgOrd=00&prcmBsneSeCd=조070001&srchName=ctrtCrst&openUrl=Y,해양경찰부산정비창,추정가격 2천만원 이하 물품 또는 용역,수의계약,2026-05-06 10:32:24,,0.075,,,,,2026-05-04,N,getCntrctInfoListThng,물품,해양경찰청 해양경찰정비창 해양경찰부산정비창,10942090
R26TE14575536,물품,R26TA0181335200,R26TA0181335200,주기관 수리부속 예비품(MTU12V183부속 등 8종) 구매(특수조건 필독),N,신규,2026-05-01,2026.05.01~2026.10.27,국가계약법 (제21조제1항10호가목),0,67862900,10,http://www.g2b.go.kr,직불,R26DC00191484,R26BK01457254,1532883,해양경찰청 해양경찰정비창 해양경찰부산정비창,국가기관,기획운영과,신원규,051-419-2317,051-419-2318,[1^1532883^해양경찰청 해양경찰정비창 해양경찰부산정비창^국가기관^기획운영과^이재원^0514192239],[1^주계약업체^단독^기보마린 주식회사^김월자^대한민국^100^기보마린 주식회사^^8928802254],https://www.g2b.go.kr/link/FIUA027_01/single/?ctrtNo=R26TA01813352&ctrtChgOrd=00&prcmBsneSeCd=조070001&srchName=ctrtCrst&openUrl=Y,해양경찰부산정비창,"추정가격 1억원 미만 물품·용역(소기업, 소상공인, 벤처기업, 창업자)",제한경쟁,2026-05-06 10:37:41,,0.075,,,,,2026-05-01,N,getCntrctInfoListThng,물품,해양경찰청 해양경찰정비창 해양경찰부산정비창,67862900
R26TE14575585,물품,,R26TA0182876100,국도2호선 가포IC 램프 등 8개소 야간 포장도 보수공사-개질아스콘,N,신규,,계약 후 90일 이내,국가계약법 (제21조제1항8호),0,200160000,10,http://www.g2b.go.kr,직불,R26DC00185587,R26BK01474215,1230155,조달청 경남지방조달청,국가기관,,박수경,070-4056-6751,050-5489-2413,[1^1613800^국토교통부 부산지방국토관리청 김해국토관리사무소^국가기관^운영지원과^김동현^0553406615],[1^주계약업체^단독^주식회사대영건업^박경우^대한민국^100^주식회사대영건업^^6088127836],https://www.g2b.go.kr/link/FIUA027_01/single/?ctrtNo=R26TA01828761&ctrtChgOrd=00&prcmBsneSeCd=조070001&srchName=ctrtCrst&openUrl=Y,대한민국정부경남지방조달청장,중소기업청장이 지정.고시한 제품,제한경쟁,2026-05-06 10:39:03,,0.075,,,,,2026-05-08,N,getCntrctInfoListThng,물품,국토교통부 부산지방국토관리청 김해국토관리사무소,200160000
R26TE14575753,물품,,R26TA0182538900,2026년 전국소년(장애학생)체전 개회식 선수단 환영현수막 등 제작·설치,N,신규,,2026.5.4.~2026.5.26.,지방계약법 (제25조제1항5호나목),0,17919000,5,http://www.g2b.go.kr,직불,,,6260000,부산광역시,지방자치단체,회계재산담당관,정다은,051-888-2237,051-888-2249,[1^6260000^부산광역시^지방자치단체^회계재산담당관^정다은^0518882237],[1^주계약업체^단독^(주)대륙건설광고공사^김화연^대한민국^100^(주)대륙건설광고공사^^6018127169],https://www.g2b.go.kr/link/FIUA027_01/single/?ctrtNo=R26TA01825389&ctrtChgOrd=00&prcmBsneSeCd=조070001&srchName=ctrtCrst&openUrl=Y,부산광역시장,추정가격 2천만원 이하 물품 또는 용역,수의계약,2026-05-06 10:43:48,,0.08,,,,,2026-05-04,N,getCntrctInfoListThng,물품,부산광역시,17919000
R26TE14575814,물품,R26TA0182446800,R26TA0182446800,"2026년 현수막 지정게시대 구매(옥외광고발전기금,2차)",N,신규,2026-05-06,,지방계약법 (제25조제1항5호나목),0,5400000,5,http://www.g2b.go.kr,직불,,,3360000,부산광역시 강서구,지방자치단체,재무과,김태완,,,[1^3360000^부산광역시 강서구^지방자치단체^재무과^김태완^],[1^주계약업체^단독^주식회사 남신테크^류혜진^대한민국^100^주식회사 남신테크^^5048144004],https://www.g2b.go.kr/link/FIUA027_01/single/?ctrtNo=R26TA01824468&ctrtChgOrd=00&prcmBsneSeCd=조070001&srchName=ctrtCrst&openUrl=Y,강서구청장,추정가격 2천만원 이하 물품 또는 용역,수의계약,2026-05-06 10:45:05,,0.08,,,,,2026-05-06,N,getCntrctInfoListThng,물품,부산광역시 강서구,5400000
R26TE14575827,물품,R26TA0182446800,R26TA0182446800,"2026년 현수막 지정게시대 구매(옥외광고발전기금,2차)",N,신규,2026-05-06,,지방계약법 (제25조제1항5호나목),0,5400000,5,http://www.g2b.go.kr,직불,,,3360000,부산광역시 강서구,지방자치단체,재무과,김태완,,,[1^3360000^부산광역시 강서구^지방자치단체^재무과^김태완^],[1^주계약업체^단독^주식회사 남신테크^류혜진^대한민국^100^주식회사 남신테크^^5048144004],https://www.g2b.go.kr/link/FIUA027_01/single/?ctrtNo=R26TA01824468&ctrtChgOrd=00&prcmBsneSeCd=조070001&srchName=ctrtCrst&openUrl=Y,강서구청장,추정가격 2천만원 이하 물품 또는 용역,수의계약,2026-05-06 10:45:23,,0.08,,,,,2026-05-06,N,getCntrctInfoListThng,물품,부산광역시 강서구,5400000
R26TE14575976,물품,R26TA0182510600,R26TA0182510600,(소액수의)통영 1006함 양현 주기관 연료분사노즐팁 교체 및 밸브간극 검사수리,N,신규,2026-05-07,26.5.7.~26.5.13.,국가계약법 (제26조제1항5호가2목),0,10856000,10,http://www.g2b.go.kr,직불,R26DC00202316,R26BK01482179,1532883,해양경찰청 해양경찰정비창 해양경찰부산정비창,국가기관,기획운영과,김대성,051-419-2417,051-419-2318,[1^1532883^해양경찰청 해양경찰정비창 해양경찰부산정비창^국가기관^기획운영과^이재원^0514192239],[1^주계약업체^단독^기보마린 주식회사^김월자^대한민국^100^기보마린 주식회사^^8928802254],https://www.g2b.go.kr/link/FIUA027_01/single/?ctrtNo=R26TA01825106&ctrtChgOrd=00&prcmBsneSeCd=조070001&srchName=ctrtCrst&openUrl=Y,해양경찰부산정비창,추정가격 2천만원 이하 물품 또는 용역,수의계약,2026-05-06 10:47:54,,0.125,,,,,2026-05-07,N,getCntrctInfoListThng,물품,해양경찰청 해양경찰정비창 해양경찰부산정비창,10856000
R26TE14576092,물품,,R26TA0182798300,리턴그릴필터 등 3종 구매,N,신규,,,지방계약법 (제25조제1항5호나목),0,10680000,5,http://www.g2b.go.kr,직불,,,B551542,부산교통공사,지방공기업,회계자산처,박지혜,,,[1^B551542^부산교통공사^지방공기업^회계자산처^박지혜^],[1^주계약업체^단독^태광정밀^강충세^대한민국^100^태광정밀^^6050560695],https://www.g2b.go.kr/link/FIUA027_01/single/?ctrtNo=R26TA01827983&ctrtChgOrd=00&prcmBsneSeCd=조070001&srchName=ctrtCrst&openUrl=Y,부산교통공사사장,추정가격 2천만원 이하 물품 또는 용역,수의계약,2026-05-06 10:50:41,,0.08,,,,,2026-05-08,N,getCntrctInfoListThng,물품,부산교통공사,10680000
R26TE14576172,물품,R26TA0182041300,R26TA0182041300,"(단가)속초 509함 NO.1,2 발전기관(CUMMINS QSM11) 터보차져 총분해수리",N,신규,2026-05-08,26.5.8.~26.5.14.,국가계약법 (제21조제1항10호가목),0,1865600,10,http://www.g2b.go.kr,직불,,,1532883,해양경찰청 해양경찰정비창 해양경찰부산정비창,국가기관,기획운영과,김대성,051-419-2417,051-419-2318,[1^1532883^해양경찰청 해양경찰정비창 해양경찰부산정비창^국가기관^기획운영과^김대성^0514192417],[1^주계약업체^단독^우성터보엔지니어링^황종규^대한민국^100^우성터보엔지니어링^^6013067548],https://www.g2b.go.kr/link/FIUA027_01/single/?ctrtNo=R26TA01820413&ctrtChgOrd=00&prcmBsneSeCd=조070001&srchName=ctrtCrst&openUrl=Y,해양경찰부산정비창,"추정가격 1억원 미만 물품·용역(소기업, 소상공인, 벤처기업, 창업자)",제한경쟁,2026-05-06 10:52:15,,0.125,,,,,2026-05-08,N,getCntrctInfoListThng,물품,해양경찰청 해양경찰정비창 해양경찰부산정비창,1865600
R26TE14576185,물품,R26TA0181502100,R26TA0181502100,분기분전반 구입,N,신규,2026-04-29,2026.4.29.~2026.6.22.,지방계약법 (제25조제1항5호나목),0,7598600,5,http://www.g2b.go.kr,직불,,,6260000,부산광역시,지방자치단체,회계재산담당관,정다은,051-888-2237,051-888-2249,[1^6260000^부산광역시^지방자치단체^회계재산담당관^정다은^0518882237],[1^주계약업체^단독^리안넷 주식회사^김영주^대한민국^100^리안넷 주식회사^^6218161313],https://www.g2b.go.kr/link/FIUA027_01/single/?ctrtNo=R26TA01815021&ctrtChgOrd=00&prcmBsneSeCd=조070001&srchName=ctrtCrst&openUrl=Y,부산광역시장,추정가격 2천만원 이하 물품 또는 용역,수의계약,2026-05-06 10:52:41,,0.08,,,,,2026-04-29,N,getCntrctInfoListThng,물품,부산광역시,7598600
R26TE14576187,물품,,R26TA0182893200,국도25호선 밀양 상남 연금 등 4개소 포장도 보수공사-개질아스콘,N,신규,,계약 후 90일 이내,국가계약법 (제21조제1항8호),0,187938000,10,http://www.g2b.go.kr,직불,R26DC00185589,R26BK01474221,1230155,조달청 경남지방조달청,국가기관,,박수경,070-4056-6751,050-5489-2413,[1^1613800^국토교통부 부산지방국토관리청 김해국토관리사무소^국가기관^운영지원과^김동현^0553406615],[1^주계약업체^단독^부울경아스콘사업협동조합^백승만^대한민국^100^부울경아스콘사업협동조합^^6138212254],https://www.g2b.go.kr/link/FIUA027_01/single/?ctrtNo=R26TA01828932&ctrtChgOrd=00&prcmBsneSeCd=조070001&srchName=ctrtCrst&openUrl=Y,대한민국정부경남지방조달청장,중소기업청장이 지정.고시한 제품,제한경쟁,2026-05-06 10:52:47,,0.075,,,,,2026-05-07,N,getCntrctInfoListThng,물품,국토교통부 부산지방국토관리청 김해국토관리사무소,187938000
R26TE14576240,물품,,R26TA0182904800,국도5호선 창녕 도천 논리 등 8개소 포장도 보수공-개질아스콘,N,신규,,계약 후 90일 이내,국가계약법 (제21조제1항8호),0,252488500,10,http://www.g2b.go.kr,직불,R26DC00185588,R26BK01474230,1230155,조달청 경남지방조달청,국가기관,,박수경,070-4056-6751,050-5489-2413,[1^1613800^국토교통부 부산지방국토관리청 김해국토관리사무소^국가기관^운영지원과^김동현^0553406615],[1^주계약업체^단독^경남중서부아스콘사업협동조합^정채근^대한민국^100^경남중서부아스콘사업협동조합^^4558200171],https://www.g2b.go.kr/link/FIUA027_01/single/?ctrtNo=R26TA01829048&ctrtChgOrd=00&prcmBsneSeCd=조070001&srchName=ctrtCrst&openUrl=Y,대한민국정부경남지방조달청장,중소기업청장이 지정.고시한 제품,제한경쟁,2026-05-06 10:54:09,,0.075,,,,,2026-05-07,N,getCntrctInfoListThng,물품,국토교통부 부산지방국토관리청 김해국토관리사무소,252488500
R26TE14576309,물품,,R26TA0182964000,백양가족공원 테이블 구매,N,신규,,2026.05.06.~2026.05.29.,지방계약법 (제25조제1항5호나목),0,3410000,5,http://www.g2b.go.kr,직불,,,3290000,부산광역시 부산진구,지방자치단체,재무과,한영경,051-605-4151,,[1^3290000^부산광역시 부산진구^지방자치단체^재무과^한영경^0516054151],[1^주계약업체^단독^주식회사 이지디자인^정자옥^대한민국^100^주식회사 이지디자인^^6068124605],https://www.g2b.go.kr/link/FIUA027_01/single/?ctrtNo=R26TA01829640&ctrtChgOrd=00&prcmBsneSeCd=조070001&srchName=ctrtCrst&openUrl=Y,부산광역시 부산진구청장,추정가격 2천만원 이하 물품 또는 용역,수의계약,2026-05-06 10:55:44,,0.08,,,,,2026-05-06,N,getCntrctInfoListThng,물품,부산광역시 부산진구,3410000
R26TE14576338,물품,,R26TA0182966400,2026년 행정 사무용품 구입,N,신규,,계약일로부터 30일,지방계약법 (제25조제1항5호나목),0,6342700,10,http://www.g2b.go.kr,직불,,,B551542,부산교통공사,지방공기업,회계자산처,강동현,051-678-6250,,[1^B551542^부산교통공사^지방공기업^회계자산처^강동현^0516786250],[1^주계약업체^단독^다성사무용품^문원재^대한민국^100^다성사무용품^^6211282118],https://www.g2b.go.kr/link/FIUA027_01/single/?ctrtNo=R26TA01829664&ctrtChgOrd=00&prcmBsneSeCd=조070001&srchName=ctrtCrst&openUrl=Y,부산교통공사사장,추정가격 2천만원 이하 물품 또는 용역,수의계약,2026-05-06 10:56:34,,0.08,,,,,2026-05-06,N,getCntrctInfoListThng,물품,부산교통공사,6342700
R26TE14576352,물품,,R25TA0083298301,2026학년도 동주여자고등학교 신입생 교복[동복•하복(생활복)] 학교주관 구매 ,N,신규,,,지방계약법 (제2조의2제1항1호),0,39824000,10,http://www.g2b.go.kr,직불,,R25BK00974345,7150431,부산광역시교육청 동주여자고등학교,기타기관,행정실,유수진,051-240-3004,051-246-4097,[1^7150431^부산광역시교육청 동주여자고등학교^기타기관^행정실^유수진^0512403004],"[1^주계약업체^단독^아이비클럽 (대신,수정)^오임호^대한민국^100^아이비클럽 (대신,수정)^^6040242276]",https://www.g2b.go.kr/link/FIUA027_01/single/?ctrtNo=R25TA00832983&ctrtChgOrd=01&prcmBsneSeCd=조070001&srchName=ctrtCrst&openUrl=Y,동주여자고등학교장,"[판로지원법 시행령] 소기업,소상공인제한",제한경쟁,2026-05-06 10:56:56,,0.08,,,,,2026-05-05,N,getCntrctInfoListThng,물품,부산광역시교육청 동주여자고등학교,39824000
R26TE14576428,물품,,R26TA0182961700,전동차 운전실용 DRIVERS SEAT ASSY 등 45종 구매,N,신규,,,지방계약법 (제20조제1항6호),0,419374300,5,http://www.g2b.go.kr,직불,,R26BK01479517,B551542,부산교통공사,지방공기업,회계자산처,박미정,051-640-7248,051-640-7255,[1^B551542^부산교통공사^지방공기업^회계자산처^박미정^0516407248],[1^주계약업체^단독^태광정밀^강충세^대한민국^100^태광정밀^^6050560695],https://www.g2b.go.kr/link/FIUA027_01/single/?ctrtNo=R26TA01829617&ctrtChgOrd=00&prcmBsneSeCd=조070001&srchName=ctrtCrst&openUrl=Y,부산교통공사사장,행정안전부령 금액 미만 본점소재지,제한경쟁,2026-05-06 10:58:42,,0.08,,,,,2026-05-11,N,getCntrctInfoListThng,물품,부산교통공사,419374300
R26TE14576502,물품,R26TA0181586500,R26TA0181586500,(소액수의)통영 1006함 등 3척 및 예비품 전기통신자재(온도스위치 등 17종) 구매(특수조건 필독),N,신규,2026-05-06,2026.05.06~2026.05.08,국가계약법 (제26조제1항5호가2목),0,7695630,10,http://www.g2b.go.kr,직불,R26DC00201708,R26BK01479601,1532883,해양경찰청 해양경찰정비창 해양경찰부산정비창,국가기관,기획운영과,신원규,051-419-2317,051-419-2318,[1^1532883^해양경찰청 해양경찰정비창 해양경찰부산정비창^국가기관^기획운영과^이재원^0514192239],[1^주계약업체^단독^메디아이^신승호^대한민국^100^메디아이^^6063451826],https://www.g2b.go.kr/link/FIUA027_01/single/?ctrtNo=R26TA01815865&ctrtChgOrd=00&prcmBsneSeCd=조070001&srchName=ctrtCrst&openUrl=Y,해양경찰부산정비창,추정가격 2천만원 이하 물품 또는 용역,수의계약,2026-05-06 11:00:33,,0.075,,,,,2026-05-06,N,getCntrctInfoListThng,물품,해양경찰청 해양경찰정비창 해양경찰부산정비창,7695630
R26TE14576553,물품,R26TA0181196400,R26TA0181196400,"(단가)속초 509함 NO.1,2 발전기관 취외취부 및 중심조정수리(QSM11)",N,신규,2026-05-06,26.5.6.~26.6.2.,국가계약법 (제21조제1항10호나목),0,7800000,10,http://www.g2b.go.kr,직불,,,1532883,해양경찰청 해양경찰정비창 해양경찰부산정비창,국가기관,기획운영과,김대성,051-419-2417,051-419-2318,[1^1532883^해양경찰청 해양경찰정비창 해양경찰부산정비창^국가기관^기획운영과^김대성^0514192417],[1^주계약업체^단독^기보마린 주식회사^김월자^대한민국^100^기보마린 주식회사^^8928802254],https://www.g2b.go.kr/link/FIUA027_01/single/?ctrtNo=R26TA01811964&ctrtChgOrd=00&prcmBsneSeCd=조070001&srchName=ctrtCrst&openUrl=Y,해양경찰부산정비창,추정가격 1억원이상 고시금액 미만  물품·용역(중소기업자),제한경쟁,2026-05-06 11:02:05,,0.125,,,,,2026-05-06,N,getCntrctInfoListThng,물품,해양경찰청 해양경찰정비창 해양경찰부산정비창,7800000
R26TE14577058,물품,R26TA0182538900,R26TA0182538900,2026년 전국소년(장애학생)체전 개회식 선수단 환영현수막 등 제작·설치,N,신규,2026-05-04,2026.5.4.~2026.5.26.,지방계약법 (제25조제1항5호나목),0,17919000,5,http://www.g2b.go.kr,직불,,,6260000,부산광역시,지방자치단체,회계재산담당관,정다은,051-888-2237,051-888-2249,[1^6260000^부산광역시^지방자치단체^회계재산담당관^정다은^0518882237],[1^주계약업체^단독^(주)대륙건설광고공사^김화연^대한민국^100^(주)대륙건설광고공사^^6018127169],https://www.g2b.go.kr/link/FIUA027_01/single/?ctrtNo=R26TA01825389&ctrtChgOrd=00&prcmBsneSeCd=조070001&srchName=ctrtCrst&openUrl=Y,부산광역시장,추정가격 2천만원 이하 물품 또는 용역,수의계약,2026-05-06 11:15:04,,0.08,,,,,2026-05-04,N,getCntrctInfoListThng,물품,부산광역시,17919000
R26TE14577200,물품,R26TA0182761800,R26TA0182761800,폐열보일러 증발관 Protector 구매,N,신규,2026-05-06,계약일로부터 15일,지방계약법 (제25조제1항5호나목),0,3465000,5,http://www.g2b.go.kr,직불,,,ZI00238,부산환경공단 명지사업소,지방공기업,부산환경공단 명지사업소,이민경,051-790-3512,051-790-3560,[1^ZI00238^부산환경공단 명지사업소^지방공기업^부산환경공단 명지사업소^이민경^0517903512],[1^주계약업체^단독^회성이엔지^구민수^대한민국^100^회성이엔지^^6173708126],https://www.g2b.go.kr/link/FIUA027_01/single/?ctrtNo=R26TA01827618&ctrtChgOrd=00&prcmBsneSeCd=조070001&srchName=ctrtCrst&openUrl=Y,명지사업소장,추정가격 2천만원 이하 물품 또는 용역,수의계약,2026-05-06 11:18:56,,0.08,,,,,2026-05-06,N,getCntrctInfoListThng,물품,부산환경공단 명지사업소,3465000
R26TE14577644,물품,,R26TA0182999600,전동차 축상용 자동조심롤러베어링 등 10종 구매,N,신규,,,지방계약법 (제20조제1항6호),0,218624300,5,http://www.g2b.go.kr,직불,,R26BK01479441,B551542,부산교통공사,지방공기업,회계자산처,박미정,051-640-7248,051-640-7255,[1^B551542^부산교통공사^지방공기업^회계자산처^박미정^0516407248],[1^주계약업체^단독^유선상사^정달화^대한민국^100^유선상사^^6054392618],https://www.g2b.go.kr/link/FIUA027_01/single/?ctrtNo=R26TA01829996&ctrtChgOrd=00&prcmBsneSeCd=조070001&srchName=ctrtCrst&openUrl=Y,부산교통공사사장,행정안전부령 금액 미만 본점소재지,제한경쟁,2026-05-06 11:29:34,,0.08,,,,,2026-05-11,N,getCntrctInfoListThng,물품,부산교통공사,218624300
R26TE14577923,물품,,R26TA0183019100,동구국민체육문예센터 승강기 노후 부품 정비,N,신규,,,지방계약법 (제25조제1항5호나목),0,5933400,5,http://www.g2b.go.kr,직불,,,3270000,부산광역시 동구,지방자치단체,재무과,남수현,051-440-4144,,[1^3270000^부산광역시 동구^지방자치단체^재무과^남수현^0514404144],[1^주계약업체^단독^(주)한림기업^양재진^대한민국^100^(주)한림기업^^5148133445],https://www.g2b.go.kr/link/FIUA027_01/single/?ctrtNo=R26TA01830191&ctrtChgOrd=00&prcmBsneSeCd=조070001&srchName=ctrtCrst&openUrl=Y,부산광역시동구청장,추정가격 2천만원 이하 물품 또는 용역,수의계약,2026-05-06 11:39:58,,0.08,,,,,2026-05-06,N,getCntrctInfoListThng,물품,부산광역시 동구,5933400
R26TE14578423,물품,R26TA0182964000,R26TA0182964000,백양가족공원 테이블 구매,N,신규,2026-05-06,2026.05.06.~2026.05.29.,지방계약법 (제25조제1항5호나목),0,3410000,5,http://www.g2b.go.kr,직불,,,3290000,부산광역시 부산진구,지방자치단체,재무과,한영경,051-605-4151,,[1^3290000^부산광역시 부산진구^지방자치단체^재무과^한영경^0516054151],[1^주계약업체^단독^주식회사 이지디자인^정자옥^대한민국^100^주식회사 이지디자인^^6068124605],https://www.g2b.go.kr/link/FIUA027_01/single/?ctrtNo=R26TA01829640&ctrtChgOrd=00&prcmBsneSeCd=조070001&srchName=ctrtCrst&openUrl=Y,부산광역시 부산진구청장,추정가격 2천만원 이하 물품 또는 용역,수의계약,2026-05-06 12:48:28,,0.08,,,,,2026-05-06,N,getCntrctInfoListThng,물품,부산광역시 부산진구,3410000
R26TE14578597,물품,R26TA0177891800,R26TA0177891800,부산대학교 AI서비스 환경 제공 사업,N,신규,2026-05-04,계약 후 30일 이내,국가계약법 (제21조제1항10호나목),0,187000000,10,http://www.g2b.go.kr,직불,R26DC00156460,R26BK01343462,1230130,조달청 부산지방조달청,국가기관,경영관리과,조정렬,051-330-6535,050-5730-1840,[1^7000463^부산대학교^교육기관^재무과^손보경^],[1^주계약업체^단독^주식회사 아이코어이앤씨^구천리^대한민국^100^주식회사 아이코어이앤씨^^1428128238],https://www.g2b.go.kr/link/FIUA027_01/single/?ctrtNo=R26TA01778918&ctrtChgOrd=00&prcmBsneSeCd=조070001&srchName=ctrtCrst&openUrl=Y,대한민국정부부산지방조달청장,추정가격 1억원이상 고시금액 미만  물품·용역(중소기업자),제한경쟁,2026-05-06 13:03:32,,0.075,,,,,2026-05-04,Y,getCntrctInfoListThng,물품,부산대학교,187000000
R26TE14578712,물품,R26TA0182841200,R26TA0182841200,2026년 수영고가교 내진성능 보강공사 관급자재(교량받침) 구매,N,신규,2026-05-06,,지방계약법 (제12조),0,386897010,5,http://www.g2b.go.kr,직불,,R26BK01459345,6260000,부산광역시,지방자치단체,회계재산담당관,김주홍,051-888-2244,,[1^6260409^부산광역시 건설안전시험사업소^지방자치단체^관리팀^조윤정^],[1^주계약업체^단독^포인텍이앤씨 주식회사^김선엽^대한민국^100^포인텍이앤씨 주식회사^^2158779094],https://www.g2b.go.kr/link/FIUA027_01/single/?ctrtNo=R26TA01828412&ctrtChgOrd=00&prcmBsneSeCd=조070001&srchName=ctrtCrst&openUrl=Y,부산광역시장,경쟁은 입찰의 방법으로 행함,일반경쟁,2026-05-06 13:08:21,,0.08,,,,,2026-05-06,N,getCntrctInfoListThng,물품,부산광역시 건설안전시험사업소,386897010
R26TE14578730,물품,R26TA0181196400,R26TA0181196400,"(단가)속초 509함 NO.1,2 발전기관 취외취부 및 중심조정수리(QSM11)",N,신규,2026-05-06,26.5.6.~26.6.2.,국가계약법 (제21조제1항10호나목),0,7800000,10,http://www.g2b.go.kr,직불,,,1532883,해양경찰청 해양경찰정비창 해양경찰부산정비창,국가기관,기획운영과,김대성,051-419-2417,051-419-2318,[1^1532883^해양경찰청 해양경찰정비창 해양경찰부산정비창^국가기관^기획운영과^김대성^0514192417],[1^주계약업체^단독^기보마린 주식회사^김월자^대한민국^100^기보마린 주식회사^^8928802254],https://www.g2b.go.kr/link/FIUA027_01/single/?ctrtNo=R26TA01811964&ctrtChgOrd=00&prcmBsneSeCd=조070001&srchName=ctrtCrst&openUrl=Y,해양경찰부산정비창,추정가격 1억원이상 고시금액 미만  물품·용역(중소기업자),제한경쟁,2026-05-06 13:08:55,,0.125,,,,,2026-05-06,N,getCntrctInfoListThng,물품,해양경찰청 해양경찰정비창 해양경찰부산정비창,7800000
R26TE14578882,물품,R26TA0182053800,R26TA0182053800,"(단가)속초 509함 NO.1,2 발전기관(CUMMINS QSM11) 실린더헤드 가공수리",N,신규,2026-05-08,26.5.8.~26.5.14.,국가계약법 (제21조제1항10호가목),0,4216000,10,http://www.g2b.go.kr,직불,,,1532883,해양경찰청 해양경찰정비창 해양경찰부산정비창,국가기관,기획운영과,김대성,051-419-2417,051-419-2318,[1^1532883^해양경찰청 해양경찰정비창 해양경찰부산정비창^국가기관^기획운영과^김대성^0514192417],[1^주계약업체^단독^디와이이엔지^김신호^대한민국^100^디와이이엔지^^5582601056],https://www.g2b.go.kr/link/FIUA027_01/single/?ctrtNo=R26TA01820538&ctrtChgOrd=00&prcmBsneSeCd=조070001&srchName=ctrtCrst&openUrl=Y,해양경찰부산정비창,"추정가격 1억원 미만 물품·용역(소기업, 소상공인, 벤처기업, 창업자)",제한경쟁,2026-05-06 13:14:03,,0.125,,,,,2026-05-08,N,getCntrctInfoListThng,물품,해양경찰청 해양경찰정비창 해양경찰부산정비창,4216000
R26TE14579149,물품,R26TA0181855400,R26TA0181855400,(소액수의)선체과 자산취득물품(선거계 고압세척기) 구매,N,신규,2026-05-06,26.05.06~26.08.05,국가계약법 (제26조제1항5호가3목),0,30964840,10,http://www.g2b.go.kr,직불,R26DC00198579,R26BK01477363,1532883,해양경찰청 해양경찰정비창 해양경찰부산정비창,국가기관,기획운영과,박규찬,051-419-2239,051-419-2318,[1^1532883^해양경찰청 해양경찰정비창 해양경찰부산정비창^국가기관^기획운영과^박규찬^0514192239],[1^주계약업체^단독^베스트유^이유나^대한민국^100^베스트유^^8152002320],https://www.g2b.go.kr/link/FIUA027_01/single/?ctrtNo=R26TA01818554&ctrtChgOrd=00&prcmBsneSeCd=조070001&srchName=ctrtCrst&openUrl=Y,해양경찰부산정비창,추정가격 2천만원 초과 1억원 이하 물품·용역(소기업.소상공인 계약),수의계약,2026-05-06 13:21:32,,0.075,,,,,2026-05-06,N,getCntrctInfoListThng,물품,해양경찰청 해양경찰정비창 해양경찰부산정비창,30964840
R26TE14579507,물품,,R26TA0183025100,도어엔진용 U패킹 등 5종 구매,N,신규,,,지방계약법 (제25조제1항5호나목),0,9760000,5,http://www.g2b.go.kr,직불,,,B551542,부산교통공사,지방공기업,회계자산처,김예지,,,[1^B551542^부산교통공사^지방공기업^회계자산처^김예지^],[1^주계약업체^단독^한울기업^임주현^대한민국^100^한울기업^^4124100389],https://www.g2b.go.kr/link/FIUA027_01/single/?ctrtNo=R26TA01830251&ctrtChgOrd=00&prcmBsneSeCd=조070001&srchName=ctrtCrst&openUrl=Y,부산교통공사사장,추정가격 2천만원 이하 물품 또는 용역,수의계약,2026-05-06 13:30:14,,0.08,,,,,2026-05-06,N,getCntrctInfoListThng,물품,부산교통공사,9760000
R26TE14579698,물품,,R26TA0183019100,동구국민체육문예센터 승강기 노후 부품 정비,N,신규,,,지방계약법 (제25조제1항5호나목),0,6061000,5,http://www.g2b.go.kr,직불,,,3270000,부산광역시 동구,지방자치단체,재무과,남수현,051-440-4144,,[1^3270000^부산광역시 동구^지방자치단체^재무과^남수현^0514404144],[1^주계약업체^단독^(주)한림기업^양재진^대한민국^100^(주)한림기업^^5148133445],https://www.g2b.go.kr/link/FIUA027_01/single/?ctrtNo=R26TA01830191&ctrtChgOrd=00&prcmBsneSeCd=조070001&srchName=ctrtCrst&openUrl=Y,부산광역시동구청장,추정가격 2천만원 이하 물품 또는 용역,수의계약,2026-05-06 13:35:26,,0.08,,,,,2026-05-06,N,getCntrctInfoListThng,물품,부산광역시 동구,6061000
R26TE14579845,물품,,R26TA0183078200,SMPS함 구매 [정관체육시설 축구장 스포츠조명 교체공사],N,신규,,,지방계약법 (제25조제1항5호나목),0,12000000,5,http://www.g2b.go.kr,직불,,,3400000,부산광역시 기장군,지방자치단체,재무과,윤성미,,,[1^3400000^부산광역시 기장군^지방자치단체^재무과^윤성미^],[1^주계약업체^단독^천광전업(주)^천광명^대한민국^100^천광전업(주)^^6218171640],https://www.g2b.go.kr/link/FIUA027_01/single/?ctrtNo=R26TA01830782&ctrtChgOrd=00&prcmBsneSeCd=조070001&srchName=ctrtCrst&openUrl=Y,기장군수,추정가격 2천만원 이하 물품 또는 용역,수의계약,2026-05-06 13:39:42,,0.08,,,,,2026-05-06,N,getCntrctInfoListThng,물품,부산광역시 기장군,12000000
R26TE14579964,물품,R26TA0181209600,R26TA0181209600,2026년 검사실 시약 및 소모품 구입,N,신규,2026-05-06,,지방계약법 (제25조제1항5호라목),0,31319200,5,http://www.g2b.go.kr,직불,,R26BK01481191,3360024,부산광역시 강서구 보건소,지방자치단체,보건행정과,신진숙,,,[1^3360024^부산광역시 강서구 보건소^지방자치단체^보건행정과^신진숙^],[1^주계약업체^단독^주식회사 부영상사^정순연^대한민국^100^주식회사 부영상사^^6458800344],https://www.g2b.go.kr/link/FIUA027_01/single/?ctrtNo=R26TA01812096&ctrtChgOrd=00&prcmBsneSeCd=조070001&srchName=ctrtCrst&openUrl=Y,강서구 보건소 재무관,추정가격 2천만원 초과 1억원 이하 물품·용역(소기업 소상공인 계약),수의계약,2026-05-06 13:42:10,,0.08,,,,,2026-05-06,N,getCntrctInfoListThng,물품,부산광역시 강서구 보건소,31319200
R26TE14580038,물품,,R26TA0183039600,라인데리아용 깊은홈볼베어링 등 5종 구매,N,신규,,,지방계약법 (제25조제1항5호나목),0,9669000,5,http://www.g2b.go.kr,직불,,,B551542,부산교통공사,지방공기업,회계자산처,김예지,,,[1^B551542^부산교통공사^지방공기업^회계자산처^김예지^],[1^주계약업체^단독^유선상사^정달화^대한민국^100^유선상사^^6054392618],https://www.g2b.go.kr/link/FIUA027_01/single/?ctrtNo=R26TA01830396&ctrtChgOrd=00&prcmBsneSeCd=조070001&srchName=ctrtCrst&openUrl=Y,부산교통공사사장,추정가격 2천만원 이하 물품 또는 용역,수의계약,2026-05-06 13:43:54,,0.08,,,,,2026-05-06,N,getCntrctInfoListThng,물품,부산교통공사,9669000
R26TE14580295,물품,,R26TA0183091100,2026년 꽃피는 마을 에코 수영 프로젝트 가로등 걸이 화분 잡자재 구입,N,신규,,,지방계약법 (제25조제1항5호나목),0,10969000,10,http://www.g2b.go.kr,직불,,,3380000,부산광역시 수영구,지방자치단체,재무과,장지혜,,,[1^3380000^부산광역시 수영구^지방자치단체^재무과^장지혜^],[1^주계약업체^단독^그린토피아^이동규^대한민국^100^그린토피아^^4630901936],https://www.g2b.go.kr/link/FIUA027_01/single/?ctrtNo=R26TA01830911&ctrtChgOrd=00&prcmBsneSeCd=조070001&srchName=ctrtCrst&openUrl=Y,부산광역시수영구청장,추정가격 2천만원 이하 물품 또는 용역,수의계약,2026-05-06 13:50:01,,0.08,,,,,2026-05-06,N,getCntrctInfoListThng,물품,부산광역시 수영구,10969000
R26TE14580562,물품,R26TA0181442501,R26TA0181442501,2026년 수산종자 매입방류사업 전복 구입,N,신규,2026-05-06,,지방계약법 (제25조제1항5호라목),0,40000000,5,http://www.g2b.go.kr,직불,,R26BK01457422,3260000,부산광역시 서구,지방자치단체,서구청 재무과,김우진,051-240-4145,051-240-4149,[1^3260000^부산광역시 서구^지방자치단체^서구청 재무과^김우진^0512404145],[1^주계약업체^단독^화수분 전복마을^최연희^대한민국^100^화수분 전복마을^^6139121212],https://www.g2b.go.kr/link/FIUA027_01/single/?ctrtNo=R26TA01814425&ctrtChgOrd=01&prcmBsneSeCd=조070001&srchName=ctrtCrst&openUrl=Y,부산광역시 서구청장,추정가격 2천만원 초과 1억원 이하 물품·용역(소기업 소상공인 계약),수의계약,2026-05-06 13:55:12,,0.08,,,,,2026-05-06,N,getCntrctInfoListThng,물품,부산광역시 서구,40000000
R26TE14580830,물품,,R25TA0085739902,2026학년도 부산중앙중학교 교복(생활복) 학교주관구매,N,신규,,,지방계약법 (제2조의2제1항1호),0,71430000,5,http://www.g2b.go.kr,직불,,R25BK01005329,7211196,부산광역시교육청 부산광역시해운대교육지원청 부산중앙중학교,교육기관,행정실,이윤경,,,[1^7211196^부산광역시교육청 부산광역시해운대교육지원청 부산중앙중학교^교육기관^행정실^이윤경^],[1^주계약업체^단독^엘리트(교복점)^전영주^대한민국^100^엘리트(교복점)^^6212141875],https://www.g2b.go.kr/link/FIUA027_01/single/?ctrtNo=R25TA00857399&ctrtChgOrd=02&prcmBsneSeCd=조070001&srchName=ctrtCrst&openUrl=Y,부산중앙중학교,"[판로지원법 시행령] 소기업,소상공인제한",제한경쟁,2026-05-06 14:00:55,,0.08,,,,,2026-05-06,N,getCntrctInfoListThng,물품,부산광역시교육청 부산광역시해운대교육지원청 부산중앙중학교,71430000
R26TE14580865,물품,R26TA0182164000,R26TA0182164000,지소 원격감시제어시스템 재정비 사업,N,신규,2026-05-06,계약 후 240일 이내,지방계약법 (제25조제1항6호라5목),0,354000000,5,http://www.g2b.go.kr,대지급,R26DC00198054,R26BK01492749,1230130,조달청 부산지방조달청,국가기관,경영관리과,이재형,070-4056-6590,050-5730-1904,[1^6260099^부산광역시 상수도사업본부 시설관리사업소^지방자치단체^관리팀^류화수^0516694523],[1^주계약업체^단독^동영테크원 주식회사^정윤화^대한민국^100^동영테크원 주식회사^^6218117350],https://www.g2b.go.kr/link/FIUA027_01/single/?ctrtNo=R26TA01821640&ctrtChgOrd=00&prcmBsneSeCd=조070001&srchName=ctrtCrst&openUrl=Y,대한민국정부부산지방조달청장,조달청우수제품,수의계약,2026-05-06 14:01:44,,0.08,,,,,2026-05-06,N,getCntrctInfoListThng,물품,부산광역시 상수도사업본부 시설관리사업소,354000000
R26TE14581159,물품,,R25TA0092270001,"2026학년도 동주여자고등학교 신입생 체육복(동복, 하복) 학교주관구매",N,신규,,,지방계약법 (제2조의2제1항2호),0,12904000,10,http://www.g2b.go.kr,직불,,R25BK01025289,7150431,부산광역시교육청 동주여자고등학교,기타기관,행정실,유수진,051-240-3004,051-246-4097,[1^7150431^부산광역시교육청 동주여자고등학교^기타기관^행정실^유수진^0512403004],[1^주계약업체^단독^대한추리닝^김삼수^대한민국^100^대한추리닝^^6061716142],https://www.g2b.go.kr/link/FIUA027_01/single/?ctrtNo=R25TA00922700&ctrtChgOrd=01&prcmBsneSeCd=조070001&srchName=ctrtCrst&openUrl=Y,동주여자고등학교장,"[판로지원법 시행령] 중기업,소기업,소상공인 제한",제한경쟁,2026-05-06 14:08:59,,0.08,,,,,2026-05-06,N,getCntrctInfoListThng,물품,부산광역시교육청 동주여자고등학교,12904000
R26TE14581261,물품,20240810C7602,20240810C7602,부산북항 재개발사업 배후도로(지하차도) 건설공사 지급자재(CCTV설비),N,신규,2025-12-01,2025.12.31.까지,국가계약법 (제21조제1항8호),0,364386720,5,http://www.g2b.go.kr,직불,,20240811626,B551220,부산항만공사,기타공공기관,,김지혜,051-999-3031,,[1^B551220^부산항만공사^기타공공기관^^김지혜^0519993031],[1^주계약업체^단독^(주)주영일렉트로닉^박창식^대한민국^100^(주)주영일렉트로닉^^1238180378],https://www.g2b.go.kr/link/FIUA027_01/single/?ctrtNo=20240810C76_1&ctrtChgOrd=02&prcmBsneSeCd=조070001&srchName=ctrtCrst&openUrl=Y,부산항만공사장,중소기업청장이 지정.고시한 제품,제한경쟁,2026-05-06 14:11:44,,0.075,,,,,2025-12-01,N,getCntrctInfoListThng,물품,부산항만공사,364386720
R26TE14581351,물품,,R26TA0183071300,금샘고등학교『2026학년도 1학기 실험실습재료 구매』수의계약 안내 공고,N,신규,,계약일로부터 30일이내,지방계약법 (제25조제1항5호라목),0,44778360,5,http://www.g2b.go.kr,직불,,R26BK01462811,7150738,부산광역시교육청 금샘고등학교,기타기관,행정실,정효진,051-540-0106,051-540-0107,[1^7150738^부산광역시교육청 금샘고등학교^기타기관^행정실^정효진^0515400106],[1^주계약업체^단독^무진물산^최건우^대한민국^100^무진물산^^4910103189],https://www.g2b.go.kr/link/FIUA027_01/single/?ctrtNo=R26TA01830713&ctrtChgOrd=00&prcmBsneSeCd=조070001&srchName=ctrtCrst&openUrl=Y,금샘고등학교장,추정가격 2천만원 초과 1억원 이하 물품·용역(소기업 소상공인 계약),수의계약,2026-05-06 14:14:07,,0.08,,,,,2026-05-08,N,getCntrctInfoListThng,물품,부산광역시교육청 금샘고등학교,44778360
R26TE14581429,물품,R26TA0183078200,R26TA0183078200,SMPS함 구매 [정관체육시설 축구장 스포츠조명 교체공사],N,신규,2026-05-06,,지방계약법 (제25조제1항5호나목),0,12000000,5,http://www.g2b.go.kr,직불,,,3400000,부산광역시 기장군,지방자치단체,재무과,윤성미,,,[1^3400000^부산광역시 기장군^지방자치단체^재무과^윤성미^],[1^주계약업체^단독^천광전업(주)^천광명^대한민국^100^천광전업(주)^^6218171640],https://www.g2b.go.kr/link/FIUA027_01/single/?ctrtNo=R26TA01830782&ctrtChgOrd=00&prcmBsneSeCd=조070001&srchName=ctrtCrst&openUrl=Y,기장군수,추정가격 2천만원 이하 물품 또는 용역,수의계약,2026-05-06 14:15:52,,0.08,,,,,2026-05-06,N,getCntrctInfoListThng,물품,부산광역시 기장군,12000000
R26TE14581443,물품,,R26TA0183123900,여성보호계 마약이용성범죄 대응체계 키트 구입,N,신규,,,국가계약법 (제26조제1항5호가2목),0,9365700,10,http://www.g2b.go.kr,직불,,,1811832,경찰청 부산광역시경찰청,국가기관,경무기획과 경리계,성지훈,051-899-2222,051-899-3333,[1^1811832^경찰청 부산광역시경찰청^국가기관^경무기획과 경리계^성지훈^0518992222],[1^주계약업체^단독^주식회사 필메디^이병환^대한민국^100^주식회사 필메디^^2838701487],https://www.g2b.go.kr/link/FIUA027_01/single/?ctrtNo=R26TA01831239&ctrtChgOrd=00&prcmBsneSeCd=조070001&srchName=ctrtCrst&openUrl=Y,부산지방경찰청,추정가격 2천만원 이하 물품 또는 용역,수의계약,2026-05-06 14:16:19,,0.075,,,,,2026-05-06,N,getCntrctInfoListThng,물품,경찰청 부산광역시경찰청,9365700
R26TE14581466,물품,R26TA0182365300,R26TA0182365300,통영 1006함 등 5척 전기통신자재(신신펌프ASSY 등 26종)구매,N,신규,2026-04-30,2026.04.30~2026.05.09,국가계약법 (제26조제1항5호가2목),0,10218000,5,http://www.g2b.go.kr,직불,,,1532883,해양경찰청 해양경찰정비창 해양경찰부산정비창,국가기관,기획운영과,신원규,051-419-2317,051-419-2318,[1^1532883^해양경찰청 해양경찰정비창 해양경찰부산정비창^국가기관^기획운영과^신원규^0514192317],[1^주계약업체^단독^유원피팅^유경윤^대한민국^100^유원피팅^^2050718176],https://www.g2b.go.kr/link/FIUA027_01/single/?ctrtNo=R26TA01823653&ctrtChgOrd=00&prcmBsneSeCd=조070001&srchName=ctrtCrst&openUrl=Y,해양경찰부산정비창,추정가격 2천만원 이하 물품 또는 용역,수의계약,2026-05-06 14:16:50,,0.075,,,,,2026-04-30,N,getCntrctInfoListThng,물품,해양경찰청 해양경찰정비창 해양경찰부산정비창,10218000
R26TE14581497,물품,,R26TA0183055700,유도플라즈마 분광광도계 구매,N,신규,,계약 후 90일 이내,지방계약법 (제26조제2항),0,161000000,5,http://www.g2b.go.kr,대지급,R26DC00182028,R26BK01495152,1230155,조달청 경남지방조달청,국가기관,,이기훈,070-4056-6754,050-5480-1756,[1^6260103^부산광역시 상수도사업본부 덕산정수사업소^지방자치단체^덕산정수사업소^이선우^0516694901],[1^주계약업체^단독^베이스테크 주식회사^이명석^대한민국^100^베이스테크 주식회사^^3258701326],https://www.g2b.go.kr/link/FIUA027_01/single/?ctrtNo=R26TA01830557&ctrtChgOrd=00&prcmBsneSeCd=조070001&srchName=ctrtCrst&openUrl=Y,대한민국정부경남지방조달청장,경쟁입찰을 실시했으나 입찰자가 1인뿐인 경우 수의계약(행안부장관 고시기간),수의계약,2026-05-06 14:17:30,,0.08,,,,,2026-05-07,N,getCntrctInfoListThng,물품,부산광역시 상수도사업본부 덕산정수사업소,161000000
R26TE14581862,물품,R26TA0182403400,R26TA0182403400,차체팀 30tom 천장크레인 권상장치 등 수선,N,신규,2026-05-06,,지방계약법 (제25조제1항5호나목),0,9460000,5,http://www.g2b.go.kr,직불,,,B551542,부산교통공사,지방공기업,회계자산처,유다예,,,[1^B551542^부산교통공사^지방공기업^회계자산처^유다예^],[1^주계약업체^단독^토성산업^양정희^대한민국^100^토성산업^^8973901174],https://www.g2b.go.kr/link/FIUA027_01/single/?ctrtNo=R26TA01824034&ctrtChgOrd=00&prcmBsneSeCd=조070001&srchName=ctrtCrst&openUrl=Y,부산교통공사사장,추정가격 2천만원 이하 물품 또는 용역,수의계약,2026-05-06 14:26:59,,0.08,,,,,2026-05-06,N,getCntrctInfoListThng,물품,부산교통공사,9460000
R26TE14581905,물품,,R26TA0183086400,2026학년도 좌동초등학교 돌봄교실 및 병설유치원 방학 중 위탁급식(벌크식) 구매 ,N,신규,,,지방계약법 (제25조제1항5호라목),0,24147480,5,http://www.g2b.go.kr,직불,,R26BK01444145,7210081,부산광역시해운대교육청 좌동초등학교,교육기관,행정실,이해원,051-709-0804,051-701-4738,[1^7210081^부산광역시해운대교육청 좌동초등학교^교육기관^행정실^이해원^0517090804],[1^주계약업체^단독^채선당 도시락 부산보건대점^김주영^대한민국^100^채선당 도시락 부산보건대점^^2301302384],https://www.g2b.go.kr/link/FIUA027_01/single/?ctrtNo=R26TA01830864&ctrtChgOrd=00&prcmBsneSeCd=조070001&srchName=ctrtCrst&openUrl=Y,좌동초등학교장,추정가격 2천만원 초과 1억원 이하 물품·용역(소기업 소상공인 계약),수의계약,2026-05-06 14:27:51,,0.08,,,,,2026-05-08,N,getCntrctInfoListThng,물품,부산광역시해운대교육청 좌동초등학교,24147480
R26TE14582384,물품,R26TA0182754000,R26TA0182754000,2026년 나무심기 작업용 자재 구입,N,신규,2026-05-06,,지방계약법 (제25조제1항5호나목),0,1723700,5,http://www.g2b.go.kr,직불,,,3310000,부산광역시 남구,지방자치단체,재무과,이나라,051-607-4148,051-607-4149,[1^3310000^부산광역시 남구^지방자치단체^재무과^이나라^0516074148],[1^주계약업체^단독^더 푸른^백승용^대한민국^100^더 푸른^^6020666042],https://www.g2b.go.kr/link/FIUA027_01/single/?ctrtNo=R26TA01827540&ctrtChgOrd=00&prcmBsneSeCd=조070001&srchName=ctrtCrst&openUrl=Y,부산광역시남구청,추정가격 2천만원 이하 물품 또는 용역,수의계약,2026-05-06 14:39:06,,0.08,,,,,2026-05-06,N,getCntrctInfoListThng,물품,부산광역시 남구,1723700
R26TE14582423,물품,,R26TA0183086400,2026학년도 좌동초등학교 돌봄교실 및 병설유치원 방학 중 위탁급식(벌크식) 구매 ,N,신규,,,지방계약법 (제25조제1항5호라목),0,24147480,5,http://www.g2b.go.kr,직불,,R26BK01444145,7210081,부산광역시해운대교육청 좌동초등학교,교육기관,행정실,이해원,051-709-0804,051-701-4738,[1^7210081^부산광역시해운대교육청 좌동초등학교^교육기관^행정실^이해원^0517090804],[1^주계약업체^단독^채선당 도시락 부산보건대점^김주영^대한민국^100^채선당 도시락 부산보건대점^^2301302384],https://www.g2b.go.kr/link/FIUA027_01/single/?ctrtNo=R26TA01830864&ctrtChgOrd=00&prcmBsneSeCd=조070001&srchName=ctrtCrst&openUrl=Y,좌동초등학교장,추정가격 2천만원 초과 1억원 이하 물품·용역(소기업 소상공인 계약),수의계약,2026-05-06 14:39:59,,0.08,,,,,2026-05-08,N,getCntrctInfoListThng,물품,부산광역시해운대교육청 좌동초등학교,24147480
R26TE14582433,물품,R25TA0085739902,R25TA0085739902,2026학년도 부산중앙중학교 교복(생활복) 학교주관구매,N,신규,2026-05-06,,지방계약법 (제2조의2제1항1호),0,71430000,5,http://www.g2b.go.kr,직불,,R25BK01005329,7211196,부산광역시교육청 부산광역시해운대교육지원청 부산중앙중학교,교육기관,행정실,이윤경,,,[1^7211196^부산광역시교육청 부산광역시해운대교육지원청 부산중앙중학교^교육기관^행정실^이윤경^],[1^주계약업체^단독^엘리트(교복점)^전영주^대한민국^100^엘리트(교복점)^^6212141875],https://www.g2b.go.kr/link/FIUA027_01/single/?ctrtNo=R25TA00857399&ctrtChgOrd=02&prcmBsneSeCd=조070001&srchName=ctrtCrst&openUrl=Y,부산중앙중학교,"[판로지원법 시행령] 소기업,소상공인제한",제한경쟁,2026-05-06 14:40:16,,0.08,,,,,2026-05-06,N,getCntrctInfoListThng,물품,부산광역시교육청 부산광역시해운대교육지원청 부산중앙중학교,71430000
R26TE14582458,물품,,R26TA0181303100,2026년 상반기 분석시약 및 소모품 구매,N,신규,,,지방계약법 (제25조제1항5호라목),0,71508000,5,http://www.g2b.go.kr,직불,,R26BK01474482,B552625,부산환경공단,지방공기업,기획재정처,류성균,,,[1^B552625^부산환경공단^지방공기업^기획재정처^류성균^],[1^주계약업체^단독^주식회사 부영상사^정순연^대한민국^100^주식회사 부영상사^^6458800344],https://www.g2b.go.kr/link/FIUA027_01/single/?ctrtNo=R26TA01813031&ctrtChgOrd=00&prcmBsneSeCd=조070001&srchName=ctrtCrst&openUrl=Y,부산환경공단이사장,추정가격 2천만원 초과 1억원 이하 물품·용역(소기업 소상공인 계약),수의계약,2026-05-06 14:40:56,,0.08,,,,,2026-05-06,N,getCntrctInfoListThng,물품,부산환경공단,71508000
R26TE14582648,물품,,R26TA0183161000,중앙공원 미니파크골프장 조성공사 관급자재(관리창고 및 차양시설),N,신규,,,지방계약법 (제25조제1항5호나목),0,12707000,5,http://www.g2b.go.kr,직불,,,3250000,부산광역시 중구,지방자치단체,재무과,박애경,051-600-4142,051-600-4149,[1^3250000^부산광역시 중구^지방자치단체^재무과^박애경^0516004142],[1^주계약업체^단독^주식회사 지엔^박소영^대한민국^100^주식회사 지엔^^6118125421],https://www.g2b.go.kr/link/FIUA027_01/single/?ctrtNo=R26TA01831610&ctrtChgOrd=00&prcmBsneSeCd=조070001&srchName=ctrtCrst&openUrl=Y,부산광역시중구청장,추정가격 2천만원 이하 물품 또는 용역,수의계약,2026-05-06 14:45:30,,0.08,,,,,2026-05-06,N,getCntrctInfoListThng,물품,부산광역시 중구,12707000
R26TE14582788,물품,R25TA0092270001,R25TA0092270001,"2026학년도 동주여자고등학교 신입생 체육복(동복, 하복) 학교주관구매",N,신규,2026-05-06,,지방계약법 (제2조의2제1항2호),0,12904000,10,http://www.g2b.go.kr,직불,,R25BK01025289,7150431,부산광역시교육청 동주여자고등학교,기타기관,행정실,유수진,051-240-3004,051-246-4097,[1^7150431^부산광역시교육청 동주여자고등학교^기타기관^행정실^유수진^0512403004],[1^주계약업체^단독^대한추리닝^김삼수^대한민국^100^대한추리닝^^6061716142],https://www.g2b.go.kr/link/FIUA027_01/single/?ctrtNo=R25TA00922700&ctrtChgOrd=01&prcmBsneSeCd=조070001&srchName=ctrtCrst&openUrl=Y,동주여자고등학교장,"[판로지원법 시행령] 중기업,소기업,소상공인 제한",제한경쟁,2026-05-06 14:49:35,,0.08,,,,,2026-05-06,N,getCntrctInfoListThng,물품,부산광역시교육청 동주여자고등학교,12904000
R26TE14905824,물품,,R26TA0186121700,역사 및 차량기지 냉난방기 구매설치(1차),N,신규,,,지방계약법 (제20조제1항6호),0,294844020,5,http://www.g2b.go.kr,직불,,R26BK01498296,B551542,부산교통공사,지방공기업,회계자산처,박미정,051-640-7248,051-640-7255,[1^B551542^부산교통공사^지방공기업^회계자산처^박미정^0516407248],[1^주계약업체^단독^(주)기륭공조시스템^이응종^대한민국^100^(주)기륭공조시스템^^6068606806],https://www.g2b.go.kr/link/FIUA027_01/single/?ctrtNo=R26TA01861217&ctrtChgOrd=00&prcmBsneSeCd=조070001&srchName=ctrtCrst&openUrl=Y,부산교통공사사장,행정안전부령 금액 미만 본점소재지,제한경쟁,2026-05-14 08:26:13,,0.08,,,,,2026-05-14,N,getCntrctInfoListThng,물품,부산교통공사,294844020
R26TE14905864,물품,R25TA0073983302,R25TA0073983302,"2026학년도 사상고등학교 교복(동복,하복)학교주관구매 입찰 공고",N,신규,2026-05-14,,지방계약법 (제7조의2제2항1호),0,27580000,5,http://www.g2b.go.kr,직불,,R25BK00924906,7150425,부산광역시교육청 사상고등학교,교육기관,행정실,안나현,051-366-9603,051-366-9789,[1^7150425^부산광역시교육청 사상고등학교^교육기관^행정실^안나현^0513669603],[1^주계약업체^단독^아이비클럽학생복^김한필^대한민국^100^아이비클럽학생복^^6210141111],https://www.g2b.go.kr/link/FIUA027_01/single/?ctrtNo=R25TA00739833&ctrtChgOrd=02&prcmBsneSeCd=조070001&srchName=ctrtCrst&openUrl=Y,사상고등학교장,"[판로지원법] 중기간경쟁제품 소기업 소상공인 제한경쟁, 공동사업",제한경쟁,2026-05-14 08:34:44,,0.08,,,,,2026-05-14,N,getCntrctInfoListThng,물품,부산광역시교육청 사상고등학교,27580000
R26TE14905872,물품,,R26TA0184468700,부경본부 스마트워크 와이파이 구매설치,N,신규,,60일,국가계약법 (제10조제1항),0,289922880,10,http://www.g2b.go.kr,직불,,R26BK01484010,Z013073,한국마사회 부산경남경마본부,공기업,부산총무팀,권은민,051-901-7131,051-901-7130,[1^Z013073^한국마사회 부산경남경마본부^공기업^부산총무팀^권은민^0519017131],[1^주계약업체^단독^(주)필텍시스템^윤득필^대한민국^100^(주)필텍시스템^^6078183946],https://www.g2b.go.kr/link/FIUA027_01/single/?ctrtNo=R26TA01844687&ctrtChgOrd=00&prcmBsneSeCd=조070001&srchName=ctrtCrst&openUrl=Y,한국마사회 부산경남경마본부장,경쟁은 입찰의 방법으로 행함,일반경쟁,2026-05-14 08:36:27,,0.075,,,,,2026-05-14,N,getCntrctInfoListThng,물품,한국마사회 부산경남경마본부,289922880
R26TE14906046,물품,R26TA0185634800,R26TA0185634800,북항친수공원 접근성 개선을 위한 홍보물 제작 구매,N,신규,2026-05-14,계약체결일~2026.05.22.,지방계약법 (제25조제1항5호나목),0,100000,5,http://www.g2b.go.kr,직불,,,B552587,부산시설공단,지방공기업,재무회계팀,박정미,,,[1^B552587^부산시설공단^지방공기업^재무회계팀^박정미^],[1^주계약업체^단독^주식회사 오알스튜디오^김희중^대한민국^100^주식회사 오알스튜디오^^1658602731],https://www.g2b.go.kr/link/FIUA027_01/single/?ctrtNo=R26TA01856348&ctrtChgOrd=00&prcmBsneSeCd=조070001&srchName=ctrtCrst&openUrl=Y,부산시설공단,추정가격 2천만원 이하 물품 또는 용역,수의계약,2026-05-14 08:55:26,,0.08,,,,,2026-05-14,N,getCntrctInfoListThng,물품,부산시설공단,100000
R26TE14906169,물품,R26TA0173174301,R26TA0173174301,열희석심박출량계 1SET 구입(설치),N,신규,2026-05-14,2026.04.15.~2026.10.12.,국가계약법 (제27조제1항),0,80000000,10,http://www.g2b.go.kr,직불,,,B550554,부산대학교병원,기타공공기관,물류관리팀,박보열,051-240-7121,051-240-7578,[1^B550554^부산대학교병원^기타공공기관^물류관리팀^박보열^0512407121],[1^주계약업체^단독^주식회사세현메디칼^김경준^대한민국^100^주식회사세현메디칼^^6078601124],https://www.g2b.go.kr/link/FIUA027_01/single/?ctrtNo=R26TA01731743&ctrtChgOrd=01&prcmBsneSeCd=조070001&srchName=ctrtCrst&openUrl=Y,부산대학교병원장,재공고입찰등과 수의계약,수의계약,2026-05-14 09:03:20,,0.075,,,,,2026-05-14,N,getCntrctInfoListThng,물품,부산대학교병원,80000000
R26TE14906369,물품,,R26TA0186132300,(소액수의)기관부속 예비품(유압실린더 등 5종) 구매(특수조건 필독),N,신규,,2026.05.15~2026.07.13,국가계약법 (제26조제1항5호가2목),0,16079000,10,http://www.g2b.go.kr,직불,R26DC00205190,R26BK01494436,1532883,해양경찰청 해양경찰정비창 해양경찰부산정비창,국가기관,기획운영과,신원규,051-419-2317,051-419-2318,[1^1532883^해양경찰청 해양경찰정비창 해양경찰부산정비창^국가기관^기획운영과^이재원^0514192239],[1^주계약업체^단독^에스마린^서유도^대한민국^100^에스마린^^5890101907],https://www.g2b.go.kr/link/FIUA027_01/single/?ctrtNo=R26TA01861323&ctrtChgOrd=00&prcmBsneSeCd=조070001&srchName=ctrtCrst&openUrl=Y,해양경찰부산정비창,추정가격 2천만원 이하 물품 또는 용역,수의계약,2026-05-14 09:11:26,,0.075,,,,,2026-05-15,N,getCntrctInfoListThng,물품,해양경찰청 해양경찰정비창 해양경찰부산정비창,16079000
R26TE14906595,물품,,R25TA0089176202,"2026학년도 부산중앙여자고등학교 신입생 교복(동복,생활하복) 학교주관구매 입찰",N,신규,,,지방계약법 (제2조의2제1항1호),0,54940000,10,http://www.g2b.go.kr,직불,,R25BK01012839,7150108,부산광역시교육청 부산중앙여자고등학교,교육기관,행정실,김혜영,,,[1^7150108^부산광역시교육청 부산중앙여자고등학교^교육기관^행정실^김혜영^],[1^주계약업체^단독^스마트사직점^강윤호^대한민국^100^스마트사직점^^6071271482],https://www.g2b.go.kr/link/FIUA027_01/single/?ctrtNo=R25TA00891762&ctrtChgOrd=02&prcmBsneSeCd=조070001&srchName=ctrtCrst&openUrl=Y,부산중앙여자고등학교장,"[판로지원법 시행령] 소기업,소상공인제한",제한경쟁,2026-05-14 09:19:00,,0.08,,,,,2026-05-14,N,getCntrctInfoListThng,물품,부산광역시교육청 부산중앙여자고등학교,54940000
R26TE14906670,물품,R26TA0185872300,R26TA0185872300, 1호선 신형전동차 냉난방장치용 온도센서 등 6종 구매,N,신규,2026-05-14,,지방계약법 (제25조제1항5호나목),0,9815000,5,http://www.g2b.go.kr,직불,,,B551542,부산교통공사,지방공기업,회계자산처,유다예,,,[1^B551542^부산교통공사^지방공기업^회계자산처^유다예^],[1^주계약업체^단독^원테크^김완숙^대한민국^100^원테크^^7641200112],https://www.g2b.go.kr/link/FIUA027_01/single/?ctrtNo=R26TA01858723&ctrtChgOrd=00&prcmBsneSeCd=조070001&srchName=ctrtCrst&openUrl=Y,부산교통공사사장,추정가격 2천만원 이하 물품 또는 용역,수의계약,2026-05-14 09:21:03,,0.08,,,,,2026-05-14,N,getCntrctInfoListThng,물품,부산교통공사,9815000
R26TE14906737,물품,,R26TA0186136400,2026년 천연잔디 관리제 구입,N,신규,,,지방계약법 (제25조제1항5호나목),0,6321000,5,http://www.g2b.go.kr,직불,,,6260133,부산광역시 체육시설관리사업소,지방자치단체,체육시설관리사업소 관리팀,정소윤,051-602-2203,,[1^6260133^부산광역시 체육시설관리사업소^지방자치단체^체육시설관리사업소 관리팀^정소윤^0516022203],[1^주계약업체^단독^풍전상사^전수용^대한민국^100^풍전상사^^3912001107],https://www.g2b.go.kr/link/FIUA027_01/single/?ctrtNo=R26TA01861364&ctrtChgOrd=00&prcmBsneSeCd=조070001&srchName=ctrtCrst&openUrl=Y,체육시설관리사업소장,추정가격 2천만원 이하 물품 또는 용역,수의계약,2026-05-14 09:22:57,,0.08,,,,,2026-05-19,N,getCntrctInfoListThng,물품,부산광역시 체육시설관리사업소,6321000
R26TE14906766,물품,R26TA0185453600,R26TA0185453600,2026년 소방공무원 피복(경량기동화) 구매,N,신규,2026-05-14,,지방계약법 (제25조제1항5호나목),0,7480000,5,http://www.g2b.go.kr,직불,,,6260233,부산광역시 금정소방서,지방자치단체,소방행정과 예산장비계,김용환,,,[1^6260233^부산광역시 금정소방서^지방자치단체^소방행정과 예산장비계^김용환^],[1^주계약업체^단독^한스산업 주식회사^한정희^대한민국^100^한스산업 주식회사^^6068172301],https://www.g2b.go.kr/link/FIUA027_01/single/?ctrtNo=R26TA01854536&ctrtChgOrd=00&prcmBsneSeCd=조070001&srchName=ctrtCrst&openUrl=Y,금정소방서장,추정가격 2천만원 이하 물품 또는 용역,수의계약,2026-05-14 09:24:01,,0.08,,,,,2026-05-14,N,getCntrctInfoListThng,물품,부산광역시 금정소방서,7480000
R26TE14906810,물품,R26TA0185487200,R26TA0185487200,2026년 소방공무원 피복(경량기동화) 구매,N,신규,2026-05-14,,지방계약법 (제25조제1항5호나목),0,5632000,5,http://www.g2b.go.kr,직불,,,6260233,부산광역시 금정소방서,지방자치단체,소방행정과 예산장비계,김용환,,,[1^6260233^부산광역시 금정소방서^지방자치단체^소방행정과 예산장비계^김용환^],[1^주계약업체^단독^주식회사 세몽나이스^이창구^대한민국^100^주식회사 세몽나이스^^1238140186],https://www.g2b.go.kr/link/FIUA027_01/single/?ctrtNo=R26TA01854872&ctrtChgOrd=00&prcmBsneSeCd=조070001&srchName=ctrtCrst&openUrl=Y,금정소방서장,추정가격 2천만원 이하 물품 또는 용역,수의계약,2026-05-14 09:25:09,,0.08,,,,,2026-05-14,N,getCntrctInfoListThng,물품,부산광역시 금정소방서,5632000
R26TE14906923,물품,R25TA0082416502,R25TA0082416502,"2026학년도 동수영중학교 교복(동복, 하복) 학교주관구매 계약",N,신규,2026-05-14,,지방계약법 (제2조의2제1항1호),0,55671500,10,http://www.g2b.go.kr,직불,,R25BK00959855,7210199,부산광역시해운대교육청 동수영중학교,기타기관,행정실,이승훈,***********,051-7581-9674,[1^7210199^부산광역시해운대교육청 동수영중학교^기타기관^행정실^이승훈^***********],[1^주계약업체^단독^쎈텐(ssen10)^임규섭^대한민국^100^쎈텐(ssen10)^^3372700705],https://www.g2b.go.kr/link/FIUA027_01/single/?ctrtNo=R25TA00824165&ctrtChgOrd=02&prcmBsneSeCd=조070001&srchName=ctrtCrst&openUrl=Y,동수영중학교장,"[판로지원법 시행령] 소기업,소상공인제한",제한경쟁,2026-05-14 09:28:15,,0.08,,,,,2026-05-14,N,getCntrctInfoListThng,물품,부산광역시해운대교육청 동수영중학교,55671500
R26TE14906961,물품,R26TA0186046300,R26TA0186046300,노후 현수막지정게시대 교체·설치,N,신규,2026-05-13,,지방계약법 (제25조제1항5호바목),0,27536000,5,http://www.g2b.go.kr,직불,,,3260000,부산광역시 서구,지방자치단체,서구청 재무과,박혜령,051-240-4145,051-240-4149,[1^3260000^부산광역시 서구^지방자치단체^서구청 재무과^박혜령^0512404145],[1^주계약업체^단독^주식회사 남신테크^류혜진^대한민국^100^주식회사 남신테크^^5048144004],https://www.g2b.go.kr/link/FIUA027_01/single/?ctrtNo=R26TA01860463&ctrtChgOrd=00&prcmBsneSeCd=조070001&srchName=ctrtCrst&openUrl=Y,부산광역시 서구청장,"추정가격 2천만원 초과 1억원 이하 물품·용역(여성기업, 장애인기업, 사회적기업, 사회적협동조합, 자활기업, 마을기업 계약)",수의계약,2026-05-14 09:29:15,,0.08,,,,,2026-05-13,N,getCntrctInfoListThng,물품,부산광역시 서구,27536000
R26TE14906967,물품,,R26TA0186146300,남항동2가 절영로77번길3 누수수리공사외 40건 자재구입건의(스텐이음쇠A외 4종),N,신규,,20260514-20260613,지방계약법 (제25조제1항5호나목),0,11898000,10,http://www.g2b.go.kr,직불,,,6260107,부산광역시 상수도사업본부 영도사업소,지방자치단체,업무부서,박지현,051-669-5104,051-669-5109,[1^6260107^부산광역시 상수도사업본부 영도사업소^지방자치단체^업무부서^박지현^0516695104],[1^주계약업체^단독^현대특수강^이선동^대한민국^100^현대특수강^^6051629268],https://www.g2b.go.kr/link/FIUA027_01/single/?ctrtNo=R26TA01861463&ctrtChgOrd=00&prcmBsneSeCd=조070001&srchName=ctrtCrst&openUrl=Y,상수도사업본부영도사업소,추정가격 2천만원 이하 물품 또는 용역,수의계약,2026-05-14 09:29:28,,0.05,,,,,2026-05-14,N,getCntrctInfoListThng,물품,부산광역시 상수도사업본부 영도사업소,11898000
R26TE14907092,물품,,R26TA0186132800,소방공무원 시범착용 피복 수의계약,N,신규,,,지방계약법 (제25조제1항5호나목),0,3960000,5,http://www.g2b.go.kr,직불,,,6260949,부산광역시 기장소방서,지방자치단체,소방행정과,이정완,051-760-5121,,[1^6260949^부산광역시 기장소방서^지방자치단체^소방행정과^이정완^0517605121],[1^주계약업체^단독^주식회사 세몽나이스^이창구^대한민국^100^주식회사 세몽나이스^^1238140186],https://www.g2b.go.kr/link/FIUA027_01/single/?ctrtNo=R26TA01861328&ctrtChgOrd=00&prcmBsneSeCd=조070001&srchName=ctrtCrst&openUrl=Y,기장소방서장,추정가격 2천만원 이하 물품 또는 용역,수의계약,2026-05-14 09:33:15,,0.08,,,,,2026-05-15,N,getCntrctInfoListThng,물품,부산광역시 기장소방서,3960000
R26TE14907223,물품,,R26TA0186153800,2026년 직원 작업복 구매,N,신규,,,지방계약법 (제25조제1항5호나목),0,7095000,5,http://www.g2b.go.kr,직불,,,Z019541,부산환경공단 정관사업소,지방공기업,관리팀,김형열,051-712-3511,051-712-3599,[1^Z019541^부산환경공단 정관사업소^지방공기업^관리팀^김형열^0517123511],[1^주계약업체^단독^사단법인 컴피장애인복지자립협회^정희정^대한민국^100^사단법인 컴피장애인복지자립협회^^6658200332],https://www.g2b.go.kr/link/FIUA027_01/single/?ctrtNo=R26TA01861538&ctrtChgOrd=00&prcmBsneSeCd=조070001&srchName=ctrtCrst&openUrl=Y,부산환경공단 정관사업소장,추정가격 2천만원 이하 물품 또는 용역,수의계약,2026-05-14 09:36:58,,0.08,,,,,2026-05-14,N,getCntrctInfoListThng,물품,부산환경공단 정관사업소,7095000
R26TE14907483,물품,,R26TA0186157300,다대동 윤공단로17번길29 우신아파트 밸브고장공사 등 자재 구입,N,신규,,30일,지방계약법 (제25조제1항5호나목),0,2020000,5,http://www.g2b.go.kr,직불,,,6260113,부산광역시 상수도사업본부 사하사업소,지방자치단체,업무부서,김성인,051-669-5404,,[1^6260113^부산광역시 상수도사업본부 사하사업소^지방자치단체^업무부서^김성인^0516695404],[1^주계약업체^단독^주식회사 제운^진기종^대한민국^100^주식회사 제운^^6068661167],https://www.g2b.go.kr/link/FIUA027_01/single/?ctrtNo=R26TA01861573&ctrtChgOrd=00&prcmBsneSeCd=조070001&srchName=ctrtCrst&openUrl=Y,부산광역시상수도사업본부사하사업소장,추정가격 2천만원 이하 물품 또는 용역,수의계약,2026-05-14 09:43:37,,0.08,,,,,2026-05-14,N,getCntrctInfoListThng,물품,부산광역시 상수도사업본부 사하사업소,2020000
R26TE14907601,물품,R26TA0186146300,R26TA0186146300,남항동2가 절영로77번길3 누수수리공사외 40건 자재구입건의(스텐이음쇠A외 4종),N,신규,2026-05-14,20260514-20260613,지방계약법 (제25조제1항5호나목),0,11898000,10,http://www.g2b.go.kr,직불,,,6260107,부산광역시 상수도사업본부 영도사업소,지방자치단체,업무부서,박지현,051-669-5104,051-669-5109,[1^6260107^부산광역시 상수도사업본부 영도사업소^지방자치단체^업무부서^박지현^0516695104],[1^주계약업체^단독^현대특수강^이선동^대한민국^100^현대특수강^^6051629268],https://www.g2b.go.kr/link/FIUA027_01/single/?ctrtNo=R26TA01861463&ctrtChgOrd=00&prcmBsneSeCd=조070001&srchName=ctrtCrst&openUrl=Y,상수도사업본부영도사업소,추정가격 2천만원 이하 물품 또는 용역,수의계약,2026-05-14 09:46:35,,0.05,,,,,2026-05-14,N,getCntrctInfoListThng,물품,부산광역시 상수도사업본부 영도사업소,11898000
R26TE14907899,물품,,R26TA0186163700,2026년 부산도서관 제2차 정기 비도서 구입,N,신규,,,지방계약법 (제25조제1항5호라목),0,46483000,5,http://www.g2b.go.kr,직불,,R26BK01499579,6261662,부산광역시 부산도서관,지방자치단체,부산도서관 관리팀,김슬기,,,[1^6261662^부산광역시 부산도서관^지방자치단체^부산도서관 관리팀^김슬기^],[1^주계약업체^단독^디라이브^문선욱^대한민국^100^디라이브^^5540702426],https://www.g2b.go.kr/link/FIUA027_01/single/?ctrtNo=R26TA01861637&ctrtChgOrd=00&prcmBsneSeCd=조070001&srchName=ctrtCrst&openUrl=Y,부산광역시부산도서관장,추정가격 2천만원 초과 1억원 이하 물품·용역(소기업 소상공인 계약),수의계약,2026-05-14 09:54:42,,0.08,,,,,2026-05-15,N,getCntrctInfoListThng,물품,부산광역시 부산도서관,46483000
R26TE14908193,물품,,R26TA0186182500,2026년 쓰레기 종량제봉투(사업장용) 구매,N,신규,,,지방계약법 (제25조제1항5호나목),0,18850000,5,http://www.g2b.go.kr,직불,,,3390000,부산광역시 사상구,지방자치단체,사상구청 재무과,박지현,051-310-4147,051-310-4149,[1^3390000^부산광역시 사상구^지방자치단체^사상구청 재무과^박지현^0513104147],[1^주계약업체^단독^(주)제일산업화학^정정자^대한민국^100^(주)제일산업화학^^6058123883],https://www.g2b.go.kr/link/FIUA027_01/single/?ctrtNo=R26TA01861825&ctrtChgOrd=00&prcmBsneSeCd=조070001&srchName=ctrtCrst&openUrl=Y,부산광역시 사상구청장,추정가격 2천만원 이하 물품 또는 용역,수의계약,2026-05-14 10:02:15,,0.08,,,,,2026-05-15,N,getCntrctInfoListThng,물품,부산광역시 사상구,18850000
R26TE14908258,물품,R26TA0172273501,R26TA0172273501,2026년 품질시험팀 시험기기 교정,N,신규,2026-05-14,계약일로부터 50일,지방계약법 (제25조제1항5호나목),0,6367180,5,http://www.g2b.go.kr,직불,,,6260409,부산광역시 건설안전시험사업소,지방자치단체,관리팀,조윤정,,,[1^6260409^부산광역시 건설안전시험사업소^지방자치단체^관리팀^조윤정^],[1^주계약업체^단독^주식회사 케이시에스^김옥순^대한민국^100^주식회사 케이시에스^^6068190482],https://www.g2b.go.kr/link/FIUA027_01/single/?ctrtNo=R26TA01722735&ctrtChgOrd=01&prcmBsneSeCd=조070001&srchName=ctrtCrst&openUrl=Y,부산광역시 건설안전시험사업소장,추정가격 2천만원 이하 물품 또는 용역,수의계약,2026-05-14 10:03:53,,0.13,,,,,2026-05-14,N,getCntrctInfoListThng,물품,부산광역시 건설안전시험사업소,6367180
R26TE14908263,물품,,R25TA0114340702,동구 하하센터 조성사업 기계설비공사 관급자재(냉난방기),N,신규,,2025.12.1.~2026.5.11.,지방계약법 (제25조제1항5호바목),0,36729470,5,http://www.g2b.go.kr,직불,,,3270000,부산광역시 동구,지방자치단체,재무과,성정아,051-440-4146,051-440-6464,[1^3270000^부산광역시 동구^지방자치단체^재무과^성정아^0514404146],[1^주계약업체^단독^신신이앤지(주)^고정자^대한민국^100^신신이앤지(주)^^6068185295],https://www.g2b.go.kr/link/FIUA027_01/single/?ctrtNo=R25TA01143407&ctrtChgOrd=02&prcmBsneSeCd=조070001&srchName=ctrtCrst&openUrl=Y,부산광역시동구청장,"추정가격 2천만원 초과 1억원 이하 물품·용역(여성기업, 장애인기업, 사회적기업, 사회적협동조합, 자활기업, 마을기업 계약)",수의계약,2026-05-14 10:04:08,,0.08,,,,,2026-05-14,N,getCntrctInfoListThng,물품,부산광역시 동구,36729470
R26TE14908289,물품,R26TA0185827400,R26TA0185827400,2026년도 악취센서 교체 구매,N,신규,2026-05-14,,지방계약법 (제25조제1항5호나목),0,18810000,5,http://www.g2b.go.kr,직불,,,3400000,부산광역시 기장군,지방자치단체,재무과,박서령,,,[1^3400000^부산광역시 기장군^지방자치단체^재무과^박서령^],[1^주계약업체^단독^리유정보통신^류동호^대한민국^100^리유정보통신^^2191507727],https://www.g2b.go.kr/link/FIUA027_01/single/?ctrtNo=R26TA01858274&ctrtChgOrd=00&prcmBsneSeCd=조070001&srchName=ctrtCrst&openUrl=Y,기장군수,추정가격 2천만원 이하 물품 또는 용역,수의계약,2026-05-14 10:04:51,,0.08,,,,,2026-05-14,N,getCntrctInfoListThng,물품,부산광역시 기장군,18810000
R26TE14908344,물품,R26TA0175768400,R26TA0175768400,교통사고 예방을 위한 이동식 무인과속단속장비 부스 구입,N,신규,2026-04-17,,지방계약법 (제25조제1항5호나목),0,5946050,5,http://www.g2b.go.kr,직불,,,3360000,부산광역시 강서구,지방자치단체,재무과,송혜미,051-970-4834,051-970-4149,[1^3360000^부산광역시 강서구^지방자치단체^재무과^송혜미^0519704834],[1^주계약업체^단독^한결 주식회사^이지영^대한민국^100^한결 주식회사^^4108606641],https://www.g2b.go.kr/link/FIUA027_01/single/?ctrtNo=R26TA01757684&ctrtChgOrd=00&prcmBsneSeCd=조070001&srchName=ctrtCrst&openUrl=Y,강서구청장,추정가격 2천만원 이하 물품 또는 용역,수의계약,2026-05-14 10:06:26,,0.08,,,,,2026-04-17,N,getCntrctInfoListThng,물품,부산광역시 강서구,5946050
R26TE14908573,물품,R25TA0085284902,R25TA0085284902,"부산서중학교 2026학년도 교복(동복, 생활복) 학교주관 구매 ",N,신규,2026-04-02,,지방계약법 (제2조의2제1항1호),0,27824000,5,http://www.g2b.go.kr,직불,,R25BK00980889,7180041,부산광역시남부교육청 부산서중학교,교육기관,행정실,강소영,051-440-3804,051-441-7085,[1^7180041^부산광역시남부교육청 부산서중학교^교육기관^행정실^강소영^0514403804],"[1^주계약업체^단독^아이비클럽 (대신,수정)^오임호^대한민국^100^아이비클럽 (대신,수정)^^6040242276]",https://www.g2b.go.kr/link/FIUA027_01/single/?ctrtNo=R25TA00852849&ctrtChgOrd=02&prcmBsneSeCd=조070001&srchName=ctrtCrst&openUrl=Y,부산서중학교장,"[판로지원법 시행령] 소기업,소상공인제한",제한경쟁,2026-05-14 10:12:12,,0.08,,,,,2026-04-02,N,getCntrctInfoListThng,물품,부산광역시남부교육청 부산서중학교,27824000
R26TE14908629,물품,R26TA0185154100,R26TA0185154100,선택적촉매환원장치 촉매 제작구입,N,신규,2026-05-13,계약일로부터~2026.12.11.,지방계약법 (제42조제1항),0,283235700,5,http://www.g2b.go.kr,직불,,R26BK01490214,ZI00238,부산환경공단 명지사업소,지방공기업,부산환경공단 명지사업소,이민경,051-790-3512,051-790-3560,[1^ZI00238^부산환경공단 명지사업소^지방공기업^부산환경공단 명지사업소^이민경^0517903512],[1^주계약업체^단독^주식회사 신명엔텍^박복성^대한민국^100^주식회사 신명엔텍^^4588700141],https://www.g2b.go.kr/link/FIUA027_01/single/?ctrtNo=R26TA01851541&ctrtChgOrd=00&prcmBsneSeCd=조070001&srchName=ctrtCrst&openUrl=Y,명지사업소장,예정가격이하 최저가격순 계약이행능력 심사(적격심사),일반경쟁,2026-05-14 10:13:38,,0.08,,,,,2026-05-13,N,getCntrctInfoListThng,물품,부산환경공단 명지사업소,283235700
R26TE14909119,물품,R26TA0185892900,R26TA0185892900,오륜동 공영주차장 통과높이 제한시설물 구입,N,신규,2026-05-14,계약일~2026.6.12.,지방계약법 (제25조제1항5호나목),0,13578000,5,http://www.g2b.go.kr,직불,,,3350000,부산광역시 금정구,지방자치단체,재무과,박소정,051-519-4144,051-519-4149,[1^3350000^부산광역시 금정구^지방자치단체^재무과^박소정^0515194144],[1^주계약업체^단독^주식회사 남일^최상덕^대한민국^100^주식회사 남일^^6048137157],https://www.g2b.go.kr/link/FIUA027_01/single/?ctrtNo=R26TA01858929&ctrtChgOrd=00&prcmBsneSeCd=조070001&srchName=ctrtCrst&openUrl=Y,금정구청장,추정가격 2천만원 이하 물품 또는 용역,수의계약,2026-05-14 10:25:55,,0.08,,,,,2026-05-14,N,getCntrctInfoListThng,물품,부산광역시 금정구,13578000
R26TE14909427,물품,R26TA0185557200,R26TA0185557200,4호기 보일러 송풍기팬 수선작업,N,신규,2026-05-14,2026.5.14.~2026.6.18.,지방계약법 (제25조제1항5호나목),0,7799000,5,http://www.g2b.go.kr,직불,,,Z046538,부산환경공단 에너지사업소,지방공기업,운영지원팀,정나금,,,[1^Z046538^부산환경공단 에너지사업소^지방공기업^운영지원팀^정나금^],[1^주계약업체^단독^에스엠테크^송병곤^대한민국^100^에스엠테크^^6060342342],https://www.g2b.go.kr/link/FIUA027_01/single/?ctrtNo=R26TA01855572&ctrtChgOrd=00&prcmBsneSeCd=조070001&srchName=ctrtCrst&openUrl=Y,서종록,추정가격 2천만원 이하 물품 또는 용역,수의계약,2026-05-14 10:34:20,,0.13,72101597,시설설비유지관리서비스,"시설물관리, 청소 등",시설물관리 및 청소서비스,2026-05-14,N,getCntrctInfoListThng,물품,부산환경공단 에너지사업소,7799000
R26TE14909765,물품,,R26TA0185955500,낙동아트센터 IP 기반 오디오 통합 레코딩 장비 구매설치,N,신규,,30일,지방계약법 (제20조제1항3호),0,664760000,5,http://www.g2b.go.kr,직불,,R26BK01461928,3360202,부산광역시 강서구 낙동아트센터,지방자치단체,,박지현,051-970-2702,051-970-2709,[1^3360202^부산광역시 강서구 낙동아트센터^지방자치단체^^박지현^0519702702],[1^주계약업체^단독^주식회사 지노프로^신진호^대한민국^100^주식회사 지노프로^^5958600782],https://www.g2b.go.kr/link/FIUA027_01/single/?ctrtNo=R26TA01859555&ctrtChgOrd=00&prcmBsneSeCd=조070001&srchName=ctrtCrst&openUrl=Y,낙동아트센터관장,"특수한설비,기술의보유및 실적(물품제조)",제한경쟁,2026-05-14 10:42:50,,0.08,,,,,2026-05-20,N,getCntrctInfoListThng,물품,부산광역시 강서구 낙동아트센터,664760000
R26TE14910064,물품,,R26TA0186248200,참그린길 전기계량기 등 수리,N,신규,,,지방계약법 (제25조제1항5호나목),0,888000,5,http://www.g2b.go.kr,직불,,,3370000,부산광역시 연제구,지방자치단체,재무과,양수현,051-665-4144,051-665-4149,[1^3370000^부산광역시 연제구^지방자치단체^재무과^양수현^0516654144],[1^주계약업체^단독^광진전력^이찬형^대한민국^100^광진전력^^6071545646],https://www.g2b.go.kr/link/FIUA027_01/single/?ctrtNo=R26TA01862482&ctrtChgOrd=00&prcmBsneSeCd=조070001&srchName=ctrtCrst&openUrl=Y,연제구청장,추정가격 2천만원 이하 물품 또는 용역,수의계약,2026-05-14 10:50:29,,0.08,,,,,2026-05-15,N,getCntrctInfoListThng,물품,부산광역시 연제구,888000
R26TE14910111,물품,,R26TA0186248800,동대신3동 보수대로236번길 19 누수수리공사 외 재고자재 구입-감압밸브 등 13종,N,신규,,,지방계약법 (제25조제1항5호나목),0,18475630,10,http://www.g2b.go.kr,직불,,,6260105,부산광역시 상수도사업본부 서부사업소,지방자치단체,업무부서,변경록,051-669-5054,,[1^6260105^부산광역시 상수도사업본부 서부사업소^지방자치단체^업무부서^변경록^0516695054],[1^주계약업체^단독^한신종합엠텍^김진엽^대한민국^100^한신종합엠텍^^6062896273],https://www.g2b.go.kr/link/FIUA027_01/single/?ctrtNo=R26TA01862488&ctrtChgOrd=00&prcmBsneSeCd=조070001&srchName=ctrtCrst&openUrl=Y,부산광역시상수도사업본부서부사업소장,추정가격 2천만원 이하 물품 또는 용역,수의계약,2026-05-14 10:51:36,,0.08,,,,,2026-05-14,N,getCntrctInfoListThng,물품,부산광역시 상수도사업본부 서부사업소,18475630
R26TE14910156,물품,R25TA0114340702,R25TA0114340702,동구 하하센터 조성사업 기계설비공사 관급자재(냉난방기),N,신규,2026-05-14,2025.12.1.~2026.5.11.,지방계약법 (제25조제1항5호바목),0,36729470,5,http://www.g2b.go.kr,직불,,,3270000,부산광역시 동구,지방자치단체,재무과,성정아,051-440-4146,051-440-6464,[1^3270000^부산광역시 동구^지방자치단체^재무과^성정아^0514404146],[1^주계약업체^단독^신신이앤지(주)^고정자^대한민국^100^신신이앤지(주)^^6068185295],https://www.g2b.go.kr/link/FIUA027_01/single/?ctrtNo=R25TA01143407&ctrtChgOrd=02&prcmBsneSeCd=조070001&srchName=ctrtCrst&openUrl=Y,부산광역시동구청장,"추정가격 2천만원 초과 1억원 이하 물품·용역(여성기업, 장애인기업, 사회적기업, 사회적협동조합, 자활기업, 마을기업 계약)",수의계약,2026-05-14 10:52:44,,0.08,,,,,2026-05-14,N,getCntrctInfoListThng,물품,부산광역시 동구,36729470
R26TE14910172,물품,,R26TA0186252100,대저1동 서연정공원 주변 노후관 개량공사 자재(PFP이음관 외 4종),N,신규,,,지방계약법 (제25조제1항5호나목),0,11148440,5,http://www.g2b.go.kr,직불,,,6260115,부산광역시 상수도사업본부 강서사업소,지방자치단체,업무부서,정성오,,,[1^6260115^부산광역시 상수도사업본부 강서사업소^지방자치단체^업무부서^정성오^],[1^주계약업체^단독^(주)동광파이프^김혜민^대한민국^100^(주)동광파이프^^6038133269],https://www.g2b.go.kr/link/FIUA027_01/single/?ctrtNo=R26TA01862521&ctrtChgOrd=00&prcmBsneSeCd=조070001&srchName=ctrtCrst&openUrl=Y,부산시 상수도본부 강서사업소장,추정가격 2천만원 이하 물품 또는 용역,수의계약,2026-05-14 10:53:09,,0.08,,,,,2026-05-14,N,getCntrctInfoListThng,물품,부산광역시 상수도사업본부 강서사업소,11148440
R26TE14910439,물품,,R26TA0186260500,사설항로표지시설 등명기 수리,N,신규,,계약일로부터 30일,지방계약법 (제25조제1항5호나목),0,3600000,5,http://www.g2b.go.kr,직불,,,6260409,부산광역시 건설안전시험사업소,지방자치단체,관리팀,조윤정,,,[1^6260409^부산광역시 건설안전시험사업소^지방자치단체^관리팀^조윤정^],[1^주계약업체^단독^주식회사 젠^제용근^대한민국^100^주식회사 젠^^6068656645],https://www.g2b.go.kr/link/FIUA027_01/single/?ctrtNo=R26TA01862605&ctrtChgOrd=00&prcmBsneSeCd=조070001&srchName=ctrtCrst&openUrl=Y,부산광역시 건설안전시험사업소장,추정가격 2천만원 이하 물품 또는 용역,수의계약,2026-05-14 10:59:04,,0.13,,,,,2026-05-14,N,getCntrctInfoListThng,물품,부산광역시 건설안전시험사업소,3600000
R26TE14910506,물품,R25TA0101263302,R25TA0101263302,"에코델타 첨단지식산업센터 건립, 흡수식냉동기",N,신규,2026-03-19,,지방계약법 (제20조제1항6호),0,228679000,5,http://www.g2b.go.kr,직불,,R25BK01085400,6260000,부산광역시,지방자치단체,회계재산담당관,김주홍,051-888-2244,,[1^6260000^부산광역시^지방자치단체^회계재산담당관^김주홍^0518882244],[1^주계약업체^단독^동부산엘리텍(주)^정태영^대한민국^100^동부산엘리텍(주)^^6058150075],https://www.g2b.go.kr/link/FIUA027_01/single/?ctrtNo=R25TA01012633&ctrtChgOrd=02&prcmBsneSeCd=조070001&srchName=ctrtCrst&openUrl=Y,부산광역시장,행정안전부령 금액 미만 본점소재지,제한경쟁,2026-05-14 11:00:39,,0.08,,,,,2026-03-19,N,getCntrctInfoListThng,물품,부산광역시,228679000
R26TE14910586,물품,R26TA0186248800,R26TA0186248800,동대신3동 보수대로236번길 19 누수수리공사 외 재고자재 구입-감압밸브 등 13종,N,신규,2026-05-14,,지방계약법 (제25조제1항5호나목),0,18475630,10,http://www.g2b.go.kr,직불,,,6260105,부산광역시 상수도사업본부 서부사업소,지방자치단체,업무부서,변경록,051-669-5054,,[1^6260105^부산광역시 상수도사업본부 서부사업소^지방자치단체^업무부서^변경록^0516695054],[1^주계약업체^단독^한신종합엠텍^김진엽^대한민국^100^한신종합엠텍^^6062896273],https://www.g2b.go.kr/link/FIUA027_01/single/?ctrtNo=R26TA01862488&ctrtChgOrd=00&prcmBsneSeCd=조070001&srchName=ctrtCrst&openUrl=Y,부산광역시상수도사업본부서부사업소장,추정가격 2천만원 이하 물품 또는 용역,수의계약,2026-05-14 11:02:39,,0.08,,,,,2026-05-14,N,getCntrctInfoListThng,물품,부산광역시 상수도사업본부 서부사업소,18475630
R26TE14910819,물품,R26TA0185302400,R26TA0185302400,부산동부경찰서 범곡파출소 신축공사(건축) 관급자재(냉난방기) 구매,N,신규,2026-05-12,,국가계약법 (제26조제1항5호가5목),0,34268000,10,http://www.g2b.go.kr,직불,,,1811832,경찰청 부산광역시경찰청,국가기관,경무기획과 경리계,이병섭,051-899-2122,051-899-1914,[1^1811832^경찰청 부산광역시경찰청^국가기관^경무기획과 경리계^이병섭^0518992122],[1^주계약업체^단독^(주)미래공조시스템^방동욱^대한민국^100^(주)미래공조시스템^^2618701546],https://www.g2b.go.kr/link/FIUA027_01/single/?ctrtNo=R26TA01853024&ctrtChgOrd=00&prcmBsneSeCd=조070001&srchName=ctrtCrst&openUrl=Y,부산지방경찰청,추정가격 2천만원 초과 1억원 이하 물품·용역(여성기업.장애인기업.사회적기업.사회적협동조합.자활기업.마을기업),수의계약,2026-05-14 11:09:01,,0.075,,,,,2026-05-12,N,getCntrctInfoListThng,물품,경찰청 부산광역시경찰청,34268000
R26TE14910912,물품,,R26TA0186274700,신평동 거성모방 주변(공업) 교체공사 자재 구입(기타),N,신규,,30일,지방계약법 (제25조제1항5호나목),0,7608400,5,http://www.g2b.go.kr,직불,,,6260113,부산광역시 상수도사업본부 사하사업소,지방자치단체,업무부서,김성인,051-669-5404,,[1^6260113^부산광역시 상수도사업본부 사하사업소^지방자치단체^업무부서^김성인^0516695404],[1^주계약업체^단독^현대특수강^이선동^대한민국^100^현대특수강^^6051629268],https://www.g2b.go.kr/link/FIUA027_01/single/?ctrtNo=R26TA01862747&ctrtChgOrd=00&prcmBsneSeCd=조070001&srchName=ctrtCrst&openUrl=Y,부산광역시상수도사업본부사하사업소장,추정가격 2천만원 이하 물품 또는 용역,수의계약,2026-05-14 11:11:14,,0.08,,,,,2026-05-14,N,getCntrctInfoListThng,물품,부산광역시 상수도사업본부 사하사업소,7608400
R26TE14911019,물품,R26TA0165362501,R26TA0165362501,반여3동 중앙공영주차장 일원 녹화사업(2차)-경관녹지시설물,N,신규,2026-05-13,,지방계약법 (제25조제1항5호나목),0,14200000,10,http://www.g2b.go.kr,직불,,,3330000,부산광역시 해운대구,지방자치단체,재무과,전한나,051-749-4146,,[1^3330000^부산광역시 해운대구^지방자치단체^재무과^전한나^0517494146],[1^주계약업체^단독^주식회사 디자인도스^김영진^대한민국^100^주식회사 디자인도스^^2848702024],https://www.g2b.go.kr/link/FIUA027_01/single/?ctrtNo=R26TA01653625&ctrtChgOrd=01&prcmBsneSeCd=조070001&srchName=ctrtCrst&openUrl=Y,해운대구청장,추정가격 2천만원 이하 물품 또는 용역,수의계약,2026-05-14 11:14:13,,0.08,,,,,2026-05-13,N,getCntrctInfoListThng,물품,부산광역시 해운대구,14200000
R26TE14911144,물품,,R25TA0084452201,"2026학년도 연일중학교 교복(동복,하복(생활복)) 학교주관 구매 입찰 (변경계약)",N,신규,,,지방계약법 (제2조의2제1항1호),0,55464500,5,http://www.g2b.go.kr,직불,,R25BK00971594,7191027,부산광역시교육청 부산광역시동래교육지원청 연일중학교,교육기관,행정실,김연화,051-867-1116,051-861-3557,[1^7191027^부산광역시교육청 부산광역시동래교육지원청 연일중학교^교육기관^행정실^김연화^0518671116],[1^주계약업체^단독^코사라인^정경자^대한민국^100^코사라인^^6050747833],https://www.g2b.go.kr/link/FIUA027_01/single/?ctrtNo=R25TA00844522&ctrtChgOrd=01&prcmBsneSeCd=조070001&srchName=ctrtCrst&openUrl=Y,부산광역시교육청 부산광역시동래교육지원청 연일중학교,"[판로지원법 시행령] 소기업,소상공인제한",제한경쟁,2026-05-14 11:17:30,,0.08,,,,,,N,getCntrctInfoListThng,물품,부산광역시교육청 부산광역시동래교육지원청 연일중학교,55464500
R26TE14911307,물품,,R26TA0186207400,자연재난 대비 비상발전기 구입,N,신규,,,지방계약법 (제25조제1항5호나목),0,5750000,5,http://www.g2b.go.kr,직불,,,3250000,부산광역시 중구,지방자치단체,재무과,이순남,051-600-4144,,[1^3250000^부산광역시 중구^지방자치단체^재무과^이순남^0516004144],[1^주계약업체^단독^(주)신성건설기계^전용주^대한민국^100^(주)신성건설기계^^4108657290],https://www.g2b.go.kr/link/FIUA027_01/single/?ctrtNo=R26TA01862074&ctrtChgOrd=00&prcmBsneSeCd=조070001&srchName=ctrtCrst&openUrl=Y,부산광역시중구청장,추정가격 2천만원 이하 물품 또는 용역,수의계약,2026-05-14 11:21:54,,0.08,,,,,2026-05-14,N,getCntrctInfoListThng,물품,부산광역시 중구,5750000
R26TE14911881,물품,R26TA0186038700,R26TA0186038700,전동차 정비용 스프링와셔 등 14종 구매 ,N,신규,2026-05-14,,지방계약법 (제25조제1항5호나목),0,8799000,5,http://www.g2b.go.kr,직불,,,B551542,부산교통공사,지방공기업,회계자산처,정용태,051-605-0105,051-605-0110,[1^B551542^부산교통공사^지방공기업^회계자산처^정용태^0516050105],[1^주계약업체^단독^기림^엄종현^대한민국^100^기림^^6072961809],https://www.g2b.go.kr/link/FIUA027_01/single/?ctrtNo=R26TA01860387&ctrtChgOrd=00&prcmBsneSeCd=조070001&srchName=ctrtCrst&openUrl=Y,부산교통공사사장,추정가격 2천만원 이하 물품 또는 용역,수의계약,2026-05-14 11:38:21,,0.08,,,,,2026-05-14,N,getCntrctInfoListThng,물품,부산교통공사,8799000
R26TE14912059,물품,R26TA0186260500,R26TA0186260500,사설항로표지시설 등명기 수리,N,신규,2026-05-14,계약일로부터 30일,지방계약법 (제25조제1항5호나목),0,3600000,5,http://www.g2b.go.kr,직불,,,6260409,부산광역시 건설안전시험사업소,지방자치단체,관리팀,조윤정,,,[1^6260409^부산광역시 건설안전시험사업소^지방자치단체^관리팀^조윤정^],[1^주계약업체^단독^주식회사 젠^제용근^대한민국^100^주식회사 젠^^6068656645],https://www.g2b.go.kr/link/FIUA027_01/single/?ctrtNo=R26TA01862605&ctrtChgOrd=00&prcmBsneSeCd=조070001&srchName=ctrtCrst&openUrl=Y,부산광역시 건설안전시험사업소장,추정가격 2천만원 이하 물품 또는 용역,수의계약,2026-05-14 11:47:03,,0.13,,,,,2026-05-14,N,getCntrctInfoListThng,물품,부산광역시 건설안전시험사업소,3600000
R26TE14912082,물품,,R26TA0186135000,자연재난 대비 이동식 차수판 구입,N,신규,,,지방계약법 (제25조제1항4호사목),0,11700000,5,http://www.g2b.go.kr,직불,,,3250000,부산광역시 중구,지방자치단체,재무과,이순남,051-600-4144,,[1^3250000^부산광역시 중구^지방자치단체^재무과^이순남^0516004144],[1^주계약업체^단독^주식회사 유엠^엄희재^대한민국^100^주식회사 유엠^^4478703755],https://www.g2b.go.kr/link/FIUA027_01/single/?ctrtNo=R26TA01861350&ctrtChgOrd=00&prcmBsneSeCd=조070001&srchName=ctrtCrst&openUrl=Y,부산광역시중구청장,"특허,실용신안,디자인등록 제품",수의계약,2026-05-14 11:49:09,,0.08,,,,,2026-05-15,N,getCntrctInfoListThng,물품,부산광역시 중구,11700000
R26TE14912245,물품,R26TA0185523400,R26TA0185523400,[민원]2026 가족관계등록 업무용 및 동 통합창구운영 물품 구입,N,신규,2026-05-14,,지방계약법 (제25조제1항5호나목),0,5940000,10,http://www.g2b.go.kr,직불,,,3380000,부산광역시 수영구,지방자치단체,재무과,장지혜,,,[1^3380000^부산광역시 수영구^지방자치단체^재무과^장지혜^],[1^주계약업체^단독^(주)한컴테크^이호식^대한민국^100^(주)한컴테크^^6048135218],https://www.g2b.go.kr/link/FIUA027_01/single/?ctrtNo=R26TA01855234&ctrtChgOrd=00&prcmBsneSeCd=조070001&srchName=ctrtCrst&openUrl=Y,부산광역시수영구청장,추정가격 2천만원 이하 물품 또는 용역,수의계약,2026-05-14 12:12:07,,0.08,,,,,2026-05-14,N,getCntrctInfoListThng,물품,부산광역시 수영구,5940000
R26TE14912331,물품,,R25TA0088955101,"2026학년도 금양중학교 신입생 교복(동복,하복) 학교 주관 구매  계약",N,신규,,,지방계약법 (제20조제1항6호),0,50680740,5,http://www.g2b.go.kr,직불,,R25BK01008332,7190229,부산광역시동래교육청 금양중학교,교육기관,행정실,오한택,051-780-2784,051-780-2791,[1^7190229^부산광역시동래교육청 금양중학교^교육기관^행정실^오한택^0517802784],[1^주계약업체^단독^스마트금정점^손금덕^대한민국^100^스마트금정점^^6212116755],https://www.g2b.go.kr/link/FIUA027_01/single/?ctrtNo=R25TA00889551&ctrtChgOrd=01&prcmBsneSeCd=조070001&srchName=ctrtCrst&openUrl=Y,금양중학교장,행정안전부령 금액 미만 본점소재지,제한경쟁,2026-05-14 12:36:41,,0.08,,,,,2026-05-15,N,getCntrctInfoListThng,물품,부산광역시동래교육청 금양중학교,50680740
R26TE14912333,물품,R25TA0089176202,R25TA0089176202,"2026학년도 부산중앙여자고등학교 신입생 교복(동복,생활하복) 학교주관구매 입찰",N,신규,2026-05-14,,지방계약법 (제2조의2제1항1호),0,54940000,10,http://www.g2b.go.kr,직불,,R25BK01012839,7150108,부산광역시교육청 부산중앙여자고등학교,교육기관,행정실,김혜영,,,[1^7150108^부산광역시교육청 부산중앙여자고등학교^교육기관^행정실^김혜영^],[1^주계약업체^단독^스마트사직점^강윤호^대한민국^100^스마트사직점^^6071271482],https://www.g2b.go.kr/link/FIUA027_01/single/?ctrtNo=R25TA00891762&ctrtChgOrd=02&prcmBsneSeCd=조070001&srchName=ctrtCrst&openUrl=Y,부산중앙여자고등학교장,"[판로지원법 시행령] 소기업,소상공인제한",제한경쟁,2026-05-14 12:36:58,,0.08,,,,,2026-05-14,N,getCntrctInfoListThng,물품,부산광역시교육청 부산중앙여자고등학교,54940000
R26TE14912513,물품,,R25TA0084452201,"2026학년도 연일중학교 교복(동복,하복(생활복)) 학교주관 구매 입찰 (변경계약)",N,신규,,,지방계약법 (제2조의2제1항1호),0,55464500,5,http://www.g2b.go.kr,직불,,R25BK00971594,7191027,부산광역시교육청 부산광역시동래교육지원청 연일중학교,교육기관,행정실,김연화,051-867-1116,051-861-3557,[1^7191027^부산광역시교육청 부산광역시동래교육지원청 연일중학교^교육기관^행정실^김연화^0518671116],[1^주계약업체^단독^코사라인^정경자^대한민국^100^코사라인^^6050747833],https://www.g2b.go.kr/link/FIUA027_01/single/?ctrtNo=R25TA00844522&ctrtChgOrd=01&prcmBsneSeCd=조070001&srchName=ctrtCrst&openUrl=Y,부산광역시교육청 부산광역시동래교육지원청 연일중학교,"[판로지원법 시행령] 소기업,소상공인제한",제한경쟁,2026-05-14 12:59:19,,0.08,,,,,,N,getCntrctInfoListThng,물품,부산광역시교육청 부산광역시동래교육지원청 연일중학교,55464500
R26TE14912621,물품,,R26TA0186334100,"환경관리원 사용 물품(조끼, 모자, 안전자켓, 우의, 장화) 구입",N,신규,,,지방계약법 (제25조제1항5호나목),0,16280000,5,http://www.g2b.go.kr,직불,,,3370000,부산광역시 연제구,지방자치단체,재무과,양수현,051-665-4144,051-665-4149,[1^3370000^부산광역시 연제구^지방자치단체^재무과^양수현^0516654144],[1^주계약업체^단독^비티기업^안선영^대한민국^100^비티기업^^2030921679],https://www.g2b.go.kr/link/FIUA027_01/single/?ctrtNo=R26TA01863341&ctrtChgOrd=00&prcmBsneSeCd=조070001&srchName=ctrtCrst&openUrl=Y,연제구청장,추정가격 2천만원 이하 물품 또는 용역,수의계약,2026-05-14 13:05:39,,0.08,,,,,2026-05-15,N,getCntrctInfoListThng,물품,부산광역시 연제구,16280000
R26TE14912858,물품,R26TA0185920300,R26TA0185920300,금정국민체육센터 헬스장 및 판매용 수건 구입,N,신규,2026-05-14,계약일~2026.6.30.,지방계약법 (제25조제1항5호나목),0,5428850,5,http://www.g2b.go.kr,직불,,,3350000,부산광역시 금정구,지방자치단체,재무과,박소정,051-519-4144,051-519-4149,[1^3350000^부산광역시 금정구^지방자치단체^재무과^박소정^0515194144],[1^주계약업체^단독^송월타올수건공방^박의홍^대한민국^100^송월타올수건공방^^3470102786],https://www.g2b.go.kr/link/FIUA027_01/single/?ctrtNo=R26TA01859203&ctrtChgOrd=00&prcmBsneSeCd=조070001&srchName=ctrtCrst&openUrl=Y,금정구청장,추정가격 2천만원 이하 물품 또는 용역,수의계약,2026-05-14 13:14:40,,0.08,,,,,2026-05-14,N,getCntrctInfoListThng,물품,부산광역시 금정구,5428850
R26TE14912927,물품,,R26TA0186339600,"직원숙소 냉방기 구매(관해숙 1동 201, 203, 204호)",N,신규,,,국가계약법 (제26조제1항5호가2목),0,2904000,10,http://www.g2b.go.kr,직불,,,1192357,해양수산부 부산지방해양수산청,국가기관,운영지원과,박해정,051-609-6251,051-609-6219,[1^1192357^해양수산부 부산지방해양수산청^국가기관^운영지원과^박해정^0516096251],[1^주계약업체^단독^주식회사 대원아이오티공조^김대원^대한민국^100^주식회사 대원아이오티공조^^5358601756],https://www.g2b.go.kr/link/FIUA027_01/single/?ctrtNo=R26TA01863396&ctrtChgOrd=00&prcmBsneSeCd=조070001&srchName=ctrtCrst&openUrl=Y,부산지방해양수산청장,추정가격 2천만원 이하 물품 또는 용역,수의계약,2026-05-14 13:16:14,,0.075,,,,,2026-05-14,N,getCntrctInfoListThng,물품,해양수산부 부산지방해양수산청,2904000
R26TE14913487,물품,,R26TA0186355600,부산시립무용단 정기공연 '바라는 바다' 의상 제작 구매,N,신규,,,지방계약법 (제25조제1항5호바목),0,52230000,5,http://www.g2b.go.kr,직불,,,B553711,재단법인부산문화회관,지자체 출자출연기관,경영지원팀,이영지,051-607-6035,051-607-6039,[1^B553711^재단법인부산문화회관^지자체 출자출연기관^경영지원팀^이영지^0516076035],[1^주계약업체^단독^주식회사 모리노리^김지원^대한민국^100^주식회사 모리노리^^3058639710],https://www.g2b.go.kr/link/FIUA027_01/single/?ctrtNo=R26TA01863556&ctrtChgOrd=00&prcmBsneSeCd=조070001&srchName=ctrtCrst&openUrl=Y,(재)부산문화회관 대표이사,"추정가격 2천만원 초과 1억원 이하 물품·용역(여성기업, 장애인기업, 사회적기업, 사회적협동조합, 자활기업, 마을기업 계약)",수의계약,2026-05-14 13:31:08,,0.08,,,,,2026-05-15,N,getCntrctInfoListThng,물품,재단법인부산문화회관,52230000
R26TE14913668,물품,,R26TA0186354700,1호선 전동차용 통합제어장치(AVC) 등 2종 제조구매,N,신규,,계약일로부터 240일,지방계약법 (제26조제1항),0,160453000,5,http://www.g2b.go.kr,직불,,R26BK01519308,B551542,부산교통공사,지방공기업,회계자산처,정민지,051-640-7249,,[1^B551542^부산교통공사^지방공기업^회계자산처^정민지^0516407249],[1^주계약업체^단독^미래일 주식회사^유영식^대한민국^100^미래일 주식회사^^1138648755],https://www.g2b.go.kr/link/FIUA027_01/single/?ctrtNo=R26TA01863547&ctrtChgOrd=00&prcmBsneSeCd=조070001&srchName=ctrtCrst&openUrl=Y,부산교통공사사장,재공고입찰 등과 수의계약,수의계약,2026-05-14 13:35:59,,0.25,,,,,2026-05-20,N,getCntrctInfoListThng,물품,부산교통공사,160453000
R26TE14913703,물품,,R25TA0084582103,"금곡중학교 2026학년도 교복(동복,생활복) 학교주관구매 계약입찰공고[2단계]",N,신규,,,지방계약법 (제2조의2제1항1호),0,17488000,5,http://www.g2b.go.kr,직불,,R25BK00996058,7200029,부산광역시북부교육청 금곡중학교,교육기관,행정실,안은성,,,[1^7200029^부산광역시북부교육청 금곡중학교^교육기관^행정실^안은성^],[1^주계약업체^단독^스마트학생복 북구점^이치형^대한민국^100^스마트학생복 북구점^^6062741878],https://www.g2b.go.kr/link/FIUA027_01/single/?ctrtNo=R25TA00845821&ctrtChgOrd=03&prcmBsneSeCd=조070001&srchName=ctrtCrst&openUrl=Y,금곡중학교장,"[판로지원법 시행령] 소기업,소상공인제한",제한경쟁,2026-05-14 13:36:50,,0.08,,,,,2026-05-19,N,getCntrctInfoListThng,물품,부산광역시북부교육청 금곡중학교,17488000
R26TE14913734,물품,R26TA0185660500,R26TA0185660500,시약 및 초자류 4차 정기구매,N,신규,2026-05-14,계약일로부터 60일이내,국가계약법 (제2조의2제1항2호),0,141898900,10,http://www.g2b.go.kr,직불,,R26BK01495232,1471111,식품의약품안전처 부산지방식품의약품안전청,국가기관,운영지원과,박영희,051-602-6105,051-602-6245,[1^1471111^식품의약품안전처 부산지방식품의약품안전청^국가기관^운영지원과^박영희^0516026105],[1^주계약업체^단독^엔바이오 랩^이정민^대한민국^100^엔바이오 랩^^6062485711],https://www.g2b.go.kr/link/FIUA027_01/single/?ctrtNo=R26TA01856605&ctrtChgOrd=00&prcmBsneSeCd=조070001&srchName=ctrtCrst&openUrl=Y,부산지방식품의약품안전청장,"[판로지원법 시행령] 중기업,소기업,소상공인 제한",제한경쟁,2026-05-14 13:37:52,,0.075,,,,,2026-05-14,N,getCntrctInfoListThng,물품,식품의약품안전처 부산지방식품의약품안전청,141898900
R26TE14913772,물품,,R26TA0186363000,2026년 예인정 함수품(예인색) 구매,N,신규,,26.05.14.~26.07.23.,국가계약법 (제26조제1항2호아목),0,12324000,10,http://www.g2b.go.kr,직불,,,1532883,해양경찰청 해양경찰정비창 해양경찰부산정비창,국가기관,기획운영과,박규찬,051-419-2239,051-419-2318,[1^1532883^해양경찰청 해양경찰정비창 해양경찰부산정비창^국가기관^기획운영과^박규찬^0514192239],[1^주계약업체^단독^성진산업^김정애^대한민국^100^성진산업^^6061661621],https://www.g2b.go.kr/link/FIUA027_01/single/?ctrtNo=R26TA01863630&ctrtChgOrd=00&prcmBsneSeCd=조070001&srchName=ctrtCrst&openUrl=Y,해양경찰부산정비창,"특허, 실용신안등록, 디자인등록 제품",수의계약,2026-05-14 13:38:38,,0.075,,,,,2026-05-14,N,getCntrctInfoListThng,물품,해양경찰청 해양경찰정비창 해양경찰부산정비창,12324000
R26TE14913996,물품,,R26TA0186354700,1호선 전동차용 통합제어장치(AVC) 등 2종 제조구매,N,신규,,계약일로부터 240일,지방계약법 (제26조제1항),0,160453000,5,http://www.g2b.go.kr,직불,,R26BK01519308,B551542,부산교통공사,지방공기업,회계자산처,정민지,051-640-7249,,[1^B551542^부산교통공사^지방공기업^회계자산처^정민지^0516407249],[1^주계약업체^단독^미래일 주식회사^유영식^대한민국^100^미래일 주식회사^^1138648755],https://www.g2b.go.kr/link/FIUA027_01/single/?ctrtNo=R26TA01863547&ctrtChgOrd=00&prcmBsneSeCd=조070001&srchName=ctrtCrst&openUrl=Y,부산교통공사사장,재공고입찰 등과 수의계약,수의계약,2026-05-14 13:44:09,,0.25,,,,,2026-05-20,N,getCntrctInfoListThng,물품,부산교통공사,160453000
R26TE14914085,물품,,R26TA0186374700,덕천천 긴급대피시설 보조난간 및 발판 구매,N,신규,,,지방계약법 (제25조제1항5호나목),0,4180000,5,http://www.g2b.go.kr,직불,,,3320000,부산광역시 북구,지방자치단체,부산 북구청 재무과,정성욱,051-309-4146,051-309-4149,[1^3320000^부산광역시 북구^지방자치단체^부산 북구청 재무과^정성욱^0513094146],[1^주계약업체^단독^(주)다음앤^황정현^대한민국^100^(주)다음앤^^6078185643],https://www.g2b.go.kr/link/FIUA027_01/single/?ctrtNo=R26TA01863747&ctrtChgOrd=00&prcmBsneSeCd=조070001&srchName=ctrtCrst&openUrl=Y,부산광역시 북구청장,추정가격 2천만원 이하 물품 또는 용역,수의계약,2026-05-14 13:46:48,,0.08,,,,,2026-05-14,N,getCntrctInfoListThng,물품,부산광역시 북구,4180000
R26TE14914187,물품,,R25TA0089591801,"2026학년도 이사벨중학교 교복(동복, 생활하복) 학교주관구매 입찰",N,신규,,,지방계약법 (제2조의2제1항2호),0,52976000,5,http://www.g2b.go.kr,직불,,R25BK01020598,7191040,부산광역시교육청 부산광역시동래교육지원청 이사벨중학교,기타기관,행정실,이무철,***********,,[1^7191040^부산광역시교육청 부산광역시동래교육지원청 이사벨중학교^기타기관^행정실^이무철^***********],[1^주계약업체^단독^옥스포드 학생복 동래점 (전) 케이(K)스쿨 학생복^심용조^대한민국^100^옥스포드 학생복 동래점 (전) 케이(K)스쿨 학생복^^6070247246],https://www.g2b.go.kr/link/FIUA027_01/single/?ctrtNo=R25TA00895918&ctrtChgOrd=01&prcmBsneSeCd=조070001&srchName=ctrtCrst&openUrl=Y,이사벨중학교장,"[판로지원법 시행령] 중기업,소기업,소상공인 제한",제한경쟁,2026-05-14 13:49:17,,0.08,,,,,2026-05-15,N,getCntrctInfoListThng,물품,부산광역시교육청 부산광역시동래교육지원청 이사벨중학교,52976000
R26TE14914463,물품,R26TA0186374700,R26TA0186374700,덕천천 긴급대피시설 보조난간 및 발판 구매,N,신규,2026-05-14,,지방계약법 (제25조제1항5호나목),0,4180000,5,http://www.g2b.go.kr,직불,,,3320000,부산광역시 북구,지방자치단체,부산 북구청 재무과,정성욱,051-309-4146,051-309-4149,[1^3320000^부산광역시 북구^지방자치단체^부산 북구청 재무과^정성욱^0513094146],[1^주계약업체^단독^(주)다음앤^황정현^대한민국^100^(주)다음앤^^6078185643],https://www.g2b.go.kr/link/FIUA027_01/single/?ctrtNo=R26TA01863747&ctrtChgOrd=00&prcmBsneSeCd=조070001&srchName=ctrtCrst&openUrl=Y,부산광역시 북구청장,추정가격 2천만원 이하 물품 또는 용역,수의계약,2026-05-14 13:57:12,,0.08,,,,,2026-05-14,N,getCntrctInfoListThng,물품,부산광역시 북구,4180000
R26TE14914502,물품,,R26TA0186386800,2026년 만덕도서관 어린이복합문화공간 비치도서 구입,N,신규,,,지방계약법 (제25조제1항5호나목),0,4500000,5,http://www.g2b.go.kr,직불,,,3320000,부산광역시 북구,지방자치단체,부산 북구청 재무과,김선주,,,[1^3320000^부산광역시 북구^지방자치단체^부산 북구청 재무과^김선주^],[1^주계약업체^단독^구남도서^김진숙^대한민국^100^구남도서^^7173301541],https://www.g2b.go.kr/link/FIUA027_01/single/?ctrtNo=R26TA01863868&ctrtChgOrd=00&prcmBsneSeCd=조070001&srchName=ctrtCrst&openUrl=Y,부산광역시 북구청장,추정가격 2천만원 이하 물품 또는 용역,수의계약,2026-05-14 13:57:57,,0.08,,,,,2026-05-18,N,getCntrctInfoListThng,물품,부산광역시 북구,4500000
R26TE14914568,물품,,R26TA0186389900,부산시티투어 2층 오픈형버스 음향장비 구매,N,신규,,2026.5.13.~2026.6.12.,지방계약법 (제25조제1항5호나목),0,12661000,10,http://www.g2b.go.kr,직불,,,Z024647,부산관광공사,지방공기업,경영지원팀,성혜지,051-780-2163,051-780-2119,[1^Z024647^부산관광공사^지방공기업^경영지원팀^성혜지^0517802163],[1^주계약업체^단독^주식회사 한국시스템^김경호^대한민국^100^주식회사 한국시스템^^6218193135],https://www.g2b.go.kr/link/FIUA027_01/single/?ctrtNo=R26TA01863899&ctrtChgOrd=00&prcmBsneSeCd=조070001&srchName=ctrtCrst&openUrl=Y,부산관광공사 사장,추정가격 2천만원 이하 물품 또는 용역,수의계약,2026-05-14 13:59:44,,0.08,,,,,2026-05-13,N,getCntrctInfoListThng,물품,부산관광공사,12661000
R26TE14915542,물품,R26TA0185790000,R26TA0185790000,삼락복합문화체육센터 건립 기계설비 공사 관급자재(냉난방기) 추가 구매,N,신규,2026-05-14,,지방계약법 (제25조제1항5호나목),0,8880000,5,http://www.g2b.go.kr,직불,,,3390000,부산광역시 사상구,지방자치단체,사상구청 재무과,박지현,051-310-4147,051-310-4149,[1^3390000^부산광역시 사상구^지방자치단체^사상구청 재무과^박지현^0513104147],[1^주계약업체^단독^(주) 유진이엔지^김형근^대한민국^100^(주) 유진이엔지^^6178172558],https://www.g2b.go.kr/link/FIUA027_01/single/?ctrtNo=R26TA01857900&ctrtChgOrd=00&prcmBsneSeCd=조070001&srchName=ctrtCrst&openUrl=Y,부산광역시 사상구청장,추정가격 2천만원 이하 물품 또는 용역,수의계약,2026-05-14 14:27:12,,0.08,,,,,2026-05-14,N,getCntrctInfoListThng,물품,부산광역시 사상구,8880000
R26TE14915660,물품,R26TA0139522501,R26TA0139522501,부산시립미술관 리모델링 사업 기계설비공사 냉각탑 제조·구매,N,신규,2026-03-30,,지방계약법 (제20조제1항6호),0,268846500,5,http://www.g2b.go.kr,직불,,R26BK01264665,6260361,부산광역시 건설본부,지방자치단체,부산광역시 건설본부 회계팀,이남경,051-888-6028,051-888-6009,[1^6260361^부산광역시 건설본부^지방자치단체^부산광역시 건설본부 회계팀^이남경^0518886028],[1^주계약업체^단독^(주)세원엔지니어링^배미연^대한민국^100^(주)세원엔지니어링^^6078148013],https://www.g2b.go.kr/link/FIUA027_01/single/?ctrtNo=R26TA01395225&ctrtChgOrd=01&prcmBsneSeCd=조070001&srchName=ctrtCrst&openUrl=Y,부산광역시 건설본부장 ,행정안전부령 금액 미만 본점소재지,제한경쟁,2026-05-14 14:30:17,,0.08,,,,,2026-03-30,N,getCntrctInfoListThng,물품,부산광역시 건설본부,268846500
R26TE14915711,물품,R26TA0139522501,R26TA0139522501,부산시립미술관 리모델링 사업 기계설비공사 냉각탑 제조·구매,N,신규,2026-03-30,,지방계약법 (제20조제1항6호),0,268846500,5,http://www.g2b.go.kr,직불,,R26BK01264665,6260361,부산광역시 건설본부,지방자치단체,부산광역시 건설본부 회계팀,이남경,051-888-6028,051-888-6009,[1^6260361^부산광역시 건설본부^지방자치단체^부산광역시 건설본부 회계팀^이남경^0518886028],[1^주계약업체^단독^(주)세원엔지니어링^배미연^대한민국^100^(주)세원엔지니어링^^6078148013],https://www.g2b.go.kr/link/FIUA027_01/single/?ctrtNo=R26TA01395225&ctrtChgOrd=01&prcmBsneSeCd=조070001&srchName=ctrtCrst&openUrl=Y,부산광역시 건설본부장 ,행정안전부령 금액 미만 본점소재지,제한경쟁,2026-05-14 14:31:56,,0.08,,,,,2026-03-30,N,getCntrctInfoListThng,물품,부산광역시 건설본부,268846500
R26TE14915942,물품,,R26TA0186316700,별관 화장실 환풍기 구매 교체,N,신규,,계약일~2026.6.5.,지방계약법 (제25조제1항5호나목),0,3269290,5,http://www.g2b.go.kr,직불,,,3350000,부산광역시 금정구,지방자치단체,재무과,박소정,051-519-4144,051-519-4149,[1^3350000^부산광역시 금정구^지방자치단체^재무과^박소정^0515194144],[1^주계약업체^단독^크린웰빙공조^하봉곤^대한민국^100^크린웰빙공조^^6211114103],https://www.g2b.go.kr/link/FIUA027_01/single/?ctrtNo=R26TA01863167&ctrtChgOrd=00&prcmBsneSeCd=조070001&srchName=ctrtCrst&openUrl=Y,금정구청장,추정가격 2천만원 이하 물품 또는 용역,수의계약,2026-05-14 14:37:53,,0.08,,,,,2026-05-15,N,getCntrctInfoListThng,물품,부산광역시 금정구,3269290
R26TE14916090,물품,,R26TA0186438900,[민원]가족관계등록사무 동 통합창구 운영 물품 구입(토너 카트리지),N,신규,,,지방계약법 (제25조제1항5호나목),0,6871000,10,http://www.g2b.go.kr,직불,,,3380000,부산광역시 수영구,지방자치단체,재무과,장지혜,,,[1^3380000^부산광역시 수영구^지방자치단체^재무과^장지혜^],[1^주계약업체^단독^중앙오에이시스템^배병목^대한민국^100^중앙오에이시스템^^6054389530],https://www.g2b.go.kr/link/FIUA027_01/single/?ctrtNo=R26TA01864389&ctrtChgOrd=00&prcmBsneSeCd=조070001&srchName=ctrtCrst&openUrl=Y,부산광역시수영구청장,추정가격 2천만원 이하 물품 또는 용역,수의계약,2026-05-14 14:41:48,,0.08,,,,,2026-05-14,N,getCntrctInfoListThng,물품,부산광역시 수영구,6871000
R26TE14916136,물품,,R25TA0089591801,"2026학년도 이사벨중학교 교복(동복, 생활하복) 학교주관구매 입찰",N,신규,,,지방계약법 (제2조의2제1항2호),0,52976000,5,http://www.g2b.go.kr,직불,,R25BK01020598,7191040,부산광역시교육청 부산광역시동래교육지원청 이사벨중학교,기타기관,행정실,이무철,***********,,[1^7191040^부산광역시교육청 부산광역시동래교육지원청 이사벨중학교^기타기관^행정실^이무철^***********],[1^주계약업체^단독^옥스포드 학생복 동래점 (전) 케이(K)스쿨 학생복^심용조^대한민국^100^옥스포드 학생복 동래점 (전) 케이(K)스쿨 학생복^^6070247246],https://www.g2b.go.kr/link/FIUA027_01/single/?ctrtNo=R25TA00895918&ctrtChgOrd=01&prcmBsneSeCd=조070001&srchName=ctrtCrst&openUrl=Y,이사벨중학교장,"[판로지원법 시행령] 중기업,소기업,소상공인 제한",제한경쟁,2026-05-14 14:42:56,,0.08,,,,,2026-05-15,N,getCntrctInfoListThng,물품,부산광역시교육청 부산광역시동래교육지원청 이사벨중학교,52976000
R26TE14916191,물품,,R26TA0186331800,무인항공기 측량 성능 시험 평가 시스템,N,신규,,2026.05.14. ~ 2026.08.21.,지방계약법 (제26조제2항),0,900000000,5,http://www.g2b.go.kr,직불,,,Z001351,재단법인부산테크노파크,기타기관,회계지원팀,권지영,,,[1^Z001351^재단법인부산테크노파크^기타기관^회계지원팀^권지영^],[1^주계약업체^단독^(주)아이비즈^김수도^대한민국^100^(주)아이비즈^^5028186707],https://www.g2b.go.kr/link/FIUA027_01/single/?ctrtNo=R26TA01863318&ctrtChgOrd=00&prcmBsneSeCd=조070001&srchName=ctrtCrst&openUrl=Y,원장,경쟁입찰을 실시했으나 입찰자가 1인뿐인 경우 수의계약(행안부장관 고시기간),수의계약,2026-05-14 14:44:37,,0.08,,,,,2026-05-14,N,getCntrctInfoListThng,물품,재단법인부산테크노파크,900000000
R26TE14916287,물품,R26TA0184958500,R26TA0184958500,삼파장램프 등 56종 구매,N,신규,2026-05-13,,지방계약법 (제25조제1항5호라목),0,51823700,5,http://www.g2b.go.kr,직불,,R26BK01498820,B551542,부산교통공사,지방공기업,회계자산처,박미정,051-640-7248,051-640-7255,[1^B551542^부산교통공사^지방공기업^회계자산처^박미정^0516407248],[1^주계약업체^단독^마끼다^정인목^대한민국^100^마끼다^^8826300601],https://www.g2b.go.kr/link/FIUA027_01/single/?ctrtNo=R26TA01849585&ctrtChgOrd=00&prcmBsneSeCd=조070001&srchName=ctrtCrst&openUrl=Y,부산교통공사사장,추정가격 2천만원 초과 1억원 이하 물품·용역(소기업 소상공인 계약),수의계약,2026-05-14 14:47:30,,0.08,,,,,2026-05-13,N,getCntrctInfoListThng,물품,부산교통공사,51823700
R26TE14916400,물품,,R26TA0186447700,일광교육행복타운 공용공간 및 BF 사인물 제작·설치,N,신규,,,지방계약법 (제25조제1항5호바목),0,54000000,5,http://www.g2b.go.kr,직불,,,3400000,부산광역시 기장군,지방자치단체,재무과,조혜지,051-709-4147,051-709-4659,[1^3400000^부산광역시 기장군^지방자치단체^재무과^조혜지^0517094147],[1^주계약업체^단독^주식회사 디자인글로리^홍선아^대한민국^100^주식회사 디자인글로리^^3028600083],https://www.g2b.go.kr/link/FIUA027_01/single/?ctrtNo=R26TA01864477&ctrtChgOrd=00&prcmBsneSeCd=조070001&srchName=ctrtCrst&openUrl=Y,기장군수,"추정가격 2천만원 초과 1억원 이하 물품·용역(여성기업, 장애인기업, 사회적기업, 사회적협동조합, 자활기업, 마을기업 계약)",수의계약,2026-05-14 14:50:17,,0.08,,,,,2026-05-15,N,getCntrctInfoListThng,물품,부산광역시 기장군,54000000
R26TE14916626,물품,,R25TA0082754701,"2026학년도 다대중학교 교복(동복, 하복) 학교주관 구매",N,신규,,,지방계약법 (제2조의2제1항1호),0,41075360,10,http://www.g2b.go.kr,직불,,R25BK00974240,7170030,부산광역시서부교육청 다대중학교,교육기관,행정실,박중규,,,[1^7170030^부산광역시서부교육청 다대중학교^교육기관^행정실^박중규^],[1^주계약업체^단독^하이틴^문미애^대한민국^100^하이틴^^6033318743],https://www.g2b.go.kr/link/FIUA027_01/single/?ctrtNo=R25TA00827547&ctrtChgOrd=01&prcmBsneSeCd=조070001&srchName=ctrtCrst&openUrl=Y,다대중학교장,"[판로지원법 시행령] 소기업,소상공인제한",제한경쟁,2026-05-14 14:56:45,,0.08,,,,,2026-04-30,N,getCntrctInfoListThng,물품,부산광역시서부교육청 다대중학교,41075360
R26TE14916668,물품,,R26TA0186456000,하하센터 조성사업 사인물 설치,N,신규,,,지방계약법 (제25조제1항5호바목),0,27000000,5,http://www.g2b.go.kr,직불,,,3400000,부산광역시 기장군,지방자치단체,재무과,조혜지,051-709-4147,051-709-4659,[1^3400000^부산광역시 기장군^지방자치단체^재무과^조혜지^0517094147],[1^주계약업체^단독^주식회사 부림건축디자인^박주연^대한민국^100^주식회사 부림건축디자인^^6178199673],https://www.g2b.go.kr/link/FIUA027_01/single/?ctrtNo=R26TA01864560&ctrtChgOrd=00&prcmBsneSeCd=조070001&srchName=ctrtCrst&openUrl=Y,기장군수,"추정가격 2천만원 초과 1억원 이하 물품·용역(여성기업, 장애인기업, 사회적기업, 사회적협동조합, 자활기업, 마을기업 계약)",수의계약,2026-05-14 14:58:00,,0.08,,,,,2026-05-14,N,getCntrctInfoListThng,물품,부산광역시 기장군,27000000
R26TE14916750,물품,R26TA0185995100,R26TA0185995100,"(단가, 소액수의)속초 509함 주기 신축이음관 교체 수리",N,신규,2026-05-14,26.5.14.~26.5.20.,국가계약법 (제26조제1항5호가3목),0,5115000,10,http://www.g2b.go.kr,직불,,,1532883,해양경찰청 해양경찰정비창 해양경찰부산정비창,국가기관,기획운영과,김대성,051-419-2417,051-419-2318,[1^1532883^해양경찰청 해양경찰정비창 해양경찰부산정비창^국가기관^기획운영과^김대성^0514192417],[1^주계약업체^단독^주식회사 아라트^김명우^대한민국^100^주식회사 아라트^^5468601417],https://www.g2b.go.kr/link/FIUA027_01/single/?ctrtNo=R26TA01859951&ctrtChgOrd=00&prcmBsneSeCd=조070001&srchName=ctrtCrst&openUrl=Y,해양경찰부산정비창,추정가격 2천만원 초과 1억원 이하 물품·용역(소기업.소상공인 계약),수의계약,2026-05-14 15:00:15,,0.125,73152180,기타수리서비스,수리,임대*위탁 및 수리서비스,2026-05-14,N,getCntrctInfoListThng,물품,해양경찰청 해양경찰정비창 해양경찰부산정비창,5115000
R26TE14916890,물품,R26TA0185209100,R26TA0185209100,급속냉동기 스크류압축기 오버홀,N,신규,2026-05-12,2026.05.12 ~ 2026.06.09,지방계약법 (제25조제1항4호타목),0,16292100,5,http://www.g2b.go.kr,직불,,,Z001351,재단법인부산테크노파크,기타기관,회계지원팀,권지영,,,[1^Z001351^재단법인부산테크노파크^기타기관^회계지원팀^권지영^],[1^주계약업체^단독^주식회사 센추리산업기술^황재민^대한민국^100^주식회사 센추리산업기술^^6808601871],https://www.g2b.go.kr/link/FIUA027_01/single/?ctrtNo=R26TA01852091&ctrtChgOrd=00&prcmBsneSeCd=조070001&srchName=ctrtCrst&openUrl=Y,원장,부품공급 및 설비확충 시 호환성,수의계약,2026-05-14 15:04:16,,0.13,,,,,2026-05-12,N,getCntrctInfoListThng,물품,재단법인부산테크노파크,16292100
R26TE14916911,물품,R26TA0183429100,R26TA0183429100,"(단가, 유찰, 수의) 속초 509함, 울진 P-80정 선저외판 검사수리",N,신규,2026-05-14,26.5.14.~26.5.22.,국가계약법 (제27조제1항),0,2610000,10,http://www.g2b.go.kr,직불,,,1532883,해양경찰청 해양경찰정비창 해양경찰부산정비창,국가기관,기획운영과,김대성,051-419-2417,051-419-2318,[1^1532883^해양경찰청 해양경찰정비창 해양경찰부산정비창^국가기관^기획운영과^김대성^0514192417],[1^주계약업체^단독^조은엔지니어링^조재용^대한민국^100^조은엔지니어링^^4172700132],https://www.g2b.go.kr/link/FIUA027_01/single/?ctrtNo=R26TA01834291&ctrtChgOrd=00&prcmBsneSeCd=조070001&srchName=ctrtCrst&openUrl=Y,해양경찰부산정비창,재공고입찰등과 수의계약,수의계약,2026-05-14 15:04:48,,0.125,,,,,2026-05-14,N,getCntrctInfoListThng,물품,해양경찰청 해양경찰정비창 해양경찰부산정비창,2610000
R26TE14917057,물품,R26TA0184507400,R26TA0184507400,"(소액수의)인천 311함 NO.3,4 주기관 취외, 취부 및 중심조정",N,신규,2026-05-11,26.5.11.~26.8.18.,국가계약법 (제26조제1항5호가2목),0,10602200,10,http://www.g2b.go.kr,직불,R26DC00179670,R26BK01388124,1532883,해양경찰청 해양경찰정비창 해양경찰부산정비창,국가기관,기획운영과,김대성,051-419-2417,051-419-2318,[1^1532883^해양경찰청 해양경찰정비창 해양경찰부산정비창^국가기관^기획운영과^이재원^0514192239],[1^주계약업체^단독^금강전기^박태순^대한민국^100^금강전기^^6063776003],https://www.g2b.go.kr/link/FIUA027_01/single/?ctrtNo=R26TA01845074&ctrtChgOrd=00&prcmBsneSeCd=조070001&srchName=ctrtCrst&openUrl=Y,해양경찰부산정비창,추정가격 2천만원 이하 물품 또는 용역,수의계약,2026-05-14 15:09:10,,0.125,73152180,기타수리서비스,수리,임대*위탁 및 수리서비스,2026-05-11,N,getCntrctInfoListThng,물품,해양경찰청 해양경찰정비창 해양경찰부산정비창,10602200
R26TE14917175,물품,,R26TA0186464900,구내식당 수납장 등 가구 구매,N,신규,,계약일~2026.6.22.,지방계약법 (제25조제1항5호나목),0,17100000,5,http://www.g2b.go.kr,직불,,,3350000,부산광역시 금정구,지방자치단체,재무과,박소정,051-519-4144,051-519-4149,[1^3350000^부산광역시 금정구^지방자치단체^재무과^박소정^0515194144],[1^주계약업체^단독^주식회사 한디자인그룹^윤경혜^대한민국^100^주식회사 한디자인그룹^^6038153931],https://www.g2b.go.kr/link/FIUA027_01/single/?ctrtNo=R26TA01864649&ctrtChgOrd=00&prcmBsneSeCd=조070001&srchName=ctrtCrst&openUrl=Y,금정구청장,추정가격 2천만원 이하 물품 또는 용역,수의계약,2026-05-14 15:11:57,,0.08,,,,,2026-05-15,N,getCntrctInfoListThng,물품,부산광역시 금정구,17100000
R26TE14917395,물품,,R25TA0085249101,"부산대신중학교 2026학년도 신입생 교복(동복, 하복(생활복)) 학교주관구매",N,신규,,,지방계약법 (제2조의2제1항1호),0,48504000,10,http://www.g2b.go.kr,직불,,R25BK00971568,7170035,부산광역시서부교육청 부산대신중학교,교육기관,행정실,정형철,***********,051-244-0400,[1^7170035^부산광역시서부교육청 부산대신중학교^교육기관^행정실^정형철^***********],[1^주계약업체^단독^스쿨룩스 사하점^이재경^대한민국^100^스쿨룩스 사하점^^6030875607],https://www.g2b.go.kr/link/FIUA027_01/single/?ctrtNo=R25TA00852491&ctrtChgOrd=01&prcmBsneSeCd=조070001&srchName=ctrtCrst&openUrl=Y,부산대신중학교장,"[판로지원법 시행령] 소기업,소상공인제한",제한경쟁,2026-05-14 15:17:55,,0.08,,,,,2026-05-14,N,getCntrctInfoListThng,물품,부산광역시서부교육청 부산대신중학교,48504000
