ym,item_category,bid_count,amount_sum,ym_str,t,fitted,residual,is_forecast,trend,slope_per_month,seasonal_cv,has_seasonality
2024-04,IT/소프트웨어,3,469993840.0,2024-04,0,333.9,-330.9,False,감소,-113.74,0.727,False
2024-05,IT/소프트웨어,228,66903376060.0,2024-05,1,335.2,-107.19999999999999,False,감소,-113.74,0.727,False
2024-06,IT/소프트웨어,259,93836287814.0,2024-06,2,336.5,-77.5,False,감소,-113.74,0.727,False
2024-07,IT/소프트웨어,282,65175015220.0,2024-07,3,337.8,-55.80000000000001,False,감소,-113.74,0.727,False
2024-08,IT/소프트웨어,220,78641364796.0,2024-08,4,339.1,-119.10000000000002,False,감소,-113.74,0.727,False
2024-09,IT/소프트웨어,219,93670084913.0,2024-09,5,340.3,-121.30000000000001,False,감소,-113.74,0.727,False
2024-10,IT/소프트웨어,587,244627935133.0,2024-10,6,341.6,245.39999999999998,False,감소,-113.74,0.727,False
2024-11,IT/소프트웨어,860,339055545658.0,2024-11,7,342.9,517.1,False,감소,-113.74,0.727,False
2024-12,IT/소프트웨어,969,480788004704.0,2024-12,8,344.2,624.8,False,감소,-113.74,0.727,False
2025-01,IT/소프트웨어,409,124617743749.0,2025-01,9,345.5,63.5,False,감소,-113.74,0.727,False
2025-02,IT/소프트웨어,169,131137744241.0,2025-02,10,346.8,-177.8,False,감소,-113.74,0.727,False
2025-03,IT/소프트웨어,127,52904509941.0,2025-03,11,348.1,-221.10000000000002,False,감소,-113.74,0.727,False
2025-04,IT/소프트웨어,311,159414705239.0,2025-04,12,349.4,-38.39999999999998,False,감소,-113.74,0.727,False
2025-05,IT/소프트웨어,245,115592842181.0,2025-05,13,350.6,-105.60000000000002,False,감소,-113.74,0.727,False
2025-06,IT/소프트웨어,250,87380279133.0,2025-06,14,351.9,-101.89999999999998,False,감소,-113.74,0.727,False
2025-07,IT/소프트웨어,262,151533608572.0,2025-07,15,353.2,-91.19999999999999,False,감소,-113.74,0.727,False
2025-08,IT/소프트웨어,221,130257454193.0,2025-08,16,354.5,-133.5,False,감소,-113.74,0.727,False
2025-09,IT/소프트웨어,235,99397894298.0,2025-09,17,355.8,-120.80000000000001,False,감소,-113.74,0.727,False
2025-10,IT/소프트웨어,517,241574732622.0,2025-10,18,357.1,159.89999999999998,False,감소,-113.74,0.727,False
2025-11,IT/소프트웨어,728,287983257463.0,2025-11,19,358.4,369.6,False,감소,-113.74,0.727,False
2025-12,IT/소프트웨어,866,540404664271.0,2025-12,20,359.7,506.3,False,감소,-113.74,0.727,False
2026-01,IT/소프트웨어,408,137911086794.0,2026-01,21,360.9,47.10000000000002,False,감소,-113.74,0.727,False
2026-02,IT/소프트웨어,194,51107195413.0,2026-02,22,362.2,-168.2,False,감소,-113.74,0.727,False
2026-03,IT/소프트웨어,59,20524171133.0,2026-03,23,363.5,-304.5,False,감소,-113.74,0.727,False
2026-04,IT/소프트웨어,326,138751877660.0,2026-04,24,364.8,-38.80000000000001,False,감소,-113.74,0.727,False
2026-05,IT/소프트웨어,146,57418219067.0,2026-05,25,366.1,-220.10000000000002,False,감소,-113.74,0.727,False
2026-06,IT/소프트웨어,,,2026-06,26,367.4,,True,감소,-113.74,0.727,False
2026-07,IT/소프트웨어,,,2026-07,27,368.7,,True,감소,-113.74,0.727,False
2026-08,IT/소프트웨어,,,2026-08,28,369.9,,True,감소,-113.74,0.727,False
2026-09,IT/소프트웨어,,,2026-09,29,371.2,,True,감소,-113.74,0.727,False
2026-10,IT/소프트웨어,,,2026-10,30,372.5,,True,감소,-113.74,0.727,False
2026-11,IT/소프트웨어,,,2026-11,31,373.8,,True,감소,-113.74,0.727,False
2024-04,건설/감리,15,4188698000.0,2024-04,0,90.2,-75.2,False,증가,13.37,0.526,False
2024-05,건설/감리,80,27706931467.0,2024-05,1,90.4,-10.400000000000006,False,증가,13.37,0.526,False
2024-06,건설/감리,92,107315054330.0,2024-06,2,90.6,1.4000000000000057,False,증가,13.37,0.526,False
2024-07,건설/감리,73,24427916100.0,2024-07,3,90.7,-17.700000000000003,False,증가,13.37,0.526,False
2024-08,건설/감리,167,79793204600.0,2024-08,4,90.9,76.1,False,증가,13.37,0.526,False
2024-09,건설/감리,146,87695638164.0,2024-09,5,91.0,55.0,False,증가,13.37,0.526,False
2024-10,건설/감리,177,136785390740.0,2024-10,6,91.2,85.8,False,증가,13.37,0.526,False
2024-11,건설/감리,83,74643218080.0,2024-11,7,91.4,-8.400000000000006,False,증가,13.37,0.526,False
2024-12,건설/감리,29,19341027900.0,2024-12,8,91.5,-62.5,False,증가,13.37,0.526,False
2025-01,건설/감리,38,17121413299.0,2025-01,9,91.7,-53.7,False,증가,13.37,0.526,False
2025-02,건설/감리,28,5655338000.0,2025-02,10,91.9,-63.900000000000006,False,증가,13.37,0.526,False
2025-03,건설/감리,34,8028559670.0,2025-03,11,92.0,-58.0,False,증가,13.37,0.526,False
2025-04,건설/감리,106,39097099500.0,2025-04,12,92.2,13.799999999999997,False,증가,13.37,0.526,False
2025-05,건설/감리,159,82501246100.0,2025-05,13,92.4,66.6,False,증가,13.37,0.526,False
2025-06,건설/감리,128,105189134000.0,2025-06,14,92.5,35.5,False,증가,13.37,0.526,False
2025-07,건설/감리,146,95483994000.0,2025-07,15,92.7,53.3,False,증가,13.37,0.526,False
2025-08,건설/감리,131,70541849627.0,2025-08,16,92.8,38.2,False,증가,13.37,0.526,False
2025-09,건설/감리,117,229748392667.0,2025-09,17,93.0,24.0,False,증가,13.37,0.526,False
2025-10,건설/감리,119,119937675222.0,2025-10,18,93.2,25.799999999999997,False,증가,13.37,0.526,False
2025-11,건설/감리,73,48571525000.0,2025-11,19,93.3,-20.299999999999997,False,증가,13.37,0.526,False
2025-12,건설/감리,28,41923428000.0,2025-12,20,93.5,-65.5,False,증가,13.37,0.526,False
2026-01,건설/감리,63,24224309501.0,2026-01,21,93.7,-30.700000000000003,False,증가,13.37,0.526,False
2026-02,건설/감리,102,25389082000.0,2026-02,22,93.8,8.200000000000003,False,증가,13.37,0.526,False
2026-03,건설/감리,37,12171439000.0,2026-03,23,94.0,-57.0,False,증가,13.37,0.526,False
2026-04,건설/감리,139,53867570401.0,2026-04,24,94.1,44.900000000000006,False,증가,13.37,0.526,False
2026-05,건설/감리,89,68962582800.0,2026-05,25,94.3,-5.299999999999997,False,증가,13.37,0.526,False
2026-06,건설/감리,,,2026-06,26,94.5,,True,증가,13.37,0.526,False
2026-07,건설/감리,,,2026-07,27,94.6,,True,증가,13.37,0.526,False
2026-08,건설/감리,,,2026-08,28,94.8,,True,증가,13.37,0.526,False
2026-09,건설/감리,,,2026-09,29,95.0,,True,증가,13.37,0.526,False
2026-10,건설/감리,,,2026-10,30,95.1,,True,증가,13.37,0.526,False
2026-11,건설/감리,,,2026-11,31,95.3,,True,증가,13.37,0.526,False
2024-04,교육/교구,1,113000000.0,2024-04,0,555.2,-554.2,False,감소,-173.94,0.687,False
2024-05,교육/교구,541,54579600906.0,2024-05,1,563.2,-22.200000000000045,False,감소,-173.94,0.687,False
2024-06,교육/교구,683,64440477648.0,2024-06,2,571.1,111.89999999999998,False,감소,-173.94,0.687,False
2024-07,교육/교구,714,79131515944.0,2024-07,3,579.0,135.0,False,감소,-173.94,0.687,False
2024-08,교육/교구,585,62664657690.0,2024-08,4,586.9,-1.8999999999999773,False,감소,-173.94,0.687,False
2024-09,교육/교구,465,63867424118.0,2024-09,5,594.8,-129.79999999999995,False,감소,-173.94,0.687,False
2024-10,교육/교구,451,92603506800.0,2024-10,6,602.7,-151.70000000000005,False,감소,-173.94,0.687,False
2024-11,교육/교구,461,90226928219.0,2024-11,7,610.6,-149.60000000000002,False,감소,-173.94,0.687,False
2024-12,교육/교구,450,73853350024.0,2024-12,8,618.5,-168.5,False,감소,-173.94,0.687,False
2025-01,교육/교구,2009,342028260778.0,2025-01,9,626.4,1382.6,False,감소,-173.94,0.687,False
2025-02,교육/교구,867,105294675806.0,2025-02,10,634.3,232.70000000000005,False,감소,-173.94,0.687,False
2025-03,교육/교구,353,37292726918.0,2025-03,11,642.3,-289.29999999999995,False,감소,-173.94,0.687,False
2025-04,교육/교구,875,88777229984.0,2025-04,12,650.2,224.79999999999995,False,감소,-173.94,0.687,False
2025-05,교육/교구,581,66902564115.0,2025-05,13,658.1,-77.10000000000002,False,감소,-173.94,0.687,False
2025-06,교육/교구,621,87605504052.0,2025-06,14,666.0,-45.0,False,감소,-173.94,0.687,False
2025-07,교육/교구,615,81307800431.0,2025-07,15,673.9,-58.89999999999998,False,감소,-173.94,0.687,False
2025-08,교육/교구,462,61942674845.0,2025-08,16,681.8,-219.79999999999995,False,감소,-173.94,0.687,False
2025-09,교육/교구,382,39808360539.0,2025-09,17,689.7,-307.70000000000005,False,감소,-173.94,0.687,False
2025-10,교육/교구,493,96771259585.0,2025-10,18,697.6,-204.60000000000002,False,감소,-173.94,0.687,False
2025-11,교육/교구,534,102271677123.0,2025-11,19,705.5,-171.5,False,감소,-173.94,0.687,False
2025-12,교육/교구,670,127067142007.0,2025-12,20,713.4,-43.39999999999998,False,감소,-173.94,0.687,False
2026-01,교육/교구,2016,327701268497.0,2026-01,21,721.3,1294.7,False,감소,-173.94,0.687,False
2026-02,교육/교구,927,138236570536.0,2026-02,22,729.3,197.70000000000005,False,감소,-173.94,0.687,False
2026-03,교육/교구,99,12459852196.0,2026-03,23,737.2,-638.2,False,감소,-173.94,0.687,False
2026-04,교육/교구,811,124207111020.0,2026-04,24,745.1,65.89999999999998,False,감소,-173.94,0.687,False
2026-05,교육/교구,341,61388845541.0,2026-05,25,753.0,-412.0,False,감소,-173.94,0.687,False
2026-06,교육/교구,,,2026-06,26,760.9,,True,감소,-173.94,0.687,False
2026-07,교육/교구,,,2026-07,27,768.8,,True,감소,-173.94,0.687,False
2026-08,교육/교구,,,2026-08,28,776.7,,True,감소,-173.94,0.687,False
2026-09,교육/교구,,,2026-09,29,784.6,,True,감소,-173.94,0.687,False
2026-10,교육/교구,,,2026-10,30,792.5,,True,감소,-173.94,0.687,False
2026-11,교육/교구,,,2026-11,31,800.4,,True,감소,-173.94,0.687,False
2024-04,기타,8,1623792000.0,2024-04,0,395.0,-387.0,False,증가,7.03,0.369,False
2024-05,기타,388,81702689693.0,2024-05,1,395.8,-7.800000000000011,False,증가,7.03,0.369,False
2024-06,기타,543,112021073196.0,2024-06,2,396.5,146.5,False,증가,7.03,0.369,False
2024-07,기타,576,102798907684.0,2024-07,3,397.3,178.7,False,증가,7.03,0.369,False
2024-08,기타,443,79162251727.0,2024-08,4,398.0,45.0,False,증가,7.03,0.369,False
2024-09,기타,393,70232382125.0,2024-09,5,398.8,-5.800000000000011,False,증가,7.03,0.369,False
2024-10,기타,454,161190435687.0,2024-10,6,399.5,54.5,False,증가,7.03,0.369,False
2024-11,기타,425,134308516207.0,2024-11,7,400.3,24.69999999999999,False,증가,7.03,0.369,False
2024-12,기타,453,191598597310.0,2024-12,8,401.1,51.89999999999998,False,증가,7.03,0.369,False
2025-01,기타,329,81325653083.0,2025-01,9,401.8,-72.80000000000001,False,증가,7.03,0.369,False
2025-02,기타,251,41250219669.545,2025-02,10,402.6,-151.60000000000002,False,증가,7.03,0.369,False
2025-03,기타,234,79656601500.0,2025-03,11,403.3,-169.3,False,증가,7.03,0.369,False
2025-04,기타,627,132288370866.0,2025-04,12,404.1,222.89999999999998,False,증가,7.03,0.369,False
2025-05,기타,548,151939677300.0,2025-05,13,404.8,143.2,False,증가,7.03,0.369,False
2025-06,기타,491,89758343526.0,2025-06,14,405.6,85.39999999999998,False,증가,7.03,0.369,False
2025-07,기타,462,96439533204.0,2025-07,15,406.4,55.60000000000002,False,증가,7.03,0.369,False
2025-08,기타,421,94708208334.0,2025-08,16,407.1,13.899999999999977,False,증가,7.03,0.369,False
2025-09,기타,347,88927061804.0,2025-09,17,407.9,-60.89999999999998,False,증가,7.03,0.369,False
2025-10,기타,383,185731673228.0,2025-10,18,408.6,-25.600000000000023,False,증가,7.03,0.369,False
2025-11,기타,430,208419934287.0,2025-11,19,409.4,20.600000000000023,False,증가,7.03,0.369,False
2025-12,기타,373,141096083473.0,2025-12,20,410.1,-37.10000000000002,False,증가,7.03,0.369,False
2026-01,기타,450,76513704593.0,2026-01,21,410.9,39.10000000000002,False,증가,7.03,0.369,False
2026-02,기타,336,56795617497.0,2026-02,22,411.6,-75.60000000000002,False,증가,7.03,0.369,False
2026-03,기타,126,25006902801.0,2026-03,23,412.4,-286.4,False,증가,7.03,0.369,False
2026-04,기타,727,145797819434.0,2026-04,24,413.2,313.8,False,증가,7.03,0.369,False
2026-05,기타,298,152103068466.0,2026-05,25,413.9,-115.89999999999998,False,증가,7.03,0.369,False
2026-06,기타,,,2026-06,26,414.7,,True,증가,7.03,0.369,False
2026-07,기타,,,2026-07,27,415.4,,True,증가,7.03,0.369,False
2026-08,기타,,,2026-08,28,416.2,,True,증가,7.03,0.369,False
2026-09,기타,,,2026-09,29,416.9,,True,증가,7.03,0.369,False
2026-10,기타,,,2026-10,30,417.7,,True,증가,7.03,0.369,False
2026-11,기타,,,2026-11,31,418.5,,True,증가,7.03,0.369,False
2024-04,도서/콘텐츠,2,85980000.0,2024-04,0,138.0,-136.0,False,감소,-29.03,0.514,False
2024-05,도서/콘텐츠,117,20912183640.0,2024-05,1,138.3,-21.30000000000001,False,감소,-29.03,0.514,False
2024-06,도서/콘텐츠,147,52791557732.0,2024-06,2,138.5,8.5,False,감소,-29.03,0.514,False
2024-07,도서/콘텐츠,182,49204920360.0,2024-07,3,138.8,43.19999999999999,False,감소,-29.03,0.514,False
2024-08,도서/콘텐츠,141,37842864010.0,2024-08,4,139.0,2.0,False,감소,-29.03,0.514,False
2024-09,도서/콘텐츠,108,43718144510.0,2024-09,5,139.3,-31.30000000000001,False,감소,-29.03,0.514,False
2024-10,도서/콘텐츠,136,40372222245.0,2024-10,6,139.5,-3.5,False,감소,-29.03,0.514,False
2024-11,도서/콘텐츠,244,80147414897.0,2024-11,7,139.8,104.19999999999999,False,감소,-29.03,0.514,False
2024-12,도서/콘텐츠,304,65665115630.0,2024-12,8,140.0,164.0,False,감소,-29.03,0.514,False
2025-01,도서/콘텐츠,158,43712226380.0,2025-01,9,140.3,17.69999999999999,False,감소,-29.03,0.514,False
2025-02,도서/콘텐츠,67,11373038845.0,2025-02,10,140.6,-73.6,False,감소,-29.03,0.514,False
2025-03,도서/콘텐츠,82,14713841340.0,2025-03,11,140.8,-58.80000000000001,False,감소,-29.03,0.514,False
2025-04,도서/콘텐츠,160,66684097368.0,2025-04,12,141.1,18.900000000000006,False,감소,-29.03,0.514,False
2025-05,도서/콘텐츠,147,49258901317.0,2025-05,13,141.3,5.699999999999989,False,감소,-29.03,0.514,False
2025-06,도서/콘텐츠,117,28154919480.0,2025-06,14,141.6,-24.599999999999994,False,감소,-29.03,0.514,False
2025-07,도서/콘텐츠,120,17817005817.0,2025-07,15,141.8,-21.80000000000001,False,감소,-29.03,0.514,False
2025-08,도서/콘텐츠,124,26885573323.0,2025-08,16,142.1,-18.099999999999994,False,감소,-29.03,0.514,False
2025-09,도서/콘텐츠,100,45257559230.0,2025-09,17,142.3,-42.30000000000001,False,감소,-29.03,0.514,False
2025-10,도서/콘텐츠,138,84594623273.0,2025-10,18,142.6,-4.599999999999994,False,감소,-29.03,0.514,False
2025-11,도서/콘텐츠,261,69782297764.0,2025-11,19,142.8,118.19999999999999,False,감소,-29.03,0.514,False
2025-12,도서/콘텐츠,288,62491118453.0,2025-12,20,143.1,144.9,False,감소,-29.03,0.514,False
2026-01,도서/콘텐츠,160,22515733796.0,2026-01,21,143.4,16.599999999999994,False,감소,-29.03,0.514,False
2026-02,도서/콘텐츠,69,6211135120.0,2026-02,22,143.6,-74.6,False,감소,-29.03,0.514,False
2026-03,도서/콘텐츠,36,7347552770.0,2026-03,23,143.9,-107.9,False,감소,-29.03,0.514,False
2026-04,도서/콘텐츠,189,64949994140.0,2026-04,24,144.1,44.900000000000006,False,감소,-29.03,0.514,False
2026-05,도서/콘텐츠,74,10531185445.0,2026-05,25,144.4,-70.4,False,감소,-29.03,0.514,False
2026-06,도서/콘텐츠,,,2026-06,26,144.6,,True,감소,-29.03,0.514,False
2026-07,도서/콘텐츠,,,2026-07,27,144.9,,True,감소,-29.03,0.514,False
2026-08,도서/콘텐츠,,,2026-08,28,145.1,,True,감소,-29.03,0.514,False
2026-09,도서/콘텐츠,,,2026-09,29,145.4,,True,감소,-29.03,0.514,False
2026-10,도서/콘텐츠,,,2026-10,30,145.6,,True,감소,-29.03,0.514,False
2026-11,도서/콘텐츠,,,2026-11,31,145.9,,True,감소,-29.03,0.514,False
2024-04,도시정비/재개발,1,830000000.0,2024-04,0,33.1,-32.1,False,증가,1.57,0.52,False
2024-05,도시정비/재개발,29,4955449000.0,2024-05,1,32.5,-3.5,False,증가,1.57,0.52,False
2024-06,도시정비/재개발,54,14026860000.0,2024-06,2,32.0,22.0,False,증가,1.57,0.52,False
2024-07,도시정비/재개발,38,8195700000.0,2024-07,3,31.5,6.5,False,증가,1.57,0.52,False
2024-08,도시정비/재개발,32,8088427410.0,2024-08,4,31.0,1.0,False,증가,1.57,0.52,False
2024-09,도시정비/재개발,37,6289559600.0,2024-09,5,30.4,6.600000000000001,False,증가,1.57,0.52,False
2024-10,도시정비/재개발,54,18156801000.0,2024-10,6,29.9,24.1,False,증가,1.57,0.52,False
2024-11,도시정비/재개발,33,5077300880.0,2024-11,7,29.4,3.6000000000000014,False,증가,1.57,0.52,False
2024-12,도시정비/재개발,17,3762446000.0,2024-12,8,28.9,-11.899999999999999,False,증가,1.57,0.52,False
2025-01,도시정비/재개발,15,1898774100.0,2025-01,9,28.3,-13.3,False,증가,1.57,0.52,False
2025-02,도시정비/재개발,11,2193854000.0,2025-02,10,27.8,-16.8,False,증가,1.57,0.52,False
2025-03,도시정비/재개발,13,2309649700.0,2025-03,11,27.3,-14.3,False,증가,1.57,0.52,False
2025-04,도시정비/재개발,22,3627152000.0,2025-04,12,26.8,-4.800000000000001,False,증가,1.57,0.52,False
2025-05,도시정비/재개발,35,11383826000.0,2025-05,13,26.2,8.8,False,증가,1.57,0.52,False
2025-06,도시정비/재개발,37,6717892000.0,2025-06,14,25.7,11.3,False,증가,1.57,0.52,False
2025-07,도시정비/재개발,38,5508085000.0,2025-07,15,25.2,12.8,False,증가,1.57,0.52,False
2025-08,도시정비/재개발,20,6651771000.0,2025-08,16,24.7,-4.699999999999999,False,증가,1.57,0.52,False
2025-09,도시정비/재개발,47,10104023000.0,2025-09,17,24.1,22.9,False,증가,1.57,0.52,False
2025-10,도시정비/재개발,40,11761943000.0,2025-10,18,23.6,16.4,False,증가,1.57,0.52,False
2025-11,도시정비/재개발,23,7956977000.0,2025-11,19,23.1,-0.10000000000000142,False,증가,1.57,0.52,False
2025-12,도시정비/재개발,10,1700056000.0,2025-12,20,22.6,-12.600000000000001,False,증가,1.57,0.52,False
2026-01,도시정비/재개발,19,1739932999.0,2026-01,21,22.0,-3.0,False,증가,1.57,0.52,False
2026-02,도시정비/재개발,13,1471738000.0,2026-02,22,21.5,-8.5,False,증가,1.57,0.52,False
2026-03,도시정비/재개발,6,1765851000.0,2026-03,23,21.0,-15.0,False,증가,1.57,0.52,False
2026-04,도시정비/재개발,28,3849910600.0,2026-04,24,20.5,7.5,False,증가,1.57,0.52,False
2026-05,도시정비/재개발,17,1581824000.0,2026-05,25,19.9,-2.8999999999999986,False,증가,1.57,0.52,False
2026-06,도시정비/재개발,,,2026-06,26,19.4,,True,증가,1.57,0.52,False
2026-07,도시정비/재개발,,,2026-07,27,18.9,,True,증가,1.57,0.52,False
2026-08,도시정비/재개발,,,2026-08,28,18.4,,True,증가,1.57,0.52,False
2026-09,도시정비/재개발,,,2026-09,29,17.9,,True,증가,1.57,0.52,False
2026-10,도시정비/재개발,,,2026-10,30,17.3,,True,증가,1.57,0.52,False
2026-11,도시정비/재개발,,,2026-11,31,16.8,,True,증가,1.57,0.52,False
2024-04,사무용품/문구,1,136480000.0,2024-04,0,8.7,-7.699999999999999,False,증가,1.63,0.859,True
2024-05,사무용품/문구,12,3518049000.0,2024-05,1,8.6,3.4000000000000004,False,증가,1.63,0.859,True
2024-06,사무용품/문구,11,15507212496.0,2024-06,2,8.5,2.5,False,증가,1.63,0.859,True
2024-07,사무용품/문구,12,4611795832.0,2024-07,3,8.5,3.5,False,증가,1.63,0.859,True
2024-08,사무용품/문구,10,1303918000.0,2024-08,4,8.4,1.5999999999999996,False,증가,1.63,0.859,True
2024-09,사무용품/문구,3,306856000.0,2024-09,5,8.4,-5.4,False,증가,1.63,0.859,True
2024-10,사무용품/문구,13,6687509950.0,2024-10,6,8.3,4.699999999999999,False,증가,1.63,0.859,True
2024-11,사무용품/문구,17,6601483991.0,2024-11,7,8.3,8.7,False,증가,1.63,0.859,True
2024-12,사무용품/문구,19,14641373810.0,2024-12,8,8.2,10.8,False,증가,1.63,0.859,True
2025-01,사무용품/문구,1,5544000.0,2025-01,9,8.1,-7.1,False,증가,1.63,0.859,True
2025-02,사무용품/문구,2,164887200.0,2025-02,10,8.1,-6.1,False,증가,1.63,0.859,True
2025-04,사무용품/문구,3,797369400.0,2025-04,11,8.0,-5.0,False,증가,1.63,0.859,True
2025-05,사무용품/문구,2,868322871.0,2025-05,12,8.0,-6.0,False,증가,1.63,0.859,True
2025-06,사무용품/문구,6,275023692.0,2025-06,13,7.9,-1.9000000000000004,False,증가,1.63,0.859,True
2025-07,사무용품/문구,2,36960000.0,2025-07,14,7.9,-5.9,False,증가,1.63,0.859,True
2025-08,사무용품/문구,8,17846233700.0,2025-08,15,7.8,0.20000000000000018,False,증가,1.63,0.859,True
2025-09,사무용품/문구,6,750000000.0,2025-09,16,7.7,-1.7000000000000002,False,증가,1.63,0.859,True
2025-10,사무용품/문구,23,6748000000.0,2025-10,17,7.7,15.3,False,증가,1.63,0.859,True
2025-11,사무용품/문구,2,71440000.0,2025-11,18,7.6,-5.6,False,증가,1.63,0.859,True
2025-12,사무용품/문구,1,96600000.0,2025-12,19,7.6,-6.6,False,증가,1.63,0.859,True
2026-01,사무용품/문구,2,184910000.0,2026-01,20,7.5,-5.5,False,증가,1.63,0.859,True
2026-03,사무용품/문구,21,4877737101.0,2026-03,21,7.5,13.5,False,증가,1.63,0.859,True
2026-04,사무용품/문구,12,3145819800.0,2026-04,22,7.4,4.6,False,증가,1.63,0.859,True
2026-05,사무용품/문구,3,1031400000.0,2026-05,23,7.3,-4.3,False,증가,1.63,0.859,True
2026-06,사무용품/문구,,,2026-06,24,7.3,,True,증가,1.63,0.859,True
2026-07,사무용품/문구,,,2026-07,25,7.2,,True,증가,1.63,0.859,True
2026-08,사무용품/문구,,,2026-08,26,7.2,,True,증가,1.63,0.859,True
2026-09,사무용품/문구,,,2026-09,27,7.1,,True,증가,1.63,0.859,True
2026-10,사무용품/문구,,,2026-10,28,7.1,,True,증가,1.63,0.859,True
2026-11,사무용품/문구,,,2026-11,29,7.0,,True,증가,1.63,0.859,True
2024-04,시설관리/공사,17,12512870816.0,2024-04,0,1127.1,-1110.1,False,감소,-67.83,0.358,False
2024-05,시설관리/공사,1000,370548130165.0,2024-05,1,1123.5,-123.5,False,감소,-67.83,0.358,False
2024-06,시설관리/공사,1236,444294205356.0,2024-06,2,1119.8,116.20000000000005,False,감소,-67.83,0.358,False
2024-07,시설관리/공사,1546,681278812628.0,2024-07,3,1116.2,429.79999999999995,False,감소,-67.83,0.358,False
2024-08,시설관리/공사,1302,12638631457530.0,2024-08,4,1112.5,189.5,False,감소,-67.83,0.358,False
2024-09,시설관리/공사,1220,522736894031.0,2024-09,5,1108.9,111.09999999999991,False,감소,-67.83,0.358,False
2024-10,시설관리/공사,1484,845245602628.0,2024-10,6,1105.2,378.79999999999995,False,감소,-67.83,0.358,False
2024-11,시설관리/공사,1392,531596779154.0,2024-11,7,1101.6,290.4000000000001,False,감소,-67.83,0.358,False
2024-12,시설관리/공사,1059,412423140755.7,2024-12,8,1097.9,-38.90000000000009,False,감소,-67.83,0.358,False
2025-01,시설관리/공사,1020,242676361254.0,2025-01,9,1094.3,-74.29999999999995,False,감소,-67.83,0.358,False
2025-02,시설관리/공사,641,244956236910.0,2025-02,10,1090.6,-449.5999999999999,False,감소,-67.83,0.358,False
2025-03,시설관리/공사,546,258132480017.0,2025-03,11,1087.0,-541.0,False,감소,-67.83,0.358,False
2025-04,시설관리/공사,1424,382307391854.364,2025-04,12,1083.3,340.70000000000005,False,감소,-67.83,0.358,False
2025-05,시설관리/공사,1281,597117078766.0,2025-05,13,1079.7,201.29999999999995,False,감소,-67.83,0.358,False
2025-06,시설관리/공사,1180,447226374428.0,2025-06,14,1076.0,104.0,False,감소,-67.83,0.358,False
2025-07,시설관리/공사,1452,569562296134.0,2025-07,15,1072.4,379.5999999999999,False,감소,-67.83,0.358,False
2025-08,시설관리/공사,1284,381777185273.0,2025-08,16,1068.7,215.29999999999995,False,감소,-67.83,0.358,False
2025-09,시설관리/공사,1257,784300648564.364,2025-09,17,1065.1,191.9000000000001,False,감소,-67.83,0.358,False
2025-10,시설관리/공사,1243,1541908163400.0,2025-10,18,1061.4,181.5999999999999,False,감소,-67.83,0.358,False
2025-11,시설관리/공사,1189,749017284262.182,2025-11,19,1057.8,131.20000000000005,False,감소,-67.83,0.358,False
2025-12,시설관리/공사,1106,999888903010.0,2025-12,20,1054.1,51.90000000000009,False,감소,-67.83,0.358,False
2026-01,시설관리/공사,1177,379624041696.0,2026-01,21,1050.5,126.5,False,감소,-67.83,0.358,False
2026-02,시설관리/공사,851,162698533457.0,2026-02,22,1046.8,-195.79999999999995,False,감소,-67.83,0.358,False
2026-03,시설관리/공사,184,101232260005.0,2026-03,23,1043.2,-859.2,False,감소,-67.83,0.358,False
2026-04,시설관리/공사,1393,372165140459.0,2026-04,24,1039.5,353.5,False,감소,-67.83,0.358,False
2026-05,시설관리/공사,635,254909736369.0,2026-05,25,1035.9,-400.9000000000001,False,감소,-67.83,0.358,False
2026-06,시설관리/공사,,,2026-06,26,1032.2,,True,감소,-67.83,0.358,False
2026-07,시설관리/공사,,,2026-07,27,1028.6,,True,감소,-67.83,0.358,False
2026-08,시설관리/공사,,,2026-08,28,1024.9,,True,감소,-67.83,0.358,False
2026-09,시설관리/공사,,,2026-09,29,1021.3,,True,감소,-67.83,0.358,False
2026-10,시설관리/공사,,,2026-10,30,1017.6,,True,감소,-67.83,0.358,False
2026-11,시설관리/공사,,,2026-11,31,1014.0,,True,감소,-67.83,0.358,False
2024-04,위생/방역,4,626041870.0,2024-04,0,101.4,-97.4,False,감소,-67.03,0.826,True
2024-05,위생/방역,56,5210239250.0,2024-05,1,103.9,-47.900000000000006,False,감소,-67.03,0.826,True
2024-06,위생/방역,66,6492408280.0,2024-06,2,106.3,-40.3,False,감소,-67.03,0.826,True
2024-07,위생/방역,71,7482805850.0,2024-07,3,108.7,-37.7,False,감소,-67.03,0.826,True
2024-08,위생/방역,61,5488865430.0,2024-08,4,111.1,-50.099999999999994,False,감소,-67.03,0.826,True
2024-09,위생/방역,85,14528321325.0,2024-09,5,113.5,-28.5,False,감소,-67.03,0.826,True
2024-10,위생/방역,136,896917101831.0,2024-10,6,116.0,20.0,False,감소,-67.03,0.826,True
2024-11,위생/방역,193,118429887963.0,2024-11,7,118.4,74.6,False,감소,-67.03,0.826,True
2024-12,위생/방역,429,135427885328.0,2024-12,8,120.8,308.2,False,감소,-67.03,0.826,True
2025-01,위생/방역,249,49877272782.0,2025-01,9,123.2,125.8,False,감소,-67.03,0.826,True
2025-02,위생/방역,118,145481487944.0,2025-02,10,125.6,-7.599999999999994,False,감소,-67.03,0.826,True
2025-03,위생/방역,113,13627993768.0,2025-03,11,128.1,-15.099999999999994,False,감소,-67.03,0.826,True
2025-04,위생/방역,166,13700133571.0,2025-04,12,130.5,35.5,False,감소,-67.03,0.826,True
2025-05,위생/방역,62,11468548208.0,2025-05,13,132.9,-70.9,False,감소,-67.03,0.826,True
2025-06,위생/방역,58,7375853240.0,2025-06,14,135.3,-77.30000000000001,False,감소,-67.03,0.826,True
2025-07,위생/방역,63,5705406169.0,2025-07,15,137.7,-74.69999999999999,False,감소,-67.03,0.826,True
2025-08,위생/방역,53,3733893244.0,2025-08,16,140.2,-87.19999999999999,False,감소,-67.03,0.826,True
2025-09,위생/방역,86,9736120580.0,2025-09,17,142.6,-56.599999999999994,False,감소,-67.03,0.826,True
2025-10,위생/방역,105,508198477298.0,2025-10,18,145.0,-40.0,False,감소,-67.03,0.826,True
2025-11,위생/방역,200,150605385010.0,2025-11,19,147.4,52.599999999999994,False,감소,-67.03,0.826,True
2025-12,위생/방역,437,103605178398.0,2025-12,20,149.8,287.2,False,감소,-67.03,0.826,True
2026-01,위생/방역,254,41507080167.0,2026-01,21,152.3,101.69999999999999,False,감소,-67.03,0.826,True
2026-02,위생/방역,132,20327978428.0,2026-02,22,154.7,-22.69999999999999,False,감소,-67.03,0.826,True
2026-03,위생/방역,16,1295348330.0,2026-03,23,157.1,-141.1,False,감소,-67.03,0.826,True
2026-04,위생/방역,169,11032437388.0,2026-04,24,159.5,9.5,False,감소,-67.03,0.826,True
2026-05,위생/방역,42,12059332524.0,2026-05,25,161.9,-119.9,False,감소,-67.03,0.826,True
2026-06,위생/방역,,,2026-06,26,164.4,,True,감소,-67.03,0.826,True
2026-07,위생/방역,,,2026-07,27,166.8,,True,감소,-67.03,0.826,True
2026-08,위생/방역,,,2026-08,28,169.2,,True,감소,-67.03,0.826,True
2026-09,위생/방역,,,2026-09,29,171.6,,True,감소,-67.03,0.826,True
2026-10,위생/방역,,,2026-10,30,174.1,,True,감소,-67.03,0.826,True
2026-11,위생/방역,,,2026-11,31,176.5,,True,감소,-67.03,0.826,True
2024-04,창업/경영지원,6,3187762000.0,2024-04,0,58.8,-52.8,False,증가,11.37,0.557,False
2024-05,창업/경영지원,81,9070291814.0,2024-05,1,60.2,20.799999999999997,False,증가,11.37,0.557,False
2024-06,창업/경영지원,83,11494097847.0,2024-06,2,61.5,21.5,False,증가,11.37,0.557,False
2024-07,창업/경영지원,104,9928519793.0,2024-07,3,62.9,41.1,False,증가,11.37,0.557,False
2024-08,창업/경영지원,65,8440961645.0,2024-08,4,64.3,0.7000000000000028,False,증가,11.37,0.557,False
2024-09,창업/경영지원,63,7950593660.0,2024-09,5,65.7,-2.700000000000003,False,증가,11.37,0.557,False
2024-10,창업/경영지원,73,7596487510.0,2024-10,6,67.1,5.900000000000006,False,증가,11.37,0.557,False
2024-11,창업/경영지원,45,8335447556.0,2024-11,7,68.5,-23.5,False,증가,11.37,0.557,False
2024-12,창업/경영지원,37,9073172564.0,2024-12,8,69.9,-32.900000000000006,False,증가,11.37,0.557,False
2025-01,창업/경영지원,51,5680872338.0,2025-01,9,71.3,-20.299999999999997,False,증가,11.37,0.557,False
2025-02,창업/경영지원,20,1716105547.0,2025-02,10,72.7,-52.7,False,증가,11.37,0.557,False
2025-03,창업/경영지원,43,5905246120.0,2025-03,11,74.1,-31.099999999999994,False,증가,11.37,0.557,False
2025-04,창업/경영지원,177,23975825956.0,2025-04,12,75.5,101.5,False,증가,11.37,0.557,False
2025-05,창업/경영지원,121,14579802438.0,2025-05,13,76.9,44.099999999999994,False,증가,11.37,0.557,False
2025-06,창업/경영지원,82,8980203025.0,2025-06,14,78.3,3.700000000000003,False,증가,11.37,0.557,False
2025-07,창업/경영지원,84,10621545145.0,2025-07,15,79.7,4.299999999999997,False,증가,11.37,0.557,False
2025-08,창업/경영지원,71,6823520230.0,2025-08,16,81.1,-10.099999999999994,False,증가,11.37,0.557,False
2025-09,창업/경영지원,94,13122570050.0,2025-09,17,82.5,11.5,False,증가,11.37,0.557,False
2025-10,창업/경영지원,135,14120272952.0,2025-10,18,83.9,51.099999999999994,False,증가,11.37,0.557,False
2025-11,창업/경영지원,76,17419483000.0,2025-11,19,85.3,-9.299999999999997,False,증가,11.37,0.557,False
2025-12,창업/경영지원,44,10697232652.0,2025-12,20,86.7,-42.7,False,증가,11.37,0.557,False
2026-01,창업/경영지원,57,5588899930.0,2026-01,21,88.0,-31.0,False,증가,11.37,0.557,False
2026-02,창업/경영지원,102,13204086320.0,2026-02,22,89.4,12.599999999999994,False,증가,11.37,0.557,False
2026-03,창업/경영지원,17,1542645800.0,2026-03,23,90.8,-73.8,False,증가,11.37,0.557,False
2026-04,창업/경영지원,188,19747958183.0,2026-04,24,92.2,95.8,False,증가,11.37,0.557,False
2026-05,창업/경영지원,62,7636635201.0,2026-05,25,93.6,-31.599999999999994,False,증가,11.37,0.557,False
2026-06,창업/경영지원,,,2026-06,26,95.0,,True,증가,11.37,0.557,False
2026-07,창업/경영지원,,,2026-07,27,96.4,,True,증가,11.37,0.557,False
2026-08,창업/경영지원,,,2026-08,28,97.8,,True,증가,11.37,0.557,False
2026-09,창업/경영지원,,,2026-09,29,99.2,,True,증가,11.37,0.557,False
2026-10,창업/경영지원,,,2026-10,30,100.6,,True,증가,11.37,0.557,False
2026-11,창업/경영지원,,,2026-11,31,102.0,,True,증가,11.37,0.557,False
2024-04,행사/홍보,4,820000000.0,2024-04,0,90.8,-86.8,False,증가,10.66,0.544,False
2024-05,행사/홍보,85,19433040182.0,2024-05,1,90.7,-5.700000000000003,False,증가,10.66,0.544,False
2024-06,행사/홍보,147,26356702636.0,2024-06,2,90.6,56.400000000000006,False,증가,10.66,0.544,False
2024-07,행사/홍보,169,32278101215.0,2024-07,3,90.6,78.4,False,증가,10.66,0.544,False
2024-08,행사/홍보,137,17394392213.0,2024-08,4,90.5,46.5,False,증가,10.66,0.544,False
2024-09,행사/홍보,97,13112583581.0,2024-09,5,90.4,6.599999999999994,False,증가,10.66,0.544,False
2024-10,행사/홍보,63,7364104145.0,2024-10,6,90.3,-27.299999999999997,False,증가,10.66,0.544,False
2024-11,행사/홍보,43,8975801697.0,2024-11,7,90.2,-47.2,False,증가,10.66,0.544,False
2024-12,행사/홍보,31,4971756151.0,2024-12,8,90.1,-59.099999999999994,False,증가,10.66,0.544,False
2025-01,행사/홍보,54,16517594460.0,2025-01,9,90.0,-36.0,False,증가,10.66,0.544,False
2025-02,행사/홍보,38,14074573840.0,2025-02,10,89.9,-51.900000000000006,False,증가,10.66,0.544,False
2025-03,행사/홍보,66,12230567055.0,2025-03,11,89.9,-23.900000000000006,False,증가,10.66,0.544,False
2025-04,행사/홍보,135,34613518797.0,2025-04,12,89.8,45.2,False,증가,10.66,0.544,False
2025-05,행사/홍보,151,39633423687.0,2025-05,13,89.7,61.3,False,증가,10.66,0.544,False
2025-06,행사/홍보,141,27222049288.0,2025-06,14,89.6,51.400000000000006,False,증가,10.66,0.544,False
2025-07,행사/홍보,148,25991984430.0,2025-07,15,89.5,58.5,False,증가,10.66,0.544,False
2025-08,행사/홍보,126,15638222986.0,2025-08,16,89.4,36.599999999999994,False,증가,10.66,0.544,False
2025-09,행사/홍보,117,24024886301.0,2025-09,17,89.3,27.700000000000003,False,증가,10.66,0.544,False
2025-10,행사/홍보,66,17534214999.0,2025-10,18,89.3,-23.299999999999997,False,증가,10.66,0.544,False
2025-11,행사/홍보,42,12059612490.0,2025-11,19,89.2,-47.2,False,증가,10.66,0.544,False
2025-12,행사/홍보,26,5345794460.0,2025-12,20,89.1,-63.099999999999994,False,증가,10.66,0.544,False
2026-01,행사/홍보,94,28449215346.0,2026-01,21,89.0,5.0,False,증가,10.66,0.544,False
2026-02,행사/홍보,98,21577386305.0,2026-02,22,88.9,9.099999999999994,False,증가,10.66,0.544,False
2026-03,행사/홍보,22,4380128000.0,2026-03,23,88.8,-66.8,False,증가,10.66,0.544,False
2026-04,행사/홍보,152,39894113272.0,2026-04,24,88.7,63.3,False,증가,10.66,0.544,False
2026-05,행사/홍보,81,16417176280.0,2026-05,25,88.6,-7.599999999999994,False,증가,10.66,0.544,False
2026-06,행사/홍보,,,2026-06,26,88.6,,True,증가,10.66,0.544,False
2026-07,행사/홍보,,,2026-07,27,88.5,,True,증가,10.66,0.544,False
2026-08,행사/홍보,,,2026-08,28,88.4,,True,증가,10.66,0.544,False
2026-09,행사/홍보,,,2026-09,29,88.3,,True,증가,10.66,0.544,False
2026-10,행사/홍보,,,2026-10,30,88.2,,True,증가,10.66,0.544,False
2026-11,행사/홍보,,,2026-11,31,88.1,,True,증가,10.66,0.544,False
2024-04,환경개선/생활민원,10,990578700.0,2024-04,0,635.9,-625.9,False,감소,-60.86,0.402,False
2024-05,환경개선/생활민원,536,379667749210.0,2024-05,1,631.3,-95.29999999999995,False,감소,-60.86,0.402,False
2024-06,환경개선/생활민원,701,117700727638.0,2024-06,2,626.7,74.29999999999995,False,감소,-60.86,0.402,False
2024-07,환경개선/생활민원,850,90361223282.0,2024-07,3,622.2,227.79999999999995,False,감소,-60.86,0.402,False
2024-08,환경개선/생활민원,539,56877047572.0,2024-08,4,617.6,-78.60000000000002,False,감소,-60.86,0.402,False
2024-09,환경개선/생활민원,577,285320542428.0,2024-09,5,613.1,-36.10000000000002,False,감소,-60.86,0.402,False
2024-10,환경개선/생활민원,831,442205636052.0,2024-10,6,608.5,222.5,False,감소,-60.86,0.402,False
2024-11,환경개선/생활민원,926,1043798218718.0,2024-11,7,603.9,322.1,False,감소,-60.86,0.402,False
2024-12,환경개선/생활민원,984,1190994915566.0,2024-12,8,599.4,384.6,False,감소,-60.86,0.402,False
2025-01,환경개선/생활민원,440,141096750486.0,2025-01,9,594.8,-154.79999999999995,False,감소,-60.86,0.402,False
2025-02,환경개선/생활민원,356,65780894221.0,2025-02,10,590.3,-234.29999999999995,False,감소,-60.86,0.402,False
2025-03,환경개선/생활민원,334,41705966606.0,2025-03,11,585.7,-251.70000000000005,False,감소,-60.86,0.402,False
2025-04,환경개선/생활민원,737,145751249885.0,2025-04,12,581.1,155.89999999999998,False,감소,-60.86,0.402,False
2025-05,환경개선/생활민원,541,52295872849.0,2025-05,13,576.6,-35.60000000000002,False,감소,-60.86,0.402,False
2025-06,환경개선/생활민원,748,88958183851.0,2025-06,14,572.0,176.0,False,감소,-60.86,0.402,False
2025-07,환경개선/생활민원,682,56536031834.0,2025-07,15,567.4,114.60000000000002,False,감소,-60.86,0.402,False
2025-08,환경개선/생활민원,551,83432716319.0,2025-08,16,562.9,-11.899999999999977,False,감소,-60.86,0.402,False
2025-09,환경개선/생활민원,599,386738751209.0,2025-09,17,558.3,40.700000000000045,False,감소,-60.86,0.402,False
2025-10,환경개선/생활민원,632,517028575907.0,2025-10,18,553.8,78.20000000000005,False,감소,-60.86,0.402,False
2025-11,환경개선/생활민원,774,907421816655.0,2025-11,19,549.2,224.79999999999995,False,감소,-60.86,0.402,False
2025-12,환경개선/생활민원,739,564307642545.0,2025-12,20,544.6,194.39999999999998,False,감소,-60.86,0.402,False
2026-01,환경개선/생활민원,508,136192740550.0,2026-01,21,540.1,-32.10000000000002,False,감소,-60.86,0.402,False
2026-02,환경개선/생활민원,398,125124862860.0,2026-02,22,535.5,-137.5,False,감소,-60.86,0.402,False
2026-03,환경개선/생활민원,114,12413895601.0,2026-03,23,530.9,-416.9,False,감소,-60.86,0.402,False
2026-04,환경개선/생활민원,671,93044150910.0,2026-04,24,526.4,144.60000000000002,False,감소,-60.86,0.402,False
2026-05,환경개선/생활민원,272,24909757246.0,2026-05,25,521.8,-249.79999999999995,False,감소,-60.86,0.402,False
2026-06,환경개선/생활민원,,,2026-06,26,517.3,,True,감소,-60.86,0.402,False
2026-07,환경개선/생활민원,,,2026-07,27,512.7,,True,감소,-60.86,0.402,False
2026-08,환경개선/생활민원,,,2026-08,28,508.1,,True,감소,-60.86,0.402,False
2026-09,환경개선/생활민원,,,2026-09,29,503.6,,True,감소,-60.86,0.402,False
2026-10,환경개선/생활민원,,,2026-10,30,499.0,,True,감소,-60.86,0.402,False
2026-11,환경개선/생활민원,,,2026-11,31,494.4,,True,감소,-60.86,0.402,False
2024-05,금융/보험,65,12045369244.0,2024-05,0,77.0,-12.0,False,감소,-13.51,0.519,False
2024-06,금융/보험,86,7181467459.0,2024-06,1,77.4,8.599999999999994,False,감소,-13.51,0.519,False
2024-07,금융/보험,89,8149076356.0,2024-07,2,77.8,11.200000000000003,False,감소,-13.51,0.519,False
2024-08,금융/보험,58,5377939750.0,2024-08,3,78.2,-20.200000000000003,False,감소,-13.51,0.519,False
2024-09,금융/보험,32,5110341741.0,2024-09,4,78.7,-46.7,False,감소,-13.51,0.519,False
2024-10,금융/보험,62,4925316586.0,2024-10,5,79.1,-17.099999999999994,False,감소,-13.51,0.519,False
2024-11,금융/보험,62,15976123770.0,2024-11,6,79.5,-17.5,False,감소,-13.51,0.519,False
2024-12,금융/보험,154,58595674970.0,2024-12,7,79.9,74.1,False,감소,-13.51,0.519,False
2025-01,금융/보험,170,41435893025.0,2025-01,8,80.3,89.7,False,감소,-13.51,0.519,False
2025-02,금융/보험,98,18221678274.0,2025-02,9,80.7,17.299999999999997,False,감소,-13.51,0.519,False
2025-03,금융/보험,49,12231225809.0,2025-03,10,81.1,-32.099999999999994,False,감소,-13.51,0.519,False
2025-04,금융/보험,97,8105346643.0,2025-04,11,81.5,15.5,False,감소,-13.51,0.519,False
2025-05,금융/보험,78,7544372770.0,2025-05,12,81.9,-3.9000000000000057,False,감소,-13.51,0.519,False
2025-06,금융/보험,74,15405025878.0,2025-06,13,82.3,-8.299999999999997,False,감소,-13.51,0.519,False
2025-07,금융/보험,68,12178454967.0,2025-07,14,82.7,-14.700000000000003,False,감소,-13.51,0.519,False
2025-08,금융/보험,51,4342512114.0,2025-08,15,83.1,-32.099999999999994,False,감소,-13.51,0.519,False
2025-09,금융/보험,29,2158976042.0,2025-09,16,83.6,-54.599999999999994,False,감소,-13.51,0.519,False
2025-10,금융/보험,60,8041035690.0,2025-10,17,84.0,-24.0,False,감소,-13.51,0.519,False
2025-11,금융/보험,57,21844665061.0,2025-11,18,84.4,-27.400000000000006,False,감소,-13.51,0.519,False
2025-12,금융/보험,98,39732886555.0,2025-12,19,84.8,13.200000000000003,False,감소,-13.51,0.519,False
2026-01,금융/보험,184,46305648628.0,2026-01,20,85.2,98.8,False,감소,-13.51,0.519,False
2026-02,금융/보험,121,21824310152.0,2026-02,21,85.6,35.400000000000006,False,감소,-13.51,0.519,False
2026-03,금융/보험,18,2347659084.0,2026-03,22,86.0,-68.0,False,감소,-13.51,0.519,False
2026-04,금융/보험,134,17779746600.0,2026-04,23,86.4,47.599999999999994,False,감소,-13.51,0.519,False
2026-05,금융/보험,54,3649621520.0,2026-05,24,86.8,-32.8,False,감소,-13.51,0.519,False
2026-06,금융/보험,,,2026-06,25,87.2,,True,감소,-13.51,0.519,False
2026-07,금융/보험,,,2026-07,26,87.6,,True,감소,-13.51,0.519,False
2026-08,금융/보험,,,2026-08,27,88.0,,True,감소,-13.51,0.519,False
2026-09,금융/보험,,,2026-09,28,88.5,,True,감소,-13.51,0.519,False
2026-10,금융/보험,,,2026-10,29,88.9,,True,감소,-13.51,0.519,False
2026-11,금융/보험,,,2026-11,30,89.3,,True,감소,-13.51,0.519,False
2024-05,급식/식품,4,198874000.0,2024-05,0,7.8,-3.8,False,감소,-2.23,0.708,False
2024-06,급식/식품,15,895378400.0,2024-06,1,7.8,7.2,False,감소,-2.23,0.708,False
2024-07,급식/식품,3,304349786.0,2024-07,2,7.8,-4.8,False,감소,-2.23,0.708,False
2024-08,급식/식품,4,255441001.0,2024-08,3,7.8,-3.8,False,감소,-2.23,0.708,False
2024-09,급식/식품,7,502198001.0,2024-09,4,7.7,-0.7000000000000002,False,감소,-2.23,0.708,False
2024-10,급식/식품,3,618222450.0,2024-10,5,7.7,-4.7,False,감소,-2.23,0.708,False
2024-11,급식/식품,9,2680713314.0,2024-11,6,7.7,1.2999999999999998,False,감소,-2.23,0.708,False
2024-12,급식/식품,20,4161748242.0,2024-12,7,7.6,12.4,False,감소,-2.23,0.708,False
2025-01,급식/식품,11,1669300200.0,2025-01,8,7.6,3.4000000000000004,False,감소,-2.23,0.708,False
2025-02,급식/식품,7,549458000.0,2025-02,9,7.6,-0.5999999999999996,False,감소,-2.23,0.708,False
2025-03,급식/식품,2,63750000.0,2025-03,10,7.5,-5.5,False,감소,-2.23,0.708,False
2025-04,급식/식품,16,2335012730.0,2025-04,11,7.5,8.5,False,감소,-2.23,0.708,False
2025-05,급식/식품,3,152105460.0,2025-05,12,7.5,-4.5,False,감소,-2.23,0.708,False
2025-06,급식/식품,3,91500000.0,2025-06,13,7.4,-4.4,False,감소,-2.23,0.708,False
2025-07,급식/식품,1,49866000.0,2025-07,14,7.4,-6.4,False,감소,-2.23,0.708,False
2025-08,급식/식품,11,459464000.0,2025-08,15,7.4,3.5999999999999996,False,감소,-2.23,0.708,False
2025-09,급식/식품,7,541388000.0,2025-09,16,7.4,-0.40000000000000036,False,감소,-2.23,0.708,False
2025-10,급식/식품,6,1226920000.0,2025-10,17,7.3,-1.2999999999999998,False,감소,-2.23,0.708,False
2025-11,급식/식품,7,2138037540.0,2025-11,18,7.3,-0.2999999999999998,False,감소,-2.23,0.708,False
2025-12,급식/식품,18,27045253171.0,2025-12,19,7.3,10.7,False,감소,-2.23,0.708,False
2026-01,급식/식품,9,3097940000.0,2026-01,20,7.2,1.7999999999999998,False,감소,-2.23,0.708,False
2026-02,급식/식품,7,13681528000.0,2026-02,21,7.2,-0.20000000000000018,False,감소,-2.23,0.708,False
2026-03,급식/식품,1,10073000000.0,2026-03,22,7.2,-6.2,False,감소,-2.23,0.708,False
2026-04,급식/식품,10,287860000.0,2026-04,23,7.1,2.9000000000000004,False,감소,-2.23,0.708,False
2026-05,급식/식품,3,26856000.0,2026-05,24,7.1,-4.1,False,감소,-2.23,0.708,False
2026-06,급식/식품,,,2026-06,25,7.1,,True,감소,-2.23,0.708,False
2026-07,급식/식품,,,2026-07,26,7.0,,True,감소,-2.23,0.708,False
2026-08,급식/식품,,,2026-08,27,7.0,,True,감소,-2.23,0.708,False
2026-09,급식/식품,,,2026-09,28,7.0,,True,감소,-2.23,0.708,False
2026-10,급식/식품,,,2026-10,29,7.0,,True,감소,-2.23,0.708,False
2026-11,급식/식품,,,2026-11,30,6.9,,True,감소,-2.23,0.708,False
2024-05,시설위탁/운영,10,8367684200.0,2024-05,0,16.7,-6.699999999999999,False,감소,-3.34,0.434,False
2024-06,시설위탁/운영,23,4586526627.0,2024-06,1,16.6,6.399999999999999,False,감소,-3.34,0.434,False
2024-07,시설위탁/운영,13,1876875202.0,2024-07,2,16.5,-3.5,False,감소,-3.34,0.434,False
2024-08,시설위탁/운영,9,4225000012.0,2024-08,3,16.3,-7.300000000000001,False,감소,-3.34,0.434,False
2024-09,시설위탁/운영,22,11176355001.0,2024-09,4,16.2,5.800000000000001,False,감소,-3.34,0.434,False
2024-10,시설위탁/운영,24,8378810262.0,2024-10,5,16.1,7.899999999999999,False,감소,-3.34,0.434,False
2024-11,시설위탁/운영,19,7609080301.0,2024-11,6,16.0,3.0,False,감소,-3.34,0.434,False
2024-12,시설위탁/운영,17,6709683520.0,2024-12,7,15.9,1.0999999999999996,False,감소,-3.34,0.434,False
2025-01,시설위탁/운영,15,3718003000.0,2025-01,8,15.8,-0.8000000000000007,False,감소,-3.34,0.434,False
2025-02,시설위탁/운영,15,6449681860.0,2025-02,9,15.7,-0.6999999999999993,False,감소,-3.34,0.434,False
2025-03,시설위탁/운영,5,1472877320.0,2025-03,10,15.6,-10.6,False,감소,-3.34,0.434,False
2025-04,시설위탁/운영,12,4267436000.0,2025-04,11,15.5,-3.5,False,감소,-3.34,0.434,False
2025-05,시설위탁/운영,21,3940758042.0,2025-05,12,15.4,5.6,False,감소,-3.34,0.434,False
2025-06,시설위탁/운영,22,10886091182.0,2025-06,13,15.3,6.699999999999999,False,감소,-3.34,0.434,False
2025-07,시설위탁/운영,7,3530052950.0,2025-07,14,15.1,-8.1,False,감소,-3.34,0.434,False
2025-08,시설위탁/운영,12,3496653892.0,2025-08,15,15.0,-3.0,False,감소,-3.34,0.434,False
2025-09,시설위탁/운영,9,13046956753.0,2025-09,16,14.9,-5.9,False,감소,-3.34,0.434,False
2025-10,시설위탁/운영,16,25104183305.0,2025-10,17,14.8,1.1999999999999993,False,감소,-3.34,0.434,False
2025-11,시설위탁/운영,26,35694384320.0,2025-11,18,14.7,11.3,False,감소,-3.34,0.434,False
2025-12,시설위탁/운영,22,7205011470.0,2025-12,19,14.6,7.4,False,감소,-3.34,0.434,False
2026-01,시설위탁/운영,22,6998845890.0,2026-01,20,14.5,7.5,False,감소,-3.34,0.434,False
2026-02,시설위탁/운영,18,1934464190.0,2026-02,21,14.4,3.5999999999999996,False,감소,-3.34,0.434,False
2026-03,시설위탁/운영,3,1210185000.0,2026-03,22,14.3,-11.3,False,감소,-3.34,0.434,False
2026-04,시설위탁/운영,18,3813321950.0,2026-04,23,14.2,3.8000000000000007,False,감소,-3.34,0.434,False
2026-05,시설위탁/운영,4,404989000.0,2026-05,24,14.0,-10.0,False,감소,-3.34,0.434,False
2026-06,시설위탁/운영,,,2026-06,25,13.9,,True,감소,-3.34,0.434,False
2026-07,시설위탁/운영,,,2026-07,26,13.8,,True,감소,-3.34,0.434,False
2026-08,시설위탁/운영,,,2026-08,27,13.7,,True,감소,-3.34,0.434,False
2026-09,시설위탁/운영,,,2026-09,28,13.6,,True,감소,-3.34,0.434,False
2026-10,시설위탁/운영,,,2026-10,29,13.5,,True,감소,-3.34,0.434,False
2026-11,시설위탁/운영,,,2026-11,30,13.4,,True,감소,-3.34,0.434,False
2024-05,의료/복지,20,2297141330.0,2024-05,0,35.1,-15.100000000000001,False,감소,-11.63,0.547,False
2024-06,의료/복지,16,1083487600.0,2024-06,1,35.2,-19.200000000000003,False,감소,-11.63,0.547,False
2024-07,의료/복지,36,3977167700.0,2024-07,2,35.4,0.6000000000000014,False,감소,-11.63,0.547,False
2024-08,의료/복지,26,5852366900.0,2024-08,3,35.6,-9.600000000000001,False,감소,-11.63,0.547,False
2024-09,의료/복지,29,6778092961.0,2024-09,4,35.7,-6.700000000000003,False,감소,-11.63,0.547,False
2024-10,의료/복지,35,7368212934.0,2024-10,5,35.9,-0.8999999999999986,False,감소,-11.63,0.547,False
2024-11,의료/복지,72,15425739944.0,2024-11,6,36.0,36.0,False,감소,-11.63,0.547,False
2024-12,의료/복지,76,12079408339.0,2024-12,7,36.2,39.8,False,감소,-11.63,0.547,False
2025-01,의료/복지,52,3660826907.0,2025-01,8,36.4,15.600000000000001,False,감소,-11.63,0.547,False
2025-02,의료/복지,26,1558501201.0,2025-02,9,36.5,-10.5,False,감소,-11.63,0.547,False
2025-03,의료/복지,26,7853247240.0,2025-03,10,36.7,-10.700000000000003,False,감소,-11.63,0.547,False
2025-04,의료/복지,29,2549791280.0,2025-04,11,36.8,-7.799999999999997,False,감소,-11.63,0.547,False
2025-05,의료/복지,37,6458889407.0,2025-05,12,37.0,0.0,False,감소,-11.63,0.547,False
2025-06,의료/복지,22,10251637675.0,2025-06,13,37.2,-15.200000000000003,False,감소,-11.63,0.547,False
2025-07,의료/복지,46,8246571506.0,2025-07,14,37.3,8.700000000000003,False,감소,-11.63,0.547,False
2025-08,의료/복지,31,5657723860.0,2025-08,15,37.5,-6.5,False,감소,-11.63,0.547,False
2025-09,의료/복지,14,1858751560.0,2025-09,16,37.6,-23.6,False,감소,-11.63,0.547,False
2025-10,의료/복지,29,4285475278.0,2025-10,17,37.8,-8.799999999999997,False,감소,-11.63,0.547,False
2025-11,의료/복지,60,9940782212.0,2025-11,18,38.0,22.0,False,감소,-11.63,0.547,False
2025-12,의료/복지,78,8387892036.0,2025-12,19,38.1,39.9,False,감소,-11.63,0.547,False
2026-01,의료/복지,70,11253758965.0,2026-01,20,38.3,31.700000000000003,False,감소,-11.63,0.547,False
2026-02,의료/복지,31,4932919901.0,2026-02,21,38.4,-7.399999999999999,False,감소,-11.63,0.547,False
2026-03,의료/복지,4,151440000.0,2026-03,22,38.6,-34.6,False,감소,-11.63,0.547,False
2026-04,의료/복지,40,4896853511.0,2026-04,23,38.8,1.2000000000000028,False,감소,-11.63,0.547,False
2026-05,의료/복지,20,4235370841.0,2026-05,24,38.9,-18.9,False,감소,-11.63,0.547,False
2026-06,의료/복지,,,2026-06,25,39.1,,True,감소,-11.63,0.547,False
2026-07,의료/복지,,,2026-07,26,39.2,,True,감소,-11.63,0.547,False
2026-08,의료/복지,,,2026-08,27,39.4,,True,감소,-11.63,0.547,False
2026-09,의료/복지,,,2026-09,28,39.5,,True,감소,-11.63,0.547,False
2026-10,의료/복지,,,2026-10,29,39.7,,True,감소,-11.63,0.547,False
2026-11,의료/복지,,,2026-11,30,39.9,,True,감소,-11.63,0.547,False
2024-05,차량/운송,60,9857893380.0,2024-05,0,75.9,-15.900000000000006,False,감소,-14.91,0.435,False
2024-06,차량/운송,72,8785727100.0,2024-06,1,76.1,-4.099999999999994,False,감소,-14.91,0.435,False
2024-07,차량/운송,58,7471359220.0,2024-07,2,76.3,-18.299999999999997,False,감소,-14.91,0.435,False
2024-08,차량/운송,47,3346697000.0,2024-08,3,76.4,-29.400000000000006,False,감소,-14.91,0.435,False
2024-09,차량/운송,51,3579178660.0,2024-09,4,76.6,-25.599999999999994,False,감소,-14.91,0.435,False
2024-10,차량/운송,67,8003215980.0,2024-10,5,76.8,-9.799999999999997,False,감소,-14.91,0.435,False
2024-11,차량/운송,118,25715691150.0,2024-11,6,77.0,41.0,False,감소,-14.91,0.435,False
2024-12,차량/운송,159,43061302350.0,2024-12,7,77.2,81.8,False,감소,-14.91,0.435,False
2025-01,차량/운송,106,37971299310.0,2025-01,8,77.4,28.599999999999994,False,감소,-14.91,0.435,False
2025-02,차량/운송,63,4080836820.0,2025-02,9,77.6,-14.599999999999994,False,감소,-14.91,0.435,False
2025-03,차량/운송,51,8941688320.0,2025-03,10,77.8,-26.799999999999997,False,감소,-14.91,0.435,False
2025-04,차량/운송,108,14953604290.0,2025-04,11,78.0,30.0,False,감소,-14.91,0.435,False
2025-05,차량/운송,85,12998498400.0,2025-05,12,78.2,6.799999999999997,False,감소,-14.91,0.435,False
2025-06,차량/운송,81,15021544407.0,2025-06,13,78.4,2.5999999999999943,False,감소,-14.91,0.435,False
2025-07,차량/운송,59,11927170060.0,2025-07,14,78.6,-19.599999999999994,False,감소,-14.91,0.435,False
2025-08,차량/운송,41,3101537970.0,2025-08,15,78.8,-37.8,False,감소,-14.91,0.435,False
2025-09,차량/운송,61,5882771280.0,2025-09,16,79.0,-18.0,False,감소,-14.91,0.435,False
2025-10,차량/운송,64,5292772150.0,2025-10,17,79.2,-15.200000000000003,False,감소,-14.91,0.435,False
2025-11,차량/운송,112,46337775222.0,2025-11,18,79.4,32.599999999999994,False,감소,-14.91,0.435,False
2025-12,차량/운송,143,69138009936.0,2025-12,19,79.6,63.400000000000006,False,감소,-14.91,0.435,False
2026-01,차량/운송,116,38406128712.0,2026-01,20,79.8,36.2,False,감소,-14.91,0.435,False
2026-02,차량/운송,52,14260462594.0,2026-02,21,80.0,-28.0,False,감소,-14.91,0.435,False
2026-03,차량/운송,24,2909640882.0,2026-03,22,80.1,-56.099999999999994,False,감소,-14.91,0.435,False
2026-04,차량/운송,108,11057611402.0,2026-04,23,80.3,27.700000000000003,False,감소,-14.91,0.435,False
2026-05,차량/운송,49,4954377630.0,2026-05,24,80.5,-31.5,False,감소,-14.91,0.435,False
2026-06,차량/운송,,,2026-06,25,80.7,,True,감소,-14.91,0.435,False
2026-07,차량/운송,,,2026-07,26,80.9,,True,감소,-14.91,0.435,False
2026-08,차량/운송,,,2026-08,27,81.1,,True,감소,-14.91,0.435,False
2026-09,차량/운송,,,2026-09,28,81.3,,True,감소,-14.91,0.435,False
2026-10,차량/운송,,,2026-10,29,81.5,,True,감소,-14.91,0.435,False
2026-11,차량/운송,,,2026-11,30,81.7,,True,감소,-14.91,0.435,False
2024-05,회계/전문용역,1,66000000.0,2024-05,0,3.8,-2.8,False,유지,-1.0,0.67,False
2024-06,회계/전문용역,5,847361770.0,2024-06,1,3.7,1.2999999999999998,False,유지,-1.0,0.67,False
2024-07,회계/전문용역,6,752503170.0,2024-07,2,3.7,2.3,False,유지,-1.0,0.67,False
2024-08,회계/전문용역,4,814093000.0,2024-08,3,3.7,0.2999999999999998,False,유지,-1.0,0.67,False
2024-10,회계/전문용역,5,361202030.0,2024-10,4,3.6,1.4,False,유지,-1.0,0.67,False
2024-11,회계/전문용역,4,1766729930.0,2024-11,5,3.6,0.3999999999999999,False,유지,-1.0,0.67,False
2024-12,회계/전문용역,2,303600000.0,2024-12,6,3.5,-1.5,False,유지,-1.0,0.67,False
2025-01,회계/전문용역,3,297000000.0,2025-01,7,3.5,-0.5,False,유지,-1.0,0.67,False
2025-02,회계/전문용역,1,654200000.0,2025-02,8,3.5,-2.5,False,유지,-1.0,0.67,False
2025-03,회계/전문용역,1,3048025990.0,2025-03,9,3.4,-2.4,False,유지,-1.0,0.67,False
2025-04,회계/전문용역,7,5377112000.0,2025-04,10,3.4,3.6,False,유지,-1.0,0.67,False
2025-06,회계/전문용역,3,137449600.0,2025-06,11,3.3,-0.2999999999999998,False,유지,-1.0,0.67,False
2025-07,회계/전문용역,2,122284800.0,2025-07,12,3.3,-1.2999999999999998,False,유지,-1.0,0.67,False
2025-08,회계/전문용역,1,1.0,2025-08,13,3.3,-2.3,False,유지,-1.0,0.67,False
2025-10,회계/전문용역,5,3439552961.0,2025-10,14,3.2,1.7999999999999998,False,유지,-1.0,0.67,False
2025-11,회계/전문용역,5,827041370.0,2025-11,15,3.2,1.7999999999999998,False,유지,-1.0,0.67,False
2025-12,회계/전문용역,9,1113552370.0,2025-12,16,3.1,5.9,False,유지,-1.0,0.67,False
2026-01,회계/전문용역,2,897230640.0,2026-01,17,3.1,-1.1,False,유지,-1.0,0.67,False
2026-02,회계/전문용역,1,70000000.0,2026-02,18,3.1,-2.1,False,유지,-1.0,0.67,False
2026-03,회계/전문용역,1,59120000.0,2026-03,19,3.0,-2.0,False,유지,-1.0,0.67,False
2026-04,회계/전문용역,3,824951400.0,2026-04,20,3.0,0.0,False,유지,-1.0,0.67,False
2026-05,회계/전문용역,,,2026-05,21,2.9,,True,유지,-1.0,0.67,False
2026-06,회계/전문용역,,,2026-06,22,2.9,,True,유지,-1.0,0.67,False
2026-07,회계/전문용역,,,2026-07,23,2.9,,True,유지,-1.0,0.67,False
2026-08,회계/전문용역,,,2026-08,24,2.8,,True,유지,-1.0,0.67,False
2026-09,회계/전문용역,,,2026-09,25,2.8,,True,유지,-1.0,0.67,False
2026-10,회계/전문용역,,,2026-10,26,2.7,,True,유지,-1.0,0.67,False
2024-06,가구/인테리어,3,885178400.0,2024-06,0,2.1,0.8999999999999999,False,유지,0.17,0.676,False
2024-07,가구/인테리어,1,250000000.0,2024-07,1,2.1,-1.1,False,유지,0.17,0.676,False
2024-09,가구/인테리어,2,261180000.0,2024-09,2,2.0,0.0,False,유지,0.17,0.676,False
2025-01,가구/인테리어,2,96360000.0,2025-01,3,2.0,0.0,False,유지,0.17,0.676,False
2025-03,가구/인테리어,1,80000000.0,2025-03,4,2.0,-1.0,False,유지,0.17,0.676,False
2025-04,가구/인테리어,1,53000000.0,2025-04,5,2.0,-1.0,False,유지,0.17,0.676,False
2025-05,가구/인테리어,6,273426000.0,2025-05,6,1.9,4.1,False,유지,0.17,0.676,False
2025-06,가구/인테리어,2,655403600.0,2025-06,7,1.9,0.10000000000000009,False,유지,0.17,0.676,False
2025-07,가구/인테리어,1,89055000.0,2025-07,8,1.9,-0.8999999999999999,False,유지,0.17,0.676,False
2025-08,가구/인테리어,1,49817900.0,2025-08,9,1.9,-0.8999999999999999,False,유지,0.17,0.676,False
2025-09,가구/인테리어,2,136284000.0,2025-09,10,1.8,0.19999999999999996,False,유지,0.17,0.676,False
2025-10,가구/인테리어,1,100000000.0,2025-10,11,1.8,-0.8,False,유지,0.17,0.676,False
2025-11,가구/인테리어,2,113375000.0,2025-11,12,1.8,0.19999999999999996,False,유지,0.17,0.676,False
2025-12,가구/인테리어,2,184000000.0,2025-12,13,1.7,0.30000000000000004,False,유지,0.17,0.676,False
2026-01,가구/인테리어,1,54505000.0,2026-01,14,1.7,-0.7,False,유지,0.17,0.676,False
2026-03,가구/인테리어,1,136286000.0,2026-03,15,1.7,-0.7,False,유지,0.17,0.676,False
2026-04,가구/인테리어,3,227449001.0,2026-04,16,1.7,1.3,False,유지,0.17,0.676,False
2026-05,가구/인테리어,,,2026-05,17,1.6,,True,유지,0.17,0.676,False
2026-06,가구/인테리어,,,2026-06,18,1.6,,True,유지,0.17,0.676,False
2026-07,가구/인테리어,,,2026-07,19,1.6,,True,유지,0.17,0.676,False
2026-08,가구/인테리어,,,2026-08,20,1.6,,True,유지,0.17,0.676,False
2026-09,가구/인테리어,,,2026-09,21,1.5,,True,유지,0.17,0.676,False
2026-10,가구/인테리어,,,2026-10,22,1.5,,True,유지,0.17,0.676,False
