city,district,inds_group,store_count,population,stores_per_10k
강원특별자치도,강릉시,관광/여가,196,207543,9.44
강원특별자치도,강릉시,교육,86,207543,4.14
강원특별자치도,강릉시,기타,311,207543,14.98
강원특별자치도,강릉시,부동산,117,207543,5.64
강원특별자치도,강릉시,생활서비스,130,207543,6.26
강원특별자치도,강릉시,소매,1279,207543,61.63
강원특별자치도,강릉시,수리/개인서비스,885,207543,42.64
강원특별자치도,강릉시,숙박,314,207543,15.13
강원특별자치도,강릉시,음식/카페,1658,207543,79.89
강원특별자치도,강릉시,의료/복지,24,207543,1.16
강원특별자치도,고성군,관광/여가,78,26920,28.97
강원특별자치도,고성군,교육,82,26920,30.46
강원특별자치도,고성군,기타,95,26920,35.29
강원특별자치도,고성군,부동산,47,26920,17.46
강원특별자치도,고성군,생활서비스,83,26920,30.83
강원특별자치도,고성군,소매,575,26920,213.6
강원특별자치도,고성군,수리/개인서비스,138,26920,51.26
강원특별자치도,고성군,숙박,536,26920,199.11
강원특별자치도,고성군,음식/카페,886,26920,329.12
강원특별자치도,고성군,의료/복지,21,26920,7.8
강원특별자치도,동해시,관광/여가,175,87571,19.98
강원특별자치도,동해시,교육,293,87571,33.46
강원특별자치도,동해시,기타,218,87571,24.89
강원특별자치도,동해시,부동산,55,87571,6.28
강원특별자치도,동해시,생활서비스,191,87571,21.81
강원특별자치도,동해시,소매,1378,87571,157.36
강원특별자치도,동해시,수리/개인서비스,673,87571,76.85
강원특별자치도,동해시,숙박,218,87571,24.89
강원특별자치도,동해시,음식/카페,1698,87571,193.9
강원특별자치도,동해시,의료/복지,101,87571,11.53
강원특별자치도,삼척시,관광/여가,162,61464,26.36
강원특별자치도,삼척시,교육,162,61464,26.36
강원특별자치도,삼척시,기타,168,61464,27.33
강원특별자치도,삼척시,부동산,39,61464,6.35
강원특별자치도,삼척시,생활서비스,148,61464,24.08
강원특별자치도,삼척시,소매,1039,61464,169.04
강원특별자치도,삼척시,수리/개인서비스,405,61464,65.89
강원특별자치도,삼척시,숙박,402,61464,65.4
강원특별자치도,삼척시,음식/카페,1625,61464,264.38
강원특별자치도,삼척시,의료/복지,54,61464,8.79
강원특별자치도,속초시,관광/여가,186,80754,23.03
강원특별자치도,속초시,교육,136,80754,16.84
강원특별자치도,속초시,기타,244,80754,30.22
강원특별자치도,속초시,부동산,172,80754,21.3
강원특별자치도,속초시,생활서비스,156,80754,19.32
강원특별자치도,속초시,소매,1193,80754,147.73
강원특별자치도,속초시,수리/개인서비스,566,80754,70.09
강원특별자치도,속초시,숙박,328,80754,40.62
강원특별자치도,속초시,음식/카페,1982,80754,245.44
강원특별자치도,속초시,의료/복지,37,80754,4.58
강원특별자치도,양구군,관광/여가,50,20552,24.33
강원특별자치도,양구군,교육,72,20552,35.03
강원특별자치도,양구군,기타,61,20552,29.68
강원특별자치도,양구군,부동산,7,20552,3.41
강원특별자치도,양구군,생활서비스,52,20552,25.3
강원특별자치도,양구군,소매,367,20552,178.57
강원특별자치도,양구군,수리/개인서비스,157,20552,76.39
강원특별자치도,양구군,숙박,148,20552,72.01
강원특별자치도,양구군,음식/카페,516,20552,251.07
강원특별자치도,양구군,의료/복지,15,20552,7.3
강원특별자치도,양양군,관광/여가,117,27470,42.59
강원특별자치도,양양군,교육,148,27470,53.88
강원특별자치도,양양군,기타,96,27470,34.95
강원특별자치도,양양군,부동산,50,27470,18.2
강원특별자치도,양양군,생활서비스,104,27470,37.86
강원특별자치도,양양군,소매,625,27470,227.52
강원특별자치도,양양군,수리/개인서비스,163,27470,59.34
강원특별자치도,양양군,숙박,732,27470,266.47
강원특별자치도,양양군,음식/카페,1027,27470,373.86
강원특별자치도,양양군,의료/복지,18,27470,6.55
강원특별자치도,영월군,관광/여가,131,36603,35.79
강원특별자치도,영월군,교육,99,36603,27.05
강원특별자치도,영월군,기타,111,36603,30.33
강원특별자치도,영월군,부동산,31,36603,8.47
강원특별자치도,영월군,생활서비스,118,36603,32.24
강원특별자치도,영월군,소매,715,36603,195.34
강원특별자치도,영월군,수리/개인서비스,201,36603,54.91
강원특별자치도,영월군,숙박,416,36603,113.65
강원특별자치도,영월군,음식/카페,852,36603,232.77
강원특별자치도,영월군,의료/복지,28,36603,7.65
강원특별자치도,원주시,관광/여가,188,362159,5.19
강원특별자치도,원주시,교육,100,362159,2.76
강원특별자치도,원주시,기타,353,362159,9.75
강원특별자치도,원주시,부동산,220,362159,6.07
강원특별자치도,원주시,생활서비스,162,362159,4.47
강원특별자치도,원주시,소매,1410,362159,38.93
강원특별자치도,원주시,수리/개인서비스,1003,362159,27.7
강원특별자치도,원주시,숙박,131,362159,3.62
강원특별자치도,원주시,음식/카페,1413,362159,39.02
강원특별자치도,원주시,의료/복지,20,362159,0.55
강원특별자치도,인제군,관광/여가,116,31385,36.96
강원특별자치도,인제군,교육,118,31385,37.6
강원특별자치도,인제군,기타,106,31385,33.77
강원특별자치도,인제군,부동산,30,31385,9.56
강원특별자치도,인제군,생활서비스,96,31385,30.59
강원특별자치도,인제군,소매,766,31385,244.07
강원특별자치도,인제군,수리/개인서비스,205,31385,65.32
강원특별자치도,인제군,숙박,422,31385,134.46
강원특별자치도,인제군,음식/카페,949,31385,302.37
강원특별자치도,인제군,의료/복지,23,31385,7.33
강원특별자치도,정선군,관광/여가,79,33487,23.59
강원특별자치도,정선군,교육,74,33487,22.1
강원특별자치도,정선군,기타,110,33487,32.85
강원특별자치도,정선군,부동산,21,33487,6.27
강원특별자치도,정선군,생활서비스,153,33487,45.69
강원특별자치도,정선군,소매,860,33487,256.82
강원특별자치도,정선군,수리/개인서비스,234,33487,69.88
강원특별자치도,정선군,숙박,357,33487,106.61
강원특별자치도,정선군,음식/카페,1047,33487,312.66
강원특별자치도,정선군,의료/복지,22,33487,6.57
강원특별자치도,철원군,관광/여가,135,40408,33.41
강원특별자치도,철원군,교육,152,40408,37.62
강원특별자치도,철원군,기타,121,40408,29.94
강원특별자치도,철원군,부동산,58,40408,14.35
강원특별자치도,철원군,생활서비스,78,40408,19.3
강원특별자치도,철원군,소매,749,40408,185.36
강원특별자치도,철원군,수리/개인서비스,284,40408,70.28
강원특별자치도,철원군,숙박,183,40408,45.29
강원특별자치도,철원군,음식/카페,1050,40408,259.85
강원특별자치도,철원군,의료/복지,34,40408,8.41
강원특별자치도,춘천시,관광/여가,182,285864,6.37
강원특별자치도,춘천시,교육,104,285864,3.64
강원특별자치도,춘천시,기타,413,285864,14.45
강원특별자치도,춘천시,부동산,164,285864,5.74
강원특별자치도,춘천시,생활서비스,153,285864,5.35
강원특별자치도,춘천시,소매,1291,285864,45.16
강원특별자치도,춘천시,수리/개인서비스,841,285864,29.42
강원특별자치도,춘천시,숙박,204,285864,7.14
강원특별자치도,춘천시,음식/카페,1602,285864,56.04
강원특별자치도,춘천시,의료/복지,46,285864,1.61
강원특별자치도,태백시,관광/여가,108,37875,28.51
강원특별자치도,태백시,교육,111,37875,29.31
강원특별자치도,태백시,기타,107,37875,28.25
강원특별자치도,태백시,부동산,11,37875,2.9
강원특별자치도,태백시,생활서비스,92,37875,24.29
강원특별자치도,태백시,소매,790,37875,208.58
강원특별자치도,태백시,수리/개인서비스,359,37875,94.79
강원특별자치도,태백시,숙박,91,37875,24.03
강원특별자치도,태백시,음식/카페,946,37875,249.77
강원특별자치도,태백시,의료/복지,46,37875,12.15
강원특별자치도,평창군,관광/여가,122,40305,30.27
강원특별자치도,평창군,교육,141,40305,34.98
강원특별자치도,평창군,기타,132,40305,32.75
강원특별자치도,평창군,부동산,72,40305,17.86
강원특별자치도,평창군,생활서비스,212,40305,52.6
강원특별자치도,평창군,소매,856,40305,212.38
강원특별자치도,평창군,수리/개인서비스,280,40305,69.47
강원특별자치도,평창군,숙박,623,40305,154.57
강원특별자치도,평창군,음식/카페,1318,40305,327.01
강원특별자치도,평창군,의료/복지,37,40305,9.18
강원특별자치도,홍천군,관광/여가,144,66661,21.6
강원특별자치도,홍천군,교육,185,66661,27.75
강원특별자치도,홍천군,기타,215,66661,32.25
강원특별자치도,홍천군,부동산,129,66661,19.35
강원특별자치도,홍천군,생활서비스,201,66661,30.15
강원특별자치도,홍천군,소매,1273,66661,190.97
강원특별자치도,홍천군,수리/개인서비스,426,66661,63.91
강원특별자치도,홍천군,숙박,636,66661,95.41
강원특별자치도,홍천군,음식/카페,1582,66661,237.32
강원특별자치도,홍천군,의료/복지,62,66661,9.3
강원특별자치도,화천군,관광/여가,57,22764,25.04
강원특별자치도,화천군,교육,76,22764,33.39
강원특별자치도,화천군,기타,56,22764,24.6
강원특별자치도,화천군,부동산,22,22764,9.66
강원특별자치도,화천군,생활서비스,36,22764,15.81
강원특별자치도,화천군,소매,399,22764,175.28
강원특별자치도,화천군,수리/개인서비스,138,22764,60.62
강원특별자치도,화천군,숙박,226,22764,99.28
강원특별자치도,화천군,음식/카페,575,22764,252.59
강원특별자치도,화천군,의료/복지,13,22764,5.71
강원특별자치도,횡성군,관광/여가,87,46037,18.9
강원특별자치도,횡성군,교육,123,46037,26.72
강원특별자치도,횡성군,기타,158,46037,34.32
강원특별자치도,횡성군,부동산,113,46037,24.55
강원특별자치도,횡성군,생활서비스,111,46037,24.11
강원특별자치도,횡성군,소매,786,46037,170.73
강원특별자치도,횡성군,수리/개인서비스,274,46037,59.52
강원특별자치도,횡성군,숙박,273,46037,59.3
강원특별자치도,횡성군,음식/카페,1052,46037,228.51
강원특별자치도,횡성군,의료/복지,38,46037,8.25
경기도,가평군,관광/여가,199,62472,31.85
경기도,가평군,교육,119,62472,19.05
경기도,가평군,기타,229,62472,36.66
경기도,가평군,부동산,154,62472,24.65
경기도,가평군,생활서비스,121,62472,19.37
경기도,가평군,소매,943,62472,150.95
경기도,가평군,수리/개인서비스,322,62472,51.54
경기도,가평군,숙박,1474,62472,235.95
경기도,가평군,음식/카페,1420,62472,227.3
경기도,가평군,의료/복지,19,62472,3.04
경기도,고양시 덕양구,관광/여가,189,492667,3.84
경기도,고양시 덕양구,교육,151,492667,3.06
경기도,고양시 덕양구,기타,728,492667,14.78
경기도,고양시 덕양구,부동산,312,492667,6.33
경기도,고양시 덕양구,생활서비스,262,492667,5.32
경기도,고양시 덕양구,소매,1279,492667,25.96
경기도,고양시 덕양구,수리/개인서비스,858,492667,17.42
경기도,고양시 덕양구,숙박,52,492667,1.06
경기도,고양시 덕양구,음식/카페,1101,492667,22.35
경기도,고양시 덕양구,의료/복지,68,492667,1.38
경기도,고양시 일산동구,관광/여가,163,293813,5.55
경기도,고양시 일산동구,교육,215,293813,7.32
경기도,고양시 일산동구,기타,896,293813,30.5
경기도,고양시 일산동구,부동산,320,293813,10.89
경기도,고양시 일산동구,생활서비스,298,293813,10.14
경기도,고양시 일산동구,소매,1251,293813,42.58
경기도,고양시 일산동구,수리/개인서비스,779,293813,26.51
경기도,고양시 일산동구,숙박,21,293813,0.71
경기도,고양시 일산동구,음식/카페,978,293813,33.29
경기도,고양시 일산동구,의료/복지,79,293813,2.69
경기도,고양시 일산서구,관광/여가,198,282651,7.01
경기도,고양시 일산서구,교육,280,282651,9.91
경기도,고양시 일산서구,기타,494,282651,17.48
경기도,고양시 일산서구,부동산,322,282651,11.39
경기도,고양시 일산서구,생활서비스,254,282651,8.99
경기도,고양시 일산서구,소매,1391,282651,49.21
경기도,고양시 일산서구,수리/개인서비스,848,282651,30.0
경기도,고양시 일산서구,숙박,46,282651,1.63
경기도,고양시 일산서구,음식/카페,1081,282651,38.25
경기도,고양시 일산서구,의료/복지,86,282651,3.04
경기도,과천시,관광/여가,89,85501,10.41
경기도,과천시,교육,388,85501,45.38
경기도,과천시,기타,356,85501,41.64
경기도,과천시,부동산,185,85501,21.64
경기도,과천시,생활서비스,76,85501,8.89
경기도,과천시,소매,699,85501,81.75
경기도,과천시,수리/개인서비스,251,85501,29.36
경기도,과천시,숙박,3,85501,0.35
경기도,과천시,음식/카페,758,85501,88.65
경기도,과천시,의료/복지,99,85501,11.58
경기도,광명시,관광/여가,166,279805,5.93
경기도,광명시,교육,257,279805,9.18
경기도,광명시,기타,713,279805,25.48
경기도,광명시,부동산,354,279805,12.65
경기도,광명시,생활서비스,193,279805,6.9
경기도,광명시,소매,1278,279805,45.67
경기도,광명시,수리/개인서비스,752,279805,26.88
경기도,광명시,숙박,42,279805,1.5
경기도,광명시,음식/카페,1170,279805,41.81
경기도,광명시,의료/복지,75,279805,2.68
경기도,광주시,관광/여가,215,397410,5.41
경기도,광주시,교육,132,397410,3.32
경기도,광주시,기타,538,397410,13.54
경기도,광주시,부동산,385,397410,9.69
경기도,광주시,생활서비스,230,397410,5.79
경기도,광주시,소매,1301,397410,32.74
경기도,광주시,수리/개인서비스,884,397410,22.24
경기도,광주시,숙박,68,397410,1.71
경기도,광주시,음식/카페,1205,397410,30.32
경기도,광주시,의료/복지,42,397410,1.06
경기도,구리시,관광/여가,165,186868,8.83
경기도,구리시,교육,172,186868,9.2
경기도,구리시,기타,1106,186868,59.19
경기도,구리시,부동산,267,186868,14.29
경기도,구리시,생활서비스,184,186868,9.85
경기도,구리시,소매,1247,186868,66.73
경기도,구리시,수리/개인서비스,666,186868,35.64
경기도,구리시,숙박,58,186868,3.1
경기도,구리시,음식/카페,1055,186868,56.46
경기도,구리시,의료/복지,80,186868,4.28
경기도,군포시,관광/여가,247,255533,9.67
경기도,군포시,교육,212,255533,8.3
경기도,군포시,기타,519,255533,20.31
경기도,군포시,부동산,324,255533,12.68
경기도,군포시,생활서비스,224,255533,8.77
경기도,군포시,소매,1064,255533,41.64
경기도,군포시,수리/개인서비스,849,255533,33.22
경기도,군포시,숙박,53,255533,2.07
경기도,군포시,음식/카페,1436,255533,56.2
경기도,군포시,의료/복지,72,255533,2.82
경기도,김포시,관광/여가,182,486651,3.74
경기도,김포시,교육,158,486651,3.25
경기도,김포시,기타,657,486651,13.5
경기도,김포시,부동산,390,486651,8.01
경기도,김포시,생활서비스,234,486651,4.81
경기도,김포시,소매,1439,486651,29.57
경기도,김포시,수리/개인서비스,778,486651,15.99
경기도,김포시,숙박,29,486651,0.6
경기도,김포시,음식/카페,1072,486651,22.03
경기도,김포시,의료/복지,61,486651,1.25
경기도,남양주시,관광/여가,167,732191,2.28
경기도,남양주시,교육,96,732191,1.31
경기도,남양주시,기타,499,732191,6.82
경기도,남양주시,부동산,348,732191,4.75
경기도,남양주시,생활서비스,181,732191,2.47
경기도,남양주시,소매,1467,732191,20.04
경기도,남양주시,수리/개인서비스,856,732191,11.69
경기도,남양주시,숙박,59,732191,0.81
경기도,남양주시,음식/카페,1263,732191,17.25
경기도,남양주시,의료/복지,64,732191,0.87
경기도,동두천시,관광/여가,175,86807,20.16
경기도,동두천시,교육,217,86807,25.0
경기도,동두천시,기타,222,86807,25.57
경기도,동두천시,부동산,150,86807,17.28
경기도,동두천시,생활서비스,138,86807,15.9
경기도,동두천시,소매,1223,86807,140.89
경기도,동두천시,수리/개인서비스,621,86807,71.54
경기도,동두천시,숙박,77,86807,8.87
경기도,동두천시,음식/카페,1591,86807,183.28
경기도,동두천시,의료/복지,101,86807,11.64
경기도,부천시 소사구,관광/여가,208,227754,9.13
경기도,부천시 소사구,교육,232,227754,10.19
경기도,부천시 소사구,기타,577,227754,25.33
경기도,부천시 소사구,부동산,316,227754,13.87
경기도,부천시 소사구,생활서비스,197,227754,8.65
경기도,부천시 소사구,소매,1316,227754,57.78
경기도,부천시 소사구,수리/개인서비스,841,227754,36.93
경기도,부천시 소사구,숙박,35,227754,1.54
경기도,부천시 소사구,음식/카페,1202,227754,52.78
경기도,부천시 소사구,의료/복지,76,227754,3.34
경기도,부천시 오정구,관광/여가,275,151829,18.11
경기도,부천시 오정구,교육,264,151829,17.39
경기도,부천시 오정구,기타,376,151829,24.76
경기도,부천시 오정구,부동산,250,151829,16.47
경기도,부천시 오정구,생활서비스,178,151829,11.72
경기도,부천시 오정구,소매,1295,151829,85.29
경기도,부천시 오정구,수리/개인서비스,796,151829,52.43
경기도,부천시 오정구,숙박,22,151829,1.45
경기도,부천시 오정구,음식/카페,1369,151829,90.17
경기도,부천시 오정구,의료/복지,175,151829,11.53
경기도,부천시 원미구,관광/여가,181,389501,4.65
경기도,부천시 원미구,교육,102,389501,2.62
경기도,부천시 원미구,기타,651,389501,16.71
경기도,부천시 원미구,부동산,331,389501,8.5
경기도,부천시 원미구,생활서비스,183,389501,4.7
경기도,부천시 원미구,소매,1396,389501,35.84
경기도,부천시 원미구,수리/개인서비스,874,389501,22.44
경기도,부천시 원미구,숙박,66,389501,1.69
경기도,부천시 원미구,음식/카페,1118,389501,28.7
경기도,부천시 원미구,의료/복지,98,389501,2.52
경기도,성남시 분당구,관광/여가,161,471197,3.42
경기도,성남시 분당구,교육,263,471197,5.58
경기도,성남시 분당구,기타,778,471197,16.51
경기도,성남시 분당구,부동산,366,471197,7.77
경기도,성남시 분당구,생활서비스,217,471197,4.61
경기도,성남시 분당구,소매,1238,471197,26.27
경기도,성남시 분당구,수리/개인서비스,674,471197,14.3
경기도,성남시 분당구,숙박,22,471197,0.47
경기도,성남시 분당구,음식/카페,1133,471197,24.05
경기도,성남시 분당구,의료/복지,148,471197,3.14
경기도,성남시 수정구,관광/여가,202,234721,8.61
경기도,성남시 수정구,교육,205,234721,8.73
경기도,성남시 수정구,기타,563,234721,23.99
경기도,성남시 수정구,부동산,379,234721,16.15
경기도,성남시 수정구,생활서비스,215,234721,9.16
경기도,성남시 수정구,소매,1231,234721,52.45
경기도,성남시 수정구,수리/개인서비스,794,234721,33.83
경기도,성남시 수정구,숙박,132,234721,5.62
경기도,성남시 수정구,음식/카페,1178,234721,50.19
경기도,성남시 수정구,의료/복지,101,234721,4.3
경기도,성남시 중원구,관광/여가,213,206790,10.3
경기도,성남시 중원구,교육,130,206790,6.29
경기도,성남시 중원구,기타,615,206790,29.74
경기도,성남시 중원구,부동산,348,206790,16.83
경기도,성남시 중원구,생활서비스,225,206790,10.88
경기도,성남시 중원구,소매,1344,206790,64.99
경기도,성남시 중원구,수리/개인서비스,765,206790,36.99
경기도,성남시 중원구,숙박,111,206790,5.37
경기도,성남시 중원구,음식/카페,1189,206790,57.5
경기도,성남시 중원구,의료/복지,60,206790,2.9
경기도,수원시 권선구,관광/여가,231,362591,6.37
경기도,수원시 권선구,교육,155,362591,4.27
경기도,수원시 권선구,기타,467,362591,12.88
경기도,수원시 권선구,부동산,319,362591,8.8
경기도,수원시 권선구,생활서비스,255,362591,7.03
경기도,수원시 권선구,소매,1348,362591,37.18
경기도,수원시 권선구,수리/개인서비스,1007,362591,27.77
경기도,수원시 권선구,숙박,34,362591,0.94
경기도,수원시 권선구,음식/카페,1129,362591,31.14
경기도,수원시 권선구,의료/복지,55,362591,1.52
경기도,수원시 영통구,관광/여가,190,361060,5.26
경기도,수원시 영통구,교육,298,361060,8.25
경기도,수원시 영통구,기타,997,361060,27.61
경기도,수원시 영통구,부동산,354,361060,9.8
경기도,수원시 영통구,생활서비스,179,361060,4.96
경기도,수원시 영통구,소매,1071,361060,29.66
경기도,수원시 영통구,수리/개인서비스,693,361060,19.19
경기도,수원시 영통구,숙박,31,361060,0.86
경기도,수원시 영통구,음식/카페,1093,361060,30.27
경기도,수원시 영통구,의료/복지,94,361060,2.6
경기도,수원시 장안구,관광/여가,257,274216,9.37
경기도,수원시 장안구,교육,243,274216,8.86
경기도,수원시 장안구,기타,475,274216,17.32
경기도,수원시 장안구,부동산,304,274216,11.09
경기도,수원시 장안구,생활서비스,243,274216,8.86
경기도,수원시 장안구,소매,1091,274216,39.79
경기도,수원시 장안구,수리/개인서비스,878,274216,32.02
경기도,수원시 장안구,숙박,49,274216,1.79
경기도,수원시 장안구,음식/카페,1396,274216,50.91
경기도,수원시 장안구,의료/복지,64,274216,2.33
경기도,수원시 팔달구,관광/여가,192,194389,9.88
경기도,수원시 팔달구,교육,122,194389,6.28
경기도,수원시 팔달구,기타,550,194389,28.29
경기도,수원시 팔달구,부동산,247,194389,12.71
경기도,수원시 팔달구,생활서비스,238,194389,12.24
경기도,수원시 팔달구,소매,1531,194389,78.76
경기도,수원시 팔달구,수리/개인서비스,606,194389,31.17
경기도,수원시 팔달구,숙박,138,194389,7.1
경기도,수원시 팔달구,음식/카페,1263,194389,64.97
경기도,수원시 팔달구,의료/복지,113,194389,5.81
경기도,시흥시,관광/여가,199,517511,3.85
경기도,시흥시,교육,108,517511,2.09
경기도,시흥시,기타,456,517511,8.81
경기도,시흥시,부동산,431,517511,8.33
경기도,시흥시,생활서비스,203,517511,3.92
경기도,시흥시,소매,1399,517511,27.03
경기도,시흥시,수리/개인서비스,853,517511,16.48
경기도,시흥시,숙박,71,517511,1.37
경기도,시흥시,음식/카페,1217,517511,23.52
경기도,시흥시,의료/복지,63,517511,1.22
경기도,안산시 단원구,관광/여가,188,293001,6.42
경기도,안산시 단원구,교육,89,293001,3.04
경기도,안산시 단원구,기타,638,293001,21.77
경기도,안산시 단원구,부동산,271,293001,9.25
경기도,안산시 단원구,생활서비스,253,293001,8.63
경기도,안산시 단원구,소매,1339,293001,45.7
경기도,안산시 단원구,수리/개인서비스,746,293001,25.46
경기도,안산시 단원구,숙박,241,293001,8.23
경기도,안산시 단원구,음식/카페,1169,293001,39.9
경기도,안산시 단원구,의료/복지,66,293001,2.25
경기도,안산시 상록구,관광/여가,246,326380,7.54
경기도,안산시 상록구,교육,144,326380,4.41
경기도,안산시 상록구,기타,483,326380,14.8
경기도,안산시 상록구,부동산,297,326380,9.1
경기도,안산시 상록구,생활서비스,182,326380,5.58
경기도,안산시 상록구,소매,1354,326380,41.49
경기도,안산시 상록구,수리/개인서비스,958,326380,29.35
경기도,안산시 상록구,숙박,64,326380,1.96
경기도,안산시 상록구,음식/카페,1230,326380,37.69
경기도,안산시 상록구,의료/복지,42,326380,1.29
경기도,안성시,관광/여가,201,194007,10.36
경기도,안성시,교육,135,194007,6.96
경기도,안성시,기타,302,194007,15.57
경기도,안성시,부동산,285,194007,14.69
경기도,안성시,생활서비스,283,194007,14.59
경기도,안성시,소매,1390,194007,71.65
경기도,안성시,수리/개인서비스,728,194007,37.52
경기도,안성시,숙박,102,194007,5.26
경기도,안성시,음식/카페,1522,194007,78.45
경기도,안성시,의료/복지,52,194007,2.68
경기도,안양시 동안구,관광/여가,171,327449,5.22
경기도,안양시 동안구,교육,199,327449,6.08
경기도,안양시 동안구,기타,1124,327449,34.33
경기도,안양시 동안구,부동산,341,327449,10.41
경기도,안양시 동안구,생활서비스,228,327449,6.96
경기도,안양시 동안구,소매,1126,327449,34.39
경기도,안양시 동안구,수리/개인서비스,674,327449,20.58
경기도,안양시 동안구,숙박,31,327449,0.95
경기도,안양시 동안구,음식/카페,1023,327449,31.24
경기도,안양시 동안구,의료/복지,83,327449,2.53
경기도,안양시 만안구,관광/여가,218,230513,9.46
경기도,안양시 만안구,교육,157,230513,6.81
경기도,안양시 만안구,기타,573,230513,24.86
경기도,안양시 만안구,부동산,292,230513,12.67
경기도,안양시 만안구,생활서비스,186,230513,8.07
경기도,안양시 만안구,소매,1276,230513,55.35
경기도,안양시 만안구,수리/개인서비스,771,230513,33.45
경기도,안양시 만안구,숙박,72,230513,3.12
경기도,안양시 만안구,음식/카페,1381,230513,59.91
경기도,안양시 만안구,의료/복지,74,230513,3.21
경기도,양주시,관광/여가,195,289527,6.74
경기도,양주시,교육,148,289527,5.11
경기도,양주시,기타,485,289527,16.75
경기도,양주시,부동산,316,289527,10.91
경기도,양주시,생활서비스,238,289527,8.22
경기도,양주시,소매,1324,289527,45.73
경기도,양주시,수리/개인서비스,784,289527,27.08
경기도,양주시,숙박,105,289527,3.63
경기도,양주시,음식/카페,1365,289527,47.15
경기도,양주시,의료/복지,40,289527,1.38
경기도,양평군,관광/여가,170,126792,13.41
경기도,양평군,교육,215,126792,16.96
경기도,양평군,기타,428,126792,33.76
경기도,양평군,부동산,412,126792,32.49
경기도,양평군,생활서비스,166,126792,13.09
경기도,양평군,소매,1117,126792,88.1
경기도,양평군,수리/개인서비스,463,126792,36.52
경기도,양평군,숙박,547,126792,43.14
경기도,양평군,음식/카페,1449,126792,114.28
경기도,양평군,의료/복지,33,126792,2.6
경기도,여주시,관광/여가,211,114562,18.42
경기도,여주시,교육,150,114562,13.09
경기도,여주시,기타,305,114562,26.62
경기도,여주시,부동산,264,114562,23.04
경기도,여주시,생활서비스,240,114562,20.95
경기도,여주시,소매,1506,114562,131.46
경기도,여주시,수리/개인서비스,617,114562,53.86
경기도,여주시,숙박,128,114562,11.17
경기도,여주시,음식/카페,1554,114562,135.65
경기도,여주시,의료/복지,25,114562,2.18
경기도,연천군,관광/여가,92,40894,22.5
경기도,연천군,교육,91,40894,22.25
경기도,연천군,기타,116,40894,28.37
경기도,연천군,부동산,99,40894,24.21
경기도,연천군,생활서비스,119,40894,29.1
경기도,연천군,소매,719,40894,175.82
경기도,연천군,수리/개인서비스,240,40894,58.69
경기도,연천군,숙박,155,40894,37.9
경기도,연천군,음식/카페,943,40894,230.6
경기도,연천군,의료/복지,39,40894,9.54
경기도,오산시,관광/여가,235,242618,9.69
경기도,오산시,교육,191,242618,7.87
경기도,오산시,기타,800,242618,32.97
경기도,오산시,부동산,234,242618,9.64
경기도,오산시,생활서비스,246,242618,10.14
경기도,오산시,소매,1163,242618,47.94
경기도,오산시,수리/개인서비스,733,242618,30.21
경기도,오산시,숙박,95,242618,3.92
경기도,오산시,음식/카페,1250,242618,51.52
경기도,오산시,의료/복지,53,242618,2.18
경기도,용인시 기흥구,관광/여가,209,435900,4.79
경기도,용인시 기흥구,교육,261,435900,5.99
경기도,용인시 기흥구,기타,848,435900,19.45
경기도,용인시 기흥구,부동산,402,435900,9.22
경기도,용인시 기흥구,생활서비스,235,435900,5.39
경기도,용인시 기흥구,소매,1163,435900,26.68
경기도,용인시 기흥구,수리/개인서비스,763,435900,17.5
경기도,용인시 기흥구,숙박,34,435900,0.78
경기도,용인시 기흥구,음식/카페,1001,435900,22.96
경기도,용인시 기흥구,의료/복지,84,435900,1.93
경기도,용인시 수지구,관광/여가,224,375773,5.96
경기도,용인시 수지구,교육,410,375773,10.91
경기도,용인시 수지구,기타,696,375773,18.52
경기도,용인시 수지구,부동산,393,375773,10.46
경기도,용인시 수지구,생활서비스,171,375773,4.55
경기도,용인시 수지구,소매,1228,375773,32.68
경기도,용인시 수지구,수리/개인서비스,674,375773,17.94
경기도,용인시 수지구,숙박,38,375773,1.01
경기도,용인시 수지구,음식/카페,1068,375773,28.42
경기도,용인시 수지구,의료/복지,98,375773,2.61
경기도,용인시 처인구,관광/여가,205,275471,7.44
경기도,용인시 처인구,교육,157,275471,5.7
경기도,용인시 처인구,기타,445,275471,16.15
경기도,용인시 처인구,부동산,378,275471,13.72
경기도,용인시 처인구,생활서비스,272,275471,9.87
경기도,용인시 처인구,소매,1241,275471,45.05
경기도,용인시 처인구,수리/개인서비스,799,275471,29.0
경기도,용인시 처인구,숙박,134,275471,4.86
경기도,용인시 처인구,음식/카페,1340,275471,48.64
경기도,용인시 처인구,의료/복지,29,275471,1.05
경기도,의왕시,관광/여가,237,154351,15.35
경기도,의왕시,교육,517,154351,33.5
경기도,의왕시,기타,573,154351,37.12
경기도,의왕시,부동산,281,154351,18.21
경기도,의왕시,생활서비스,173,154351,11.21
경기도,의왕시,소매,1133,154351,73.4
경기도,의왕시,수리/개인서비스,545,154351,35.31
경기도,의왕시,숙박,25,154351,1.62
경기도,의왕시,음식/카페,1354,154351,87.72
경기도,의왕시,의료/복지,162,154351,10.5
경기도,의정부시,관광/여가,189,461142,4.1
경기도,의정부시,교육,119,461142,2.58
경기도,의정부시,기타,516,461142,11.19
경기도,의정부시,부동산,251,461142,5.44
경기도,의정부시,생활서비스,139,461142,3.01
경기도,의정부시,소매,1511,461142,32.77
경기도,의정부시,수리/개인서비스,911,461142,19.76
경기도,의정부시,숙박,41,461142,0.89
경기도,의정부시,음식/카페,1251,461142,27.13
경기도,의정부시,의료/복지,72,461142,1.56
경기도,이천시,관광/여가,203,222420,9.13
경기도,이천시,교육,149,222420,6.7
경기도,이천시,기타,341,222420,15.33
경기도,이천시,부동산,323,222420,14.52
경기도,이천시,생활서비스,269,222420,12.09
경기도,이천시,소매,1433,222420,64.43
경기도,이천시,수리/개인서비스,781,222420,35.11
경기도,이천시,숙박,95,222420,4.27
경기도,이천시,음식/카페,1360,222420,61.15
경기도,이천시,의료/복지,46,222420,2.07
경기도,파주시,관광/여가,189,513627,3.68
경기도,파주시,교육,110,513627,2.14
경기도,파주시,기타,519,513627,10.1
경기도,파주시,부동산,333,513627,6.48
경기도,파주시,생활서비스,225,513627,4.38
경기도,파주시,소매,1421,513627,27.67
경기도,파주시,수리/개인서비스,837,513627,16.3
경기도,파주시,숙박,95,513627,1.85
경기도,파주시,음식/카페,1221,513627,23.77
경기도,파주시,의료/복지,50,513627,0.97
경기도,평택시,관광/여가,152,599138,2.54
경기도,평택시,교육,66,599138,1.1
경기도,평택시,기타,390,599138,6.51
경기도,평택시,부동산,389,599138,6.49
경기도,평택시,생활서비스,142,599138,2.37
경기도,평택시,소매,1536,599138,25.64
경기도,평택시,수리/개인서비스,1008,599138,16.82
경기도,평택시,숙박,60,599138,1.0
경기도,평택시,음식/카페,1217,599138,20.31
경기도,평택시,의료/복지,40,599138,0.67
경기도,포천시,관광/여가,190,141444,13.43
경기도,포천시,교육,88,141444,6.22
경기도,포천시,기타,344,141444,24.32
경기도,포천시,부동산,227,141444,16.05
경기도,포천시,생활서비스,181,141444,12.8
경기도,포천시,소매,1511,141444,106.83
경기도,포천시,수리/개인서비스,668,141444,47.23
경기도,포천시,숙박,260,141444,18.38
경기도,포천시,음식/카페,1513,141444,106.97
경기도,포천시,의료/복지,18,141444,1.27
경기도,하남시,관광/여가,131,328875,3.98
경기도,하남시,교육,213,328875,6.48
경기도,하남시,기타,1101,328875,33.48
경기도,하남시,부동산,387,328875,11.77
경기도,하남시,생활서비스,317,328875,9.64
경기도,하남시,소매,1260,328875,38.31
경기도,하남시,수리/개인서비스,663,328875,20.16
경기도,하남시,숙박,21,328875,0.64
경기도,하남시,음식/카페,841,328875,25.57
경기도,하남시,의료/복지,66,328875,2.01
경기도,화성시 동탄구,관광/여가,167,384292,4.35
경기도,화성시 동탄구,교육,415,384292,10.8
경기도,화성시 동탄구,기타,892,384292,23.21
경기도,화성시 동탄구,부동산,426,384292,11.09
경기도,화성시 동탄구,생활서비스,174,384292,4.53
경기도,화성시 동탄구,소매,925,384292,24.07
경기도,화성시 동탄구,수리/개인서비스,645,384292,16.78
경기도,화성시 동탄구,숙박,28,384292,0.73
경기도,화성시 동탄구,음식/카페,1240,384292,32.27
경기도,화성시 동탄구,의료/복지,88,384292,2.29
경기도,화성시 만세구,관광/여가,202,318902,6.33
경기도,화성시 만세구,교육,125,318902,3.92
경기도,화성시 만세구,기타,473,318902,14.83
경기도,화성시 만세구,부동산,455,318902,14.27
경기도,화성시 만세구,생활서비스,262,318902,8.22
경기도,화성시 만세구,소매,1293,318902,40.55
경기도,화성시 만세구,수리/개인서비스,689,318902,21.61
경기도,화성시 만세구,숙박,138,318902,4.33
경기도,화성시 만세구,음식/카페,1321,318902,41.42
경기도,화성시 만세구,의료/복지,42,318902,1.32
경기도,화성시 병점구,관광/여가,289,133527,21.64
경기도,화성시 병점구,교육,379,133527,28.38
경기도,화성시 병점구,기타,531,133527,39.77
경기도,화성시 병점구,부동산,294,133527,22.02
경기도,화성시 병점구,생활서비스,245,133527,18.35
경기도,화성시 병점구,소매,1022,133527,76.54
경기도,화성시 병점구,수리/개인서비스,786,133527,58.86
경기도,화성시 병점구,숙박,42,133527,3.15
경기도,화성시 병점구,음식/카페,1304,133527,97.66
경기도,화성시 병점구,의료/복지,108,133527,8.09
경기도,화성시 효행구,관광/여가,243,135114,17.98
경기도,화성시 효행구,교육,280,135114,20.72
경기도,화성시 효행구,기타,436,135114,32.27
경기도,화성시 효행구,부동산,361,135114,26.72
경기도,화성시 효행구,생활서비스,245,135114,18.13
경기도,화성시 효행구,소매,1325,135114,98.07
경기도,화성시 효행구,수리/개인서비스,663,135114,49.07
경기도,화성시 효행구,숙박,35,135114,2.59
경기도,화성시 효행구,음식/카페,1361,135114,100.73
경기도,화성시 효행구,의료/복지,51,135114,3.77
경상남도,거제시,관광/여가,202,232777,8.68
경상남도,거제시,교육,173,232777,7.43
경상남도,거제시,기타,284,232777,12.2
경상남도,거제시,부동산,147,232777,6.32
경상남도,거제시,생활서비스,149,232777,6.4
경상남도,거제시,소매,1144,232777,49.15
경상남도,거제시,수리/개인서비스,646,232777,27.75
경상남도,거제시,숙박,477,232777,20.49
경상남도,거제시,음식/카페,1756,232777,75.44
경상남도,거제시,의료/복지,22,232777,0.95
경상남도,거창군,관광/여가,106,59514,17.81
경상남도,거창군,교육,177,59514,29.74
경상남도,거창군,기타,143,59514,24.03
경상남도,거창군,부동산,44,59514,7.39
경상남도,거창군,생활서비스,82,59514,13.78
경상남도,거창군,소매,946,59514,158.95
경상남도,거창군,수리/개인서비스,424,59514,71.24
경상남도,거창군,숙박,166,59514,27.89
경상남도,거창군,음식/카페,1200,59514,201.63
경상남도,거창군,의료/복지,16,59514,2.69
경상남도,고성군,관광/여가,69,47913,14.4
경상남도,고성군,교육,70,47913,14.61
경상남도,고성군,기타,124,47913,25.88
경상남도,고성군,부동산,58,47913,12.11
경상남도,고성군,생활서비스,97,47913,20.25
경상남도,고성군,소매,712,47913,148.6
경상남도,고성군,수리/개인서비스,267,47913,55.73
경상남도,고성군,숙박,171,47913,35.69
경상남도,고성군,음식/카페,1060,47913,221.23
경상남도,고성군,의료/복지,9,47913,1.88
경상남도,김해시,관광/여가,241,531683,4.53
경상남도,김해시,교육,322,531683,6.06
경상남도,김해시,기타,293,531683,5.51
경상남도,김해시,부동산,272,531683,5.12
경상남도,김해시,생활서비스,204,531683,3.84
경상남도,김해시,소매,1210,531683,22.76
경상남도,김해시,수리/개인서비스,701,531683,13.18
경상남도,김해시,숙박,69,531683,1.3
경상남도,김해시,음식/카페,1647,531683,30.98
경상남도,김해시,의료/복지,41,531683,0.77
경상남도,남해군,관광/여가,80,39730,20.14
경상남도,남해군,교육,58,39730,14.6
경상남도,남해군,기타,97,39730,24.41
경상남도,남해군,부동산,51,39730,12.84
경상남도,남해군,생활서비스,69,39730,17.37
경상남도,남해군,소매,726,39730,182.73
경상남도,남해군,수리/개인서비스,231,39730,58.14
경상남도,남해군,숙박,799,39730,201.11
경상남도,남해군,음식/카페,1093,39730,275.11
경상남도,남해군,의료/복지,14,39730,3.52
경상남도,밀양시,관광/여가,151,100544,15.02
경상남도,밀양시,교육,137,100544,13.63
경상남도,밀양시,기타,230,100544,22.88
경상남도,밀양시,부동산,208,100544,20.69
경상남도,밀양시,생활서비스,140,100544,13.92
경상남도,밀양시,소매,1278,100544,127.11
경상남도,밀양시,수리/개인서비스,628,100544,62.46
경상남도,밀양시,숙박,365,100544,36.3
경상남도,밀양시,음식/카페,1826,100544,181.61
경상남도,밀양시,의료/복지,37,100544,3.68
경상남도,사천시,관광/여가,154,108420,14.2
경상남도,사천시,교육,142,108420,13.1
경상남도,사천시,기타,215,108420,19.83
경상남도,사천시,부동산,165,108420,15.22
경상남도,사천시,생활서비스,145,108420,13.37
경상남도,사천시,소매,1432,108420,132.08
경상남도,사천시,수리/개인서비스,705,108420,65.02
경상남도,사천시,숙박,227,108420,20.94
경상남도,사천시,음식/카페,1789,108420,165.01
경상남도,사천시,의료/복지,26,108420,2.4
경상남도,산청군,관광/여가,74,33203,22.29
경상남도,산청군,교육,49,33203,14.76
경상남도,산청군,기타,85,33203,25.6
경상남도,산청군,부동산,38,33203,11.44
경상남도,산청군,생활서비스,55,33203,16.56
경상남도,산청군,소매,527,33203,158.72
경상남도,산청군,수리/개인서비스,132,33203,39.76
경상남도,산청군,숙박,293,33203,88.25
경상남도,산청군,음식/카페,724,33203,218.05
경상남도,산청군,의료/복지,11,33203,3.31
경상남도,양산시,관광/여가,214,359920,5.95
경상남도,양산시,교육,285,359920,7.92
경상남도,양산시,기타,284,359920,7.89
경상남도,양산시,부동산,291,359920,8.09
경상남도,양산시,생활서비스,171,359920,4.75
경상남도,양산시,소매,1099,359920,30.53
경상남도,양산시,수리/개인서비스,806,359920,22.39
경상남도,양산시,숙박,105,359920,2.92
경상남도,양산시,음식/카페,1689,359920,46.93
경상남도,양산시,의료/복지,56,359920,1.56
경상남도,의령군,관광/여가,35,25094,13.95
경상남도,의령군,교육,21,25094,8.37
경상남도,의령군,기타,54,25094,21.52
경상남도,의령군,부동산,23,25094,9.17
경상남도,의령군,생활서비스,28,25094,11.16
경상남도,의령군,소매,262,25094,104.41
경상남도,의령군,수리/개인서비스,108,25094,43.04
경상남도,의령군,숙박,39,25094,15.54
경상남도,의령군,음식/카페,481,25094,191.68
경상남도,의령군,의료/복지,7,25094,2.79
경상남도,진주시,관광/여가,262,338449,7.74
경상남도,진주시,교육,295,338449,8.72
경상남도,진주시,기타,283,338449,8.36
경상남도,진주시,부동산,242,338449,7.15
경상남도,진주시,생활서비스,175,338449,5.17
경상남도,진주시,소매,1230,338449,36.34
경상남도,진주시,수리/개인서비스,676,338449,19.97
경상남도,진주시,숙박,78,338449,2.3
경상남도,진주시,음식/카페,1724,338449,50.94
경상남도,진주시,의료/복지,35,338449,1.03
경상남도,창녕군,관광/여가,87,56040,15.52
경상남도,창녕군,교육,64,56040,11.42
경상남도,창녕군,기타,120,56040,21.41
경상남도,창녕군,부동산,98,56040,17.49
경상남도,창녕군,생활서비스,112,56040,19.99
경상남도,창녕군,소매,821,56040,146.5
경상남도,창녕군,수리/개인서비스,340,56040,60.67
경상남도,창녕군,숙박,120,56040,21.41
경상남도,창녕군,음식/카페,1319,56040,235.37
경상남도,창녕군,의료/복지,22,56040,3.93
경상남도,창원시 마산합포구,관광/여가,177,178071,9.94
경상남도,창원시 마산합포구,교육,140,178071,7.86
경상남도,창원시 마산합포구,기타,267,178071,14.99
경상남도,창원시 마산합포구,부동산,167,178071,9.38
경상남도,창원시 마산합포구,생활서비스,103,178071,5.78
경상남도,창원시 마산합포구,소매,1509,178071,84.74
경상남도,창원시 마산합포구,수리/개인서비스,672,178071,37.74
경상남도,창원시 마산합포구,숙박,139,178071,7.81
경상남도,창원시 마산합포구,음식/카페,1794,178071,100.75
경상남도,창원시 마산합포구,의료/복지,32,178071,1.8
경상남도,창원시 마산회원구,관광/여가,188,178806,10.51
경상남도,창원시 마산회원구,교육,161,178806,9.0
경상남도,창원시 마산회원구,기타,293,178806,16.39
경상남도,창원시 마산회원구,부동산,178,178806,9.95
경상남도,창원시 마산회원구,생활서비스,169,178806,9.45
경상남도,창원시 마산회원구,소매,1297,178806,72.54
경상남도,창원시 마산회원구,수리/개인서비스,951,178806,53.19
경상남도,창원시 마산회원구,숙박,114,178806,6.38
경상남도,창원시 마산회원구,음식/카페,1590,178806,88.92
경상남도,창원시 마산회원구,의료/복지,59,178806,3.3
경상남도,창원시 성산구,관광/여가,173,244262,7.08
경상남도,창원시 성산구,교육,212,244262,8.68
경상남도,창원시 성산구,기타,578,244262,23.66
경상남도,창원시 성산구,부동산,236,244262,9.66
경상남도,창원시 성산구,생활서비스,169,244262,6.92
경상남도,창원시 성산구,소매,1153,244262,47.2
경상남도,창원시 성산구,수리/개인서비스,779,244262,31.89
경상남도,창원시 성산구,숙박,99,244262,4.05
경상남도,창원시 성산구,음식/카페,1551,244262,63.5
경상남도,창원시 성산구,의료/복지,50,244262,2.05
경상남도,창원시 의창구,관광/여가,195,209732,9.3
경상남도,창원시 의창구,교육,196,209732,9.35
경상남도,창원시 의창구,기타,478,209732,22.79
경상남도,창원시 의창구,부동산,254,209732,12.11
경상남도,창원시 의창구,생활서비스,211,209732,10.06
경상남도,창원시 의창구,소매,1231,209732,58.69
경상남도,창원시 의창구,수리/개인서비스,892,209732,42.53
경상남도,창원시 의창구,숙박,68,209732,3.24
경상남도,창원시 의창구,음식/카페,1448,209732,69.04
경상남도,창원시 의창구,의료/복지,27,209732,1.29
경상남도,창원시 진해구,관광/여가,210,188528,11.14
경상남도,창원시 진해구,교육,178,188528,9.44
경상남도,창원시 진해구,기타,197,188528,10.45
경상남도,창원시 진해구,부동산,195,188528,10.34
경상남도,창원시 진해구,생활서비스,151,188528,8.01
경상남도,창원시 진해구,소매,1221,188528,64.76
경상남도,창원시 진해구,수리/개인서비스,833,188528,44.18
경상남도,창원시 진해구,숙박,80,188528,4.24
경상남도,창원시 진해구,음식/카페,1893,188528,100.41
경상남도,창원시 진해구,의료/복지,42,188528,2.23
경상남도,통영시,관광/여가,176,118250,14.88
경상남도,통영시,교육,121,118250,10.23
경상남도,통영시,기타,212,118250,17.93
경상남도,통영시,부동산,97,118250,8.2
경상남도,통영시,생활서비스,138,118250,11.67
경상남도,통영시,소매,1228,118250,103.85
경상남도,통영시,수리/개인서비스,615,118250,52.01
경상남도,통영시,숙박,626,118250,52.94
경상남도,통영시,음식/카페,1753,118250,148.25
경상남도,통영시,의료/복지,34,118250,2.88
경상남도,하동군,관광/여가,75,40679,18.44
경상남도,하동군,교육,69,40679,16.96
경상남도,하동군,기타,115,40679,28.27
경상남도,하동군,부동산,56,40679,13.77
경상남도,하동군,생활서비스,73,40679,17.95
경상남도,하동군,소매,873,40679,214.61
경상남도,하동군,수리/개인서비스,230,40679,56.54
경상남도,하동군,숙박,294,40679,72.27
경상남도,하동군,음식/카페,1017,40679,250.01
경상남도,하동군,의료/복지,15,40679,3.69
경상남도,함안군,관광/여가,102,58849,17.33
경상남도,함안군,교육,72,58849,12.23
경상남도,함안군,기타,163,58849,27.7
경상남도,함안군,부동산,111,58849,18.86
경상남도,함안군,생활서비스,101,58849,17.16
경상남도,함안군,소매,785,58849,133.39
경상남도,함안군,수리/개인서비스,344,58849,58.45
경상남도,함안군,숙박,59,58849,10.03
경상남도,함안군,음식/카페,1153,58849,195.93
경상남도,함안군,의료/복지,15,58849,2.55
경상남도,함양군,관광/여가,54,36002,15.0
경상남도,함양군,교육,77,36002,21.39
경상남도,함양군,기타,105,36002,29.17
경상남도,함양군,부동산,33,36002,9.17
경상남도,함양군,생활서비스,66,36002,18.33
경상남도,함양군,소매,617,36002,171.38
경상남도,함양군,수리/개인서비스,192,36002,53.33
경상남도,함양군,숙박,160,36002,44.44
경상남도,함양군,음식/카페,780,36002,216.65
경상남도,함양군,의료/복지,12,36002,3.33
경상남도,합천군,관광/여가,48,40133,11.96
경상남도,합천군,교육,31,40133,7.72
경상남도,합천군,기타,90,40133,22.43
경상남도,합천군,부동산,43,40133,10.71
경상남도,합천군,생활서비스,63,40133,15.7
경상남도,합천군,소매,566,40133,141.03
경상남도,합천군,수리/개인서비스,175,40133,43.61
경상남도,합천군,숙박,144,40133,35.88
경상남도,합천군,음식/카페,748,40133,186.38
경상남도,합천군,의료/복지,15,40133,3.74
경상북도,경산시,관광/여가,198,266013,7.44
경상북도,경산시,교육,197,266013,7.41
경상북도,경산시,기타,382,266013,14.36
경상북도,경산시,부동산,255,266013,9.59
경상북도,경산시,생활서비스,163,266013,6.13
경상북도,경산시,소매,1336,266013,50.22
경상북도,경산시,수리/개인서비스,849,266013,31.92
경상북도,경산시,숙박,56,266013,2.11
경상북도,경산시,음식/카페,1522,266013,57.22
경상북도,경산시,의료/복지,42,266013,1.58
경상북도,경주시,관광/여가,156,244589,6.38
경상북도,경주시,교육,146,244589,5.97
경상북도,경주시,기타,273,244589,11.16
경상북도,경주시,부동산,108,244589,4.42
경상북도,경주시,생활서비스,194,244589,7.93
경상북도,경주시,소매,1265,244589,51.72
경상북도,경주시,수리/개인서비스,596,244589,24.37
경상북도,경주시,숙박,462,244589,18.89
경상북도,경주시,음식/카페,1782,244589,72.86
경상북도,경주시,의료/복지,18,244589,0.74
경상북도,고령군,관광/여가,50,30041,16.64
경상북도,고령군,교육,31,30041,10.32
경상북도,고령군,기타,85,30041,28.29
경상북도,고령군,부동산,40,30041,13.32
경상북도,고령군,생활서비스,58,30041,19.31
경상북도,고령군,소매,466,30041,155.12
경상북도,고령군,수리/개인서비스,140,30041,46.6
경상북도,고령군,숙박,28,30041,9.32
경상북도,고령군,음식/카페,578,30041,192.4
경상북도,고령군,의료/복지,8,30041,2.66
경상북도,구미시,관광/여가,285,404395,7.05
경상북도,구미시,교육,265,404395,6.55
경상북도,구미시,기타,308,404395,7.62
경상북도,구미시,부동산,222,404395,5.49
경상북도,구미시,생활서비스,173,404395,4.28
경상북도,구미시,소매,1240,404395,30.66
경상북도,구미시,수리/개인서비스,802,404395,19.83
경상북도,구미시,숙박,86,404395,2.13
경상북도,구미시,음식/카페,1589,404395,39.29
경상북도,구미시,의료/복지,30,404395,0.74
경상북도,김천시,관광/여가,196,135610,14.45
경상북도,김천시,교육,177,135610,13.05
경상북도,김천시,기타,298,135610,21.97
경상북도,김천시,부동산,158,135610,11.65
경상북도,김천시,생활서비스,172,135610,12.68
경상북도,김천시,소매,1362,135610,100.44
경상북도,김천시,수리/개인서비스,764,135610,56.34
경상북도,김천시,숙박,126,135610,9.29
경상북도,김천시,음식/카페,1712,135610,126.24
경상북도,김천시,의료/복지,35,135610,2.58
경상북도,문경시,관광/여가,115,67025,17.16
경상북도,문경시,교육,147,67025,21.93
경상북도,문경시,기타,216,67025,32.23
경상북도,문경시,부동산,87,67025,12.98
경상북도,문경시,생활서비스,137,67025,20.44
경상북도,문경시,소매,1212,67025,180.83
경상북도,문경시,수리/개인서비스,493,67025,73.55
경상북도,문경시,숙박,266,67025,39.69
경상북도,문경시,음식/카페,1570,67025,234.24
경상북도,문경시,의료/복지,27,67025,4.03
경상북도,봉화군,관광/여가,55,28719,19.15
경상북도,봉화군,교육,24,28719,8.36
경상북도,봉화군,기타,75,28719,26.12
경상북도,봉화군,부동산,25,28719,8.71
경상북도,봉화군,생활서비스,31,28719,10.79
경상북도,봉화군,소매,400,28719,139.28
경상북도,봉화군,수리/개인서비스,140,28719,48.75
경상북도,봉화군,숙박,129,28719,44.92
경상북도,봉화군,음식/카페,576,28719,200.56
경상북도,봉화군,의료/복지,4,28719,1.39
경상북도,상주시,관광/여가,126,91784,13.73
경상북도,상주시,교육,156,91784,17.0
경상북도,상주시,기타,271,91784,29.53
경상북도,상주시,부동산,88,91784,9.59
경상북도,상주시,생활서비스,149,91784,16.23
경상북도,상주시,소매,1457,91784,158.74
경상북도,상주시,수리/개인서비스,622,91784,67.77
경상북도,상주시,숙박,101,91784,11.0
경상북도,상주시,음식/카페,1712,91784,186.52
경상북도,상주시,의료/복지,28,91784,3.05
경상북도,성주군,관광/여가,52,41396,12.56
경상북도,성주군,교육,41,41396,9.9
경상북도,성주군,기타,135,41396,32.61
경상북도,성주군,부동산,60,41396,14.49
경상북도,성주군,생활서비스,76,41396,18.36
경상북도,성주군,소매,594,41396,143.49
경상북도,성주군,수리/개인서비스,201,41396,48.56
경상북도,성주군,숙박,137,41396,33.09
경상북도,성주군,음식/카페,879,41396,212.34
경상북도,성주군,의료/복지,14,41396,3.38
경상북도,안동시,관광/여가,156,152902,10.2
경상북도,안동시,교육,154,152902,10.07
경상북도,안동시,기타,361,152902,23.61
경상북도,안동시,부동산,93,152902,6.08
경상북도,안동시,생활서비스,204,152902,13.34
경상북도,안동시,소매,1486,152902,97.19
경상북도,안동시,수리/개인서비스,758,152902,49.57
경상북도,안동시,숙박,190,152902,12.43
경상북도,안동시,음식/카페,1560,152902,102.03
경상북도,안동시,의료/복지,38,152902,2.49
경상북도,영덕군,관광/여가,76,33123,22.94
경상북도,영덕군,교육,46,33123,13.89
경상북도,영덕군,기타,107,33123,32.3
경상북도,영덕군,부동산,35,33123,10.57
경상북도,영덕군,생활서비스,59,33123,17.81
경상북도,영덕군,소매,757,33123,228.54
경상북도,영덕군,수리/개인서비스,289,33123,87.25
경상북도,영덕군,숙박,322,33123,97.21
경상북도,영덕군,음식/카페,1054,33123,318.21
경상북도,영덕군,의료/복지,12,33123,3.62
경상북도,영양군,관광/여가,22,15309,14.37
경상북도,영양군,교육,20,15309,13.06
경상북도,영양군,기타,39,15309,25.48
경상북도,영양군,부동산,2,15309,1.31
경상북도,영양군,생활서비스,26,15309,16.98
경상북도,영양군,소매,219,15309,143.05
경상북도,영양군,수리/개인서비스,74,15309,48.34
경상북도,영양군,숙박,38,15309,24.82
경상북도,영양군,음식/카페,279,15309,182.25
경상북도,영양군,의료/복지,3,15309,1.96
경상북도,영주시,관광/여가,154,98782,15.59
경상북도,영주시,교육,148,98782,14.98
경상북도,영주시,기타,239,98782,24.19
경상북도,영주시,부동산,107,98782,10.83
경상북도,영주시,생활서비스,137,98782,13.87
경상북도,영주시,소매,1661,98782,168.15
경상북도,영주시,수리/개인서비스,803,98782,81.29
경상북도,영주시,숙박,172,98782,17.41
경상북도,영주시,음식/카페,1552,98782,157.11
경상북도,영주시,의료/복지,27,98782,2.73
경상북도,영천시,관광/여가,163,97872,16.65
경상북도,영천시,교육,157,97872,16.04
경상북도,영천시,기타,266,97872,27.18
경상북도,영천시,부동산,136,97872,13.9
경상북도,영천시,생활서비스,188,97872,19.21
경상북도,영천시,소매,1390,97872,142.02
경상북도,영천시,수리/개인서비스,632,97872,64.57
경상북도,영천시,숙박,117,97872,11.95
경상북도,영천시,음식/카페,1751,97872,178.91
경상북도,영천시,의료/복지,24,97872,2.45
경상북도,예천군,관광/여가,88,54480,16.15
경상북도,예천군,교육,102,54480,18.72
경상북도,예천군,기타,116,54480,21.29
경상북도,예천군,부동산,55,54480,10.1
경상북도,예천군,생활서비스,82,54480,15.05
경상북도,예천군,소매,602,54480,110.5
경상북도,예천군,수리/개인서비스,273,54480,50.11
경상북도,예천군,숙박,79,54480,14.5
경상북도,예천군,음식/카페,902,54480,165.57
경상북도,예천군,의료/복지,16,54480,2.94
경상북도,울릉군,관광/여가,13,9063,14.34
경상북도,울릉군,교육,7,9063,7.72
경상북도,울릉군,기타,26,9063,28.69
경상북도,울릉군,부동산,5,9063,5.52
경상북도,울릉군,생활서비스,60,9063,66.2
경상북도,울릉군,소매,215,9063,237.23
경상북도,울릉군,수리/개인서비스,48,9063,52.96
경상북도,울릉군,숙박,219,9063,241.64
경상북도,울릉군,음식/카페,311,9063,343.15
경상북도,울릉군,의료/복지,1,9063,1.1
경상북도,울진군,관광/여가,127,46106,27.55
경상북도,울진군,교육,90,46106,19.52
경상북도,울진군,기타,99,46106,21.47
경상북도,울진군,부동산,31,46106,6.72
경상북도,울진군,생활서비스,115,46106,24.94
경상북도,울진군,소매,862,46106,186.96
경상북도,울진군,수리/개인서비스,321,46106,69.62
경상북도,울진군,숙박,267,46106,57.91
경상북도,울진군,음식/카페,1253,46106,271.77
경상북도,울진군,의료/복지,16,46106,3.47
경상북도,의성군,관광/여가,56,48620,11.52
경상북도,의성군,교육,62,48620,12.75
경상북도,의성군,기타,134,48620,27.56
경상북도,의성군,부동산,33,48620,6.79
경상북도,의성군,생활서비스,97,48620,19.95
경상북도,의성군,소매,765,48620,157.34
경상북도,의성군,수리/개인서비스,285,48620,58.62
경상북도,의성군,숙박,40,48620,8.23
경상북도,의성군,음식/카페,806,48620,165.78
경상북도,의성군,의료/복지,20,48620,4.11
경상북도,청도군,관광/여가,56,40544,13.81
경상북도,청도군,교육,67,40544,16.53
경상북도,청도군,기타,123,40544,30.34
경상북도,청도군,부동산,91,40544,22.44
경상북도,청도군,생활서비스,76,40544,18.75
경상북도,청도군,소매,600,40544,147.99
경상북도,청도군,수리/개인서비스,198,40544,48.84
경상북도,청도군,숙박,319,40544,78.68
경상북도,청도군,음식/카페,960,40544,236.78
경상북도,청도군,의료/복지,18,40544,4.44
경상북도,청송군,관광/여가,45,23687,19.0
경상북도,청송군,교육,18,23687,7.6
경상북도,청송군,기타,47,23687,19.84
경상북도,청송군,부동산,26,23687,10.98
경상북도,청송군,생활서비스,38,23687,16.04
경상북도,청송군,소매,436,23687,184.07
경상북도,청송군,수리/개인서비스,132,23687,55.73
경상북도,청송군,숙박,79,23687,33.35
경상북도,청송군,음식/카페,654,23687,276.1
경상북도,청송군,의료/복지,7,23687,2.96
경상북도,칠곡군,관광/여가,223,107142,20.81
경상북도,칠곡군,교육,173,107142,16.15
경상북도,칠곡군,기타,261,107142,24.36
경상북도,칠곡군,부동산,196,107142,18.29
경상북도,칠곡군,생활서비스,199,107142,18.57
경상북도,칠곡군,소매,1352,107142,126.19
경상북도,칠곡군,수리/개인서비스,681,107142,63.56
경상북도,칠곡군,숙박,115,107142,10.73
경상북도,칠곡군,음식/카페,1774,107142,165.57
경상북도,칠곡군,의료/복지,26,107142,2.43
경상북도,포항시 남구,관광/여가,229,219629,10.43
경상북도,포항시 남구,교육,142,219629,6.47
경상북도,포항시 남구,기타,305,219629,13.89
경상북도,포항시 남구,부동산,141,219629,6.42
경상북도,포항시 남구,생활서비스,149,219629,6.78
경상북도,포항시 남구,소매,1276,219629,58.1
경상북도,포항시 남구,수리/개인서비스,858,219629,39.07
경상북도,포항시 남구,숙박,150,219629,6.83
경상북도,포항시 남구,음식/카페,1725,219629,78.54
경상북도,포항시 남구,의료/복지,25,219629,1.14
경상북도,포항시 북구,관광/여가,188,271810,6.92
경상북도,포항시 북구,교육,180,271810,6.62
경상북도,포항시 북구,기타,294,271810,10.82
경상북도,포항시 북구,부동산,228,271810,8.39
경상북도,포항시 북구,생활서비스,123,271810,4.53
경상북도,포항시 북구,소매,1502,271810,55.26
경상북도,포항시 북구,수리/개인서비스,778,271810,28.62
경상북도,포항시 북구,숙박,150,271810,5.52
경상북도,포항시 북구,음식/카페,1529,271810,56.25
경상북도,포항시 북구,의료/복지,28,271810,1.03
광주광역시,광산구,관광/여가,221,391166,5.65
광주광역시,광산구,교육,195,391166,4.99
광주광역시,광산구,기타,362,391166,9.25
광주광역시,광산구,부동산,324,391166,8.28
광주광역시,광산구,생활서비스,185,391166,4.73
광주광역시,광산구,소매,1357,391166,34.69
광주광역시,광산구,수리/개인서비스,950,391166,24.29
광주광역시,광산구,숙박,38,391166,0.97
광주광역시,광산구,음식/카페,1320,391166,33.75
광주광역시,광산구,의료/복지,48,391166,1.23
광주광역시,남구,관광/여가,221,208004,10.62
광주광역시,남구,교육,285,208004,13.7
광주광역시,남구,기타,396,208004,19.04
광주광역시,남구,부동산,306,208004,14.71
광주광역시,남구,생활서비스,192,208004,9.23
광주광역시,남구,소매,1382,208004,66.44
광주광역시,남구,수리/개인서비스,882,208004,42.4
광주광역시,남구,숙박,24,208004,1.15
광주광역시,남구,음식/카페,1226,208004,58.94
광주광역시,남구,의료/복지,86,208004,4.13
광주광역시,동구,관광/여가,135,105910,12.75
광주광역시,동구,교육,162,105910,15.3
광주광역시,동구,기타,749,105910,70.72
광주광역시,동구,부동산,221,105910,20.87
광주광역시,동구,생활서비스,200,105910,18.88
광주광역시,동구,소매,1701,105910,160.61
광주광역시,동구,수리/개인서비스,517,105910,48.82
광주광역시,동구,숙박,118,105910,11.14
광주광역시,동구,음식/카페,1128,105910,106.51
광주광역시,동구,의료/복지,69,105910,6.51
광주광역시,북구,관광/여가,226,423403,5.34
광주광역시,북구,교육,229,423403,5.41
광주광역시,북구,기타,647,423403,15.28
광주광역시,북구,부동산,252,423403,5.95
광주광역시,북구,생활서비스,178,423403,4.2
광주광역시,북구,소매,1311,423403,30.96
광주광역시,북구,수리/개인서비스,910,423403,21.49
광주광역시,북구,숙박,66,423403,1.56
광주광역시,북구,음식/카페,1130,423403,26.69
광주광역시,북구,의료/복지,51,423403,1.2
광주광역시,서구,관광/여가,190,278614,6.82
광주광역시,서구,교육,179,278614,6.42
광주광역시,서구,기타,625,278614,22.43
광주광역시,서구,부동산,309,278614,11.09
광주광역시,서구,생활서비스,239,278614,8.58
광주광역시,서구,소매,1505,278614,54.02
광주광역시,서구,수리/개인서비스,810,278614,29.07
광주광역시,서구,숙박,55,278614,1.97
광주광역시,서구,음식/카페,1015,278614,36.43
광주광역시,서구,의료/복지,73,278614,2.62
대구광역시,군위군,관광/여가,36,22414,16.06
대구광역시,군위군,교육,25,22414,11.15
대구광역시,군위군,기타,79,22414,35.25
대구광역시,군위군,부동산,49,22414,21.86
대구광역시,군위군,생활서비스,31,22414,13.83
대구광역시,군위군,소매,322,22414,143.66
대구광역시,군위군,수리/개인서비스,100,22414,44.61
대구광역시,군위군,숙박,64,22414,28.55
대구광역시,군위군,음식/카페,422,22414,188.28
대구광역시,군위군,의료/복지,3,22414,1.34
대구광역시,남구,관광/여가,141,136642,10.32
대구광역시,남구,교육,147,136642,10.76
대구광역시,남구,기타,657,136642,48.08
대구광역시,남구,부동산,187,136642,13.69
대구광역시,남구,생활서비스,218,136642,15.95
대구광역시,남구,소매,1363,136642,99.75
대구광역시,남구,수리/개인서비스,809,136642,59.21
대구광역시,남구,숙박,33,136642,2.42
대구광역시,남구,음식/카페,1400,136642,102.46
대구광역시,남구,의료/복지,45,136642,3.29
대구광역시,달서구,관광/여가,293,521673,5.62
대구광역시,달서구,교육,309,521673,5.92
대구광역시,달서구,기타,405,521673,7.76
대구광역시,달서구,부동산,213,521673,4.08
대구광역시,달서구,생활서비스,195,521673,3.74
대구광역시,달서구,소매,1118,521673,21.43
대구광역시,달서구,수리/개인서비스,758,521673,14.53
대구광역시,달서구,숙박,45,521673,0.86
대구광역시,달서구,음식/카페,1594,521673,30.56
대구광역시,달서구,의료/복지,70,521673,1.34
대구광역시,달성군,관광/여가,256,257469,9.94
대구광역시,달성군,교육,206,257469,8.0
대구광역시,달성군,기타,229,257469,8.89
대구광역시,달성군,부동산,296,257469,11.5
대구광역시,달성군,생활서비스,166,257469,6.45
대구광역시,달성군,소매,1264,257469,49.09
대구광역시,달성군,수리/개인서비스,803,257469,31.19
대구광역시,달성군,숙박,43,257469,1.67
대구광역시,달성군,음식/카페,1685,257469,65.44
대구광역시,달성군,의료/복지,52,257469,2.02
대구광역시,동구,관광/여가,217,342133,6.34
대구광역시,동구,교육,197,342133,5.76
대구광역시,동구,기타,461,342133,13.47
대구광역시,동구,부동산,206,342133,6.02
대구광역시,동구,생활서비스,163,342133,4.76
대구광역시,동구,소매,1312,342133,38.35
대구광역시,동구,수리/개인서비스,823,342133,24.05
대구광역시,동구,숙박,80,342133,2.34
대구광역시,동구,음식/카페,1511,342133,44.16
대구광역시,동구,의료/복지,30,342133,0.88
대구광역시,북구,관광/여가,256,412347,6.21
대구광역시,북구,교육,241,412347,5.84
대구광역시,북구,기타,376,412347,9.12
대구광역시,북구,부동산,175,412347,4.24
대구광역시,북구,생활서비스,143,412347,3.47
대구광역시,북구,소매,1411,412347,34.22
대구광역시,북구,수리/개인서비스,821,412347,19.91
대구광역시,북구,숙박,46,412347,1.12
대구광역시,북구,음식/카페,1488,412347,36.09
대구광역시,북구,의료/복지,43,412347,1.04
대구광역시,서구,관광/여가,187,162815,11.49
대구광역시,서구,교육,89,162815,5.47
대구광역시,서구,기타,355,162815,21.8
대구광역시,서구,부동산,159,162815,9.77
대구광역시,서구,생활서비스,222,162815,13.64
대구광역시,서구,소매,1420,162815,87.22
대구광역시,서구,수리/개인서비스,947,162815,58.16
대구광역시,서구,숙박,80,162815,4.91
대구광역시,서구,음식/카페,1498,162815,92.01
대구광역시,서구,의료/복지,43,162815,2.64
대구광역시,수성구,관광/여가,229,409676,5.59
대구광역시,수성구,교육,472,409676,11.52
대구광역시,수성구,기타,644,409676,15.72
대구광역시,수성구,부동산,291,409676,7.1
대구광역시,수성구,생활서비스,149,409676,3.64
대구광역시,수성구,소매,989,409676,24.14
대구광역시,수성구,수리/개인서비스,740,409676,18.06
대구광역시,수성구,숙박,24,409676,0.59
대구광역시,수성구,음식/카페,1386,409676,33.83
대구광역시,수성구,의료/복지,76,409676,1.86
대구광역시,중구,관광/여가,95,98112,9.68
대구광역시,중구,교육,156,98112,15.9
대구광역시,중구,기타,548,98112,55.85
대구광역시,중구,부동산,120,98112,12.23
대구광역시,중구,생활서비스,164,98112,16.72
대구광역시,중구,소매,2345,98112,239.01
대구광역시,중구,수리/개인서비스,446,98112,45.46
대구광역시,중구,숙박,52,98112,5.3
대구광역시,중구,음식/카페,1003,98112,102.23
대구광역시,중구,의료/복지,71,98112,7.24
대전광역시,대덕구,관광/여가,241,167785,14.36
대전광역시,대덕구,교육,138,167785,8.22
대전광역시,대덕구,기타,394,167785,23.48
대전광역시,대덕구,부동산,168,167785,10.01
대전광역시,대덕구,생활서비스,221,167785,13.17
대전광역시,대덕구,소매,1429,167785,85.17
대전광역시,대덕구,수리/개인서비스,941,167785,56.08
대전광역시,대덕구,숙박,57,167785,3.4
대전광역시,대덕구,음식/카페,1377,167785,82.07
대전광역시,대덕구,의료/복지,34,167785,2.03
대전광역시,동구,관광/여가,160,219439,7.29
대전광역시,동구,교육,90,219439,4.1
대전광역시,동구,기타,452,219439,20.6
대전광역시,동구,부동산,194,219439,8.84
대전광역시,동구,생활서비스,185,219439,8.43
대전광역시,동구,소매,1690,219439,77.01
대전광역시,동구,수리/개인서비스,792,219439,36.09
대전광역시,동구,숙박,90,219439,4.1
대전광역시,동구,음식/카페,1302,219439,59.33
대전광역시,동구,의료/복지,45,219439,2.05
대전광역시,서구,관광/여가,209,457758,4.57
대전광역시,서구,교육,198,457758,4.33
대전광역시,서구,기타,662,457758,14.46
대전광역시,서구,부동산,258,457758,5.64
대전광역시,서구,생활서비스,227,457758,4.96
대전광역시,서구,소매,1369,457758,29.91
대전광역시,서구,수리/개인서비스,851,457758,18.59
대전광역시,서구,숙박,36,457758,0.79
대전광역시,서구,음식/카페,1129,457758,24.66
대전광역시,서구,의료/복지,61,457758,1.33
대전광역시,유성구,관광/여가,174,369111,4.71
대전광역시,유성구,교육,192,369111,5.2
대전광역시,유성구,기타,456,369111,12.35
대전광역시,유성구,부동산,310,369111,8.4
대전광역시,유성구,생활서비스,171,369111,4.63
대전광역시,유성구,소매,1443,369111,39.09
대전광역시,유성구,수리/개인서비스,813,369111,22.03
대전광역시,유성구,숙박,49,369111,1.33
대전광역시,유성구,음식/카페,1352,369111,36.63
대전광역시,유성구,의료/복지,40,369111,1.08
대전광역시,중구,관광/여가,147,224881,6.54
대전광역시,중구,교육,120,224881,5.34
대전광역시,중구,기타,380,224881,16.9
대전광역시,중구,부동산,166,224881,7.38
대전광역시,중구,생활서비스,237,224881,10.54
대전광역시,중구,소매,1613,224881,71.73
대전광역시,중구,수리/개인서비스,936,224881,41.62
대전광역시,중구,숙박,87,224881,3.87
대전광역시,중구,음식/카페,1264,224881,56.21
대전광역시,중구,의료/복지,50,224881,2.22
부산광역시,강서구,관광/여가,178,142869,12.46
부산광역시,강서구,교육,281,142869,19.67
부산광역시,강서구,기타,490,142869,34.3
부산광역시,강서구,부동산,438,142869,30.66
부산광역시,강서구,생활서비스,277,142869,19.39
부산광역시,강서구,소매,1095,142869,76.64
부산광역시,강서구,수리/개인서비스,566,142869,39.62
부산광역시,강서구,숙박,58,142869,4.06
부산광역시,강서구,음식/카페,1577,142869,110.38
부산광역시,강서구,의료/복지,40,142869,2.8
부산광역시,금정구,관광/여가,225,209326,10.75
부산광역시,금정구,교육,159,209326,7.6
부산광역시,금정구,기타,446,209326,21.31
부산광역시,금정구,부동산,219,209326,10.46
부산광역시,금정구,생활서비스,155,209326,7.4
부산광역시,금정구,소매,1274,209326,60.86
부산광역시,금정구,수리/개인서비스,848,209326,40.51
부산광역시,금정구,숙박,40,209326,1.91
부산광역시,금정구,음식/카페,1587,209326,75.81
부산광역시,금정구,의료/복지,47,209326,2.25
부산광역시,기장군,관광/여가,184,175527,10.48
부산광역시,기장군,교육,234,175527,13.33
부산광역시,기장군,기타,277,175527,15.78
부산광역시,기장군,부동산,267,175527,15.21
부산광역시,기장군,생활서비스,182,175527,10.37
부산광역시,기장군,소매,1412,175527,80.44
부산광역시,기장군,수리/개인서비스,623,175527,35.49
부산광역시,기장군,숙박,116,175527,6.61
부산광역시,기장군,음식/카페,1650,175527,94.0
부산광역시,기장군,의료/복지,55,175527,3.13
부산광역시,남구,관광/여가,190,253970,7.48
부산광역시,남구,교육,200,253970,7.87
부산광역시,남구,기타,453,253970,17.84
부산광역시,남구,부동산,226,253970,8.9
부산광역시,남구,생활서비스,264,253970,10.39
부산광역시,남구,소매,1196,253970,47.09
부산광역시,남구,수리/개인서비스,843,253970,33.19
부산광역시,남구,숙박,42,253970,1.65
부산광역시,남구,음식/카페,1504,253970,59.22
부산광역시,남구,의료/복지,82,253970,3.23
부산광역시,동구,관광/여가,98,85857,11.41
부산광역시,동구,교육,103,85857,12.0
부산광역시,동구,기타,451,85857,52.53
부산광역시,동구,부동산,119,85857,13.86
부산광역시,동구,생활서비스,351,85857,40.88
부산광역시,동구,소매,2011,85857,234.23
부산광역시,동구,수리/개인서비스,508,85857,59.17
부산광역시,동구,숙박,122,85857,14.21
부산광역시,동구,음식/카페,1200,85857,139.77
부산광역시,동구,의료/복지,37,85857,4.31
부산광역시,동래구,관광/여가,202,274843,7.35
부산광역시,동래구,교육,250,274843,9.1
부산광역시,동래구,기타,364,274843,13.24
부산광역시,동래구,부동산,263,274843,9.57
부산광역시,동래구,생활서비스,137,274843,4.98
부산광역시,동래구,소매,1208,274843,43.95
부산광역시,동래구,수리/개인서비스,852,274843,31.0
부산광역시,동래구,숙박,69,274843,2.51
부산광역시,동래구,음식/카페,1561,274843,56.8
부산광역시,동래구,의료/복지,94,274843,3.42
부산광역시,부산진구,관광/여가,177,359150,4.93
부산광역시,부산진구,교육,236,359150,6.57
부산광역시,부산진구,기타,392,359150,10.91
부산광역시,부산진구,부동산,215,359150,5.99
부산광역시,부산진구,생활서비스,208,359150,5.79
부산광역시,부산진구,소매,1287,359150,35.83
부산광역시,부산진구,수리/개인서비스,693,359150,19.3
부산광역시,부산진구,숙박,64,359150,1.78
부산광역시,부산진구,음식/카페,1603,359150,44.63
부산광역시,부산진구,의료/복지,125,359150,3.48
부산광역시,북구,관광/여가,249,267287,9.32
부산광역시,북구,교육,231,267287,8.64
부산광역시,북구,기타,266,267287,9.95
부산광역시,북구,부동산,227,267287,8.49
부산광역시,북구,생활서비스,143,267287,5.35
부산광역시,북구,소매,1299,267287,48.6
부산광역시,북구,수리/개인서비스,863,267287,32.29
부산광역시,북구,숙박,68,267287,2.54
부산광역시,북구,음식/카페,1560,267287,58.36
부산광역시,북구,의료/복지,94,267287,3.52
부산광역시,사상구,관광/여가,192,198258,9.68
부산광역시,사상구,교육,94,198258,4.74
부산광역시,사상구,기타,423,198258,21.34
부산광역시,사상구,부동산,167,198258,8.42
부산광역시,사상구,생활서비스,113,198258,5.7
부산광역시,사상구,소매,1415,198258,71.37
부산광역시,사상구,수리/개인서비스,920,198258,46.4
부산광역시,사상구,숙박,94,198258,4.74
부산광역시,사상구,음식/카페,1548,198258,78.08
부산광역시,사상구,의료/복지,34,198258,1.71
부산광역시,사하구,관광/여가,229,292117,7.84
부산광역시,사하구,교육,147,292117,5.03
부산광역시,사하구,기타,284,292117,9.72
부산광역시,사하구,부동산,217,292117,7.43
부산광역시,사하구,생활서비스,99,292117,3.39
부산광역시,사하구,소매,1162,292117,39.78
부산광역시,사하구,수리/개인서비스,998,292117,34.16
부산광역시,사하구,숙박,47,292117,1.61
부산광역시,사하구,음식/카페,1748,292117,59.84
부산광역시,사하구,의료/복지,69,292117,2.36
부산광역시,서구,관광/여가,129,103065,12.52
부산광역시,서구,교육,173,103065,16.79
부산광역시,서구,기타,197,103065,19.11
부산광역시,서구,부동산,116,103065,11.26
부산광역시,서구,생활서비스,127,103065,12.32
부산광역시,서구,소매,985,103065,95.57
부산광역시,서구,수리/개인서비스,521,103065,50.55
부산광역시,서구,숙박,118,103065,11.45
부산광역시,서구,음식/카페,1499,103065,145.44
부산광역시,서구,의료/복지,50,103065,4.85
부산광역시,수영구,관광/여가,140,171871,8.15
부산광역시,수영구,교육,208,171871,12.1
부산광역시,수영구,기타,480,171871,27.93
부산광역시,수영구,부동산,266,171871,15.48
부산광역시,수영구,생활서비스,202,171871,11.75
부산광역시,수영구,소매,1141,171871,66.39
부산광역시,수영구,수리/개인서비스,822,171871,47.83
부산광역시,수영구,숙박,99,171871,5.76
부산광역시,수영구,음식/카페,1565,171871,91.06
부산광역시,수영구,의료/복지,77,171871,4.48
부산광역시,연제구,관광/여가,178,212566,8.37
부산광역시,연제구,교육,165,212566,7.76
부산광역시,연제구,기타,985,212566,46.34
부산광역시,연제구,부동산,283,212566,13.31
부산광역시,연제구,생활서비스,200,212566,9.41
부산광역시,연제구,소매,963,212566,45.3
부산광역시,연제구,수리/개인서비스,794,212566,37.35
부산광역시,연제구,숙박,45,212566,2.12
부산광역시,연제구,음식/카페,1290,212566,60.69
부산광역시,연제구,의료/복지,97,212566,4.56
부산광역시,영도구,관광/여가,122,103503,11.79
부산광역시,영도구,교육,136,103503,13.14
부산광역시,영도구,기타,200,103503,19.32
부산광역시,영도구,부동산,108,103503,10.43
부산광역시,영도구,생활서비스,191,103503,18.45
부산광역시,영도구,소매,959,103503,92.65
부산광역시,영도구,수리/개인서비스,562,103503,54.3
부산광역시,영도구,숙박,118,103503,11.4
부산광역시,영도구,음식/카페,1571,103503,151.78
부산광역시,영도구,의료/복지,41,103503,3.96
부산광역시,중구,관광/여가,76,37469,20.28
부산광역시,중구,교육,57,37469,15.21
부산광역시,중구,기타,407,37469,108.62
부산광역시,중구,부동산,86,37469,22.95
부산광역시,중구,생활서비스,233,37469,62.18
부산광역시,중구,소매,2215,37469,591.16
부산광역시,중구,수리/개인서비스,467,37469,124.64
부산광역시,중구,숙박,100,37469,26.69
부산광역시,중구,음식/카페,1318,37469,351.76
부산광역시,중구,의료/복지,41,37469,10.94
부산광역시,해운대구,관광/여가,224,376213,5.95
부산광역시,해운대구,교육,348,376213,9.25
부산광역시,해운대구,기타,663,376213,17.62
부산광역시,해운대구,부동산,292,376213,7.76
부산광역시,해운대구,생활서비스,192,376213,5.1
부산광역시,해운대구,소매,1120,376213,29.77
부산광역시,해운대구,수리/개인서비스,560,376213,14.89
부산광역시,해운대구,숙박,121,376213,3.22
부산광역시,해운대구,음식/카페,1393,376213,37.03
부산광역시,해운대구,의료/복지,87,376213,2.31
서울특별시,강남구,관광/여가,95,557115,1.71
서울특별시,강남구,교육,261,557115,4.68
서울특별시,강남구,기타,1559,557115,27.98
서울특별시,강남구,부동산,344,557115,6.17
서울특별시,강남구,생활서비스,373,557115,6.7
서울특별시,강남구,소매,863,557115,15.49
서울특별시,강남구,수리/개인서비스,469,557115,8.42
서울특별시,강남구,숙박,47,557115,0.84
서울특별시,강남구,음식/카페,845,557115,15.17
서울특별시,강남구,의료/복지,144,557115,2.58
서울특별시,강동구,관광/여가,177,484301,3.65
서울특별시,강동구,교육,150,484301,3.1
서울특별시,강동구,기타,463,484301,9.56
서울특별시,강동구,부동산,423,484301,8.73
서울특별시,강동구,생활서비스,192,484301,3.96
서울특별시,강동구,소매,1369,484301,28.27
서울특별시,강동구,수리/개인서비스,866,484301,17.88
서울특별시,강동구,숙박,55,484301,1.14
서울특별시,강동구,음식/카페,1194,484301,24.65
서울특별시,강동구,의료/복지,111,484301,2.29
서울특별시,강북구,관광/여가,241,283293,8.51
서울특별시,강북구,교육,140,283293,4.94
서울특별시,강북구,기타,456,283293,16.1
서울특별시,강북구,부동산,324,283293,11.44
서울특별시,강북구,생활서비스,182,283293,6.42
서울특별시,강북구,소매,1284,283293,45.32
서울특별시,강북구,수리/개인서비스,885,283293,31.24
서울특별시,강북구,숙박,79,283293,2.79
서울특별시,강북구,음식/카페,1329,283293,46.91
서울특별시,강북구,의료/복지,80,283293,2.82
서울특별시,강서구,관광/여가,141,555518,2.54
서울특별시,강서구,교육,129,555518,2.32
서울특별시,강서구,기타,655,555518,11.79
서울특별시,강서구,부동산,366,555518,6.59
서울특별시,강서구,생활서비스,276,555518,4.97
서울특별시,강서구,소매,1296,555518,23.33
서울특별시,강서구,수리/개인서비스,966,555518,17.39
서울특별시,강서구,숙박,64,555518,1.15
서울특별시,강서구,음식/카페,1024,555518,18.43
서울특별시,강서구,의료/복지,83,555518,1.49
서울특별시,관악구,관광/여가,266,477940,5.57
서울특별시,관악구,교육,134,477940,2.8
서울특별시,관악구,기타,478,477940,10.0
서울특별시,관악구,부동산,349,477940,7.3
서울특별시,관악구,생활서비스,168,477940,3.52
서울특별시,관악구,소매,1296,477940,27.12
서울특별시,관악구,수리/개인서비스,882,477940,18.45
서울특별시,관악구,숙박,233,477940,4.88
서울특별시,관악구,음식/카페,1119,477940,23.41
서울특별시,관악구,의료/복지,75,477940,1.57
서울특별시,광진구,관광/여가,227,331589,6.85
서울특별시,광진구,교육,133,331589,4.01
서울특별시,광진구,기타,601,331589,18.12
서울특별시,광진구,부동산,386,331589,11.64
서울특별시,광진구,생활서비스,223,331589,6.73
서울특별시,광진구,소매,1414,331589,42.64
서울특별시,광진구,수리/개인서비스,738,331589,22.26
서울특별시,광진구,숙박,70,331589,2.11
서울특별시,광진구,음식/카페,1138,331589,34.32
서울특별시,광진구,의료/복지,70,331589,2.11
서울특별시,구로구,관광/여가,168,387510,4.34
서울특별시,구로구,교육,145,387510,3.74
서울특별시,구로구,기타,819,387510,21.13
서울특별시,구로구,부동산,318,387510,8.21
서울특별시,구로구,생활서비스,255,387510,6.58
서울특별시,구로구,소매,1330,387510,34.32
서울특별시,구로구,수리/개인서비스,710,387510,18.32
서울특별시,구로구,숙박,95,387510,2.45
서울특별시,구로구,음식/카페,1109,387510,28.62
서울특별시,구로구,의료/복지,51,387510,1.32
서울특별시,금천구,관광/여가,139,224924,6.18
서울특별시,금천구,교육,122,224924,5.42
서울특별시,금천구,기타,1554,224924,69.09
서울특별시,금천구,부동산,253,224924,11.25
서울특별시,금천구,생활서비스,318,224924,14.14
서울특별시,금천구,소매,1071,224924,47.62
서울특별시,금천구,수리/개인서비스,598,224924,26.59
서울특별시,금천구,숙박,52,224924,2.31
서울특별시,금천구,음식/카페,864,224924,38.41
서울특별시,금천구,의료/복지,29,224924,1.29
서울특별시,노원구,관광/여가,229,490307,4.67
서울특별시,노원구,교육,230,490307,4.69
서울특별시,노원구,기타,430,490307,8.77
서울특별시,노원구,부동산,286,490307,5.83
서울특별시,노원구,생활서비스,169,490307,3.45
서울특별시,노원구,소매,1371,490307,27.96
서울특별시,노원구,수리/개인서비스,810,490307,16.52
서울특별시,노원구,숙박,40,490307,0.82
서울특별시,노원구,음식/카페,1316,490307,26.84
서울특별시,노원구,의료/복지,119,490307,2.43
서울특별시,도봉구,관광/여가,239,303057,7.89
서울특별시,도봉구,교육,185,303057,6.1
서울특별시,도봉구,기타,509,303057,16.8
서울특별시,도봉구,부동산,318,303057,10.49
서울특별시,도봉구,생활서비스,164,303057,5.41
서울특별시,도봉구,소매,1363,303057,44.98
서울특별시,도봉구,수리/개인서비스,865,303057,28.54
서울특별시,도봉구,숙박,25,303057,0.82
서울특별시,도봉구,음식/카페,1273,303057,42.01
서울특별시,도봉구,의료/복지,59,303057,1.95
서울특별시,동대문구,관광/여가,166,338822,4.9
서울특별시,동대문구,교육,115,338822,3.39
서울특별시,동대문구,기타,420,338822,12.4
서울특별시,동대문구,부동산,303,338822,8.94
서울특별시,동대문구,생활서비스,182,338822,5.37
서울특별시,동대문구,소매,1642,338822,48.46
서울특별시,동대문구,수리/개인서비스,808,338822,23.85
서울특별시,동대문구,숙박,104,338822,3.07
서울특별시,동대문구,음식/카페,1193,338822,35.21
서울특별시,동대문구,의료/복지,67,338822,1.98
서울특별시,동작구,관광/여가,207,375456,5.51
서울특별시,동작구,교육,236,375456,6.29
서울특별시,동작구,기타,543,375456,14.46
서울특별시,동작구,부동산,400,375456,10.65
서울특별시,동작구,생활서비스,210,375456,5.59
서울특별시,동작구,소매,1126,375456,29.99
서울특별시,동작구,수리/개인서비스,754,375456,20.08
서울특별시,동작구,숙박,144,375456,3.84
서울특별시,동작구,음식/카페,1296,375456,34.52
서울특별시,동작구,의료/복지,84,375456,2.24
서울특별시,마포구,관광/여가,125,360981,3.46
서울특별시,마포구,교육,171,360981,4.74
서울특별시,마포구,기타,1042,360981,28.87
서울특별시,마포구,부동산,335,360981,9.28
서울특별시,마포구,생활서비스,395,360981,10.94
서울특별시,마포구,소매,943,360981,26.12
서울특별시,마포구,수리/개인서비스,622,360981,17.23
서울특별시,마포구,숙박,77,360981,2.13
서울특별시,마포구,음식/카페,1204,360981,33.35
서울특별시,마포구,의료/복지,86,360981,2.38
서울특별시,서대문구,관광/여가,150,302297,4.96
서울특별시,서대문구,교육,231,302297,7.64
서울특별시,서대문구,기타,595,302297,19.68
서울특별시,서대문구,부동산,344,302297,11.38
서울특별시,서대문구,생활서비스,254,302297,8.4
서울특별시,서대문구,소매,1203,302297,39.8
서울특별시,서대문구,수리/개인서비스,688,302297,22.76
서울특별시,서대문구,숙박,96,302297,3.18
서울특별시,서대문구,음식/카페,1373,302297,45.42
서울특별시,서대문구,의료/복지,66,302297,2.18
서울특별시,서초구,관광/여가,97,408324,2.38
서울특별시,서초구,교육,251,408324,6.15
서울특별시,서초구,기타,1335,408324,32.69
서울특별시,서초구,부동산,350,408324,8.57
서울특별시,서초구,생활서비스,268,408324,6.56
서울특별시,서초구,소매,1392,408324,34.09
서울특별시,서초구,수리/개인서비스,476,408324,11.66
서울특별시,서초구,숙박,25,408324,0.61
서울특별시,서초구,음식/카페,692,408324,16.95
서울특별시,서초구,의료/복지,114,408324,2.79
서울특별시,성동구,관광/여가,134,273549,4.9
서울특별시,성동구,교육,153,273549,5.59
서울특별시,성동구,기타,1204,273549,44.01
서울특별시,성동구,부동산,296,273549,10.82
서울특별시,성동구,생활서비스,266,273549,9.72
서울특별시,성동구,소매,1071,273549,39.15
서울특별시,성동구,수리/개인서비스,718,273549,26.25
서울특별시,성동구,숙박,59,273549,2.16
서울특별시,성동구,음식/카페,1056,273549,38.6
서울특별시,성동구,의료/복지,43,273549,1.57
서울특별시,성북구,관광/여가,159,420710,3.78
서울특별시,성북구,교육,154,420710,3.66
서울특별시,성북구,기타,484,420710,11.5
서울특별시,성북구,부동산,371,420710,8.82
서울특별시,성북구,생활서비스,171,420710,4.06
서울특별시,성북구,소매,1339,420710,31.83
서울특별시,성북구,수리/개인서비스,894,420710,21.25
서울특별시,성북구,숙박,73,420710,1.74
서울특별시,성북구,음식/카페,1282,420710,30.47
서울특별시,성북구,의료/복지,73,420710,1.74
서울특별시,송파구,관광/여가,163,649071,2.51
서울특별시,송파구,교육,208,649071,3.2
서울특별시,송파구,기타,1236,649071,19.04
서울특별시,송파구,부동산,344,649071,5.3
서울특별시,송파구,생활서비스,271,649071,4.18
서울특별시,송파구,소매,1243,649071,19.15
서울특별시,송파구,수리/개인서비스,581,649071,8.95
서울특별시,송파구,숙박,36,649071,0.55
서울특별시,송파구,음식/카페,856,649071,13.19
서울특별시,송파구,의료/복지,62,649071,0.96
서울특별시,양천구,관광/여가,203,430618,4.71
서울특별시,양천구,교육,282,430618,6.55
서울특별시,양천구,기타,589,430618,13.68
서울특별시,양천구,부동산,383,430618,8.89
서울특별시,양천구,생활서비스,168,430618,3.9
서울특별시,양천구,소매,1305,430618,30.31
서울특별시,양천구,수리/개인서비스,895,430618,20.78
서울특별시,양천구,숙박,16,430618,0.37
서울특별시,양천구,음식/카페,1054,430618,24.48
서울특별시,양천구,의료/복지,105,430618,2.44
서울특별시,영등포구,관광/여가,146,373307,3.91
서울특별시,영등포구,교육,111,373307,2.97
서울특별시,영등포구,기타,1029,373307,27.56
서울특별시,영등포구,부동산,270,373307,7.23
서울특별시,영등포구,생활서비스,325,373307,8.71
서울특별시,영등포구,소매,1201,373307,32.17
서울특별시,영등포구,수리/개인서비스,568,373307,15.22
서울특별시,영등포구,숙박,106,373307,2.84
서울특별시,영등포구,음식/카페,1148,373307,30.75
서울특별시,영등포구,의료/복지,96,373307,2.57
서울특별시,용산구,관광/여가,98,203727,4.81
서울특별시,용산구,교육,131,203727,6.43
서울특별시,용산구,기타,705,203727,34.61
서울특별시,용산구,부동산,368,203727,18.06
서울특별시,용산구,생활서비스,229,203727,11.24
서울특별시,용산구,소매,1652,203727,81.09
서울특별시,용산구,수리/개인서비스,494,203727,24.25
서울특별시,용산구,숙박,64,203727,3.14
서울특별시,용산구,음식/카페,1219,203727,59.83
서울특별시,용산구,의료/복지,40,203727,1.96
서울특별시,은평구,관광/여가,183,460738,3.97
서울특별시,은평구,교육,163,460738,3.54
서울특별시,은평구,기타,498,460738,10.81
서울특별시,은평구,부동산,441,460738,9.57
서울특별시,은평구,생활서비스,153,460738,3.32
서울특별시,은평구,소매,1331,460738,28.89
서울특별시,은평구,수리/개인서비스,955,460738,20.73
서울특별시,은평구,숙박,60,460738,1.3
서울특별시,은평구,음식/카페,1121,460738,24.33
서울특별시,은평구,의료/복지,95,460738,2.06
서울특별시,종로구,관광/여가,79,138208,5.72
서울특별시,종로구,교육,171,138208,12.37
서울특별시,종로구,기타,719,138208,52.02
서울특별시,종로구,부동산,162,138208,11.72
서울특별시,종로구,생활서비스,498,138208,36.03
서울특별시,종로구,소매,1580,138208,114.32
서울특별시,종로구,수리/개인서비스,337,138208,24.38
서울특별시,종로구,숙박,104,138208,7.52
서울특별시,종로구,음식/카페,1303,138208,94.28
서울특별시,종로구,의료/복지,47,138208,3.4
서울특별시,중구,관광/여가,50,120325,4.16
서울특별시,중구,교육,75,120325,6.23
서울특별시,중구,기타,1149,120325,95.49
서울특별시,중구,부동산,126,120325,10.47
서울특별시,중구,생활서비스,523,120325,43.47
서울특별시,중구,소매,1842,120325,153.09
서울특별시,중구,수리/개인서비스,231,120325,19.2
서울특별시,중구,숙박,93,120325,7.73
서울특별시,중구,음식/카페,866,120325,71.97
서울특별시,중구,의료/복지,45,120325,3.74
서울특별시,중랑구,관광/여가,200,378971,5.28
서울특별시,중랑구,교육,95,378971,2.51
서울특별시,중랑구,기타,457,378971,12.06
서울특별시,중랑구,부동산,316,378971,8.34
서울특별시,중랑구,생활서비스,192,378971,5.07
서울특별시,중랑구,소매,1363,378971,35.97
서울특별시,중랑구,수리/개인서비스,988,378971,26.07
서울특별시,중랑구,숙박,75,378971,1.98
서울특별시,중랑구,음식/카페,1246,378971,32.88
서울특별시,중랑구,의료/복지,68,378971,1.79
세종특별자치시,세종특별자치시,관광/여가,209,390910,5.35
세종특별자치시,세종특별자치시,교육,322,390910,8.24
세종특별자치시,세종특별자치시,기타,491,390910,12.56
세종특별자치시,세종특별자치시,부동산,544,390910,13.92
세종특별자치시,세종특별자치시,생활서비스,233,390910,5.96
세종특별자치시,세종특별자치시,소매,1078,390910,27.58
세종특별자치시,세종특별자치시,수리/개인서비스,637,390910,16.3
세종특별자치시,세종특별자치시,숙박,52,390910,1.33
세종특별자치시,세종특별자치시,음식/카페,1351,390910,34.56
세종특별자치시,세종특별자치시,의료/복지,83,390910,2.12
울산광역시,남구,관광/여가,226,304922,7.41
울산광역시,남구,교육,312,304922,10.23
울산광역시,남구,기타,406,304922,13.31
울산광역시,남구,부동산,264,304922,8.66
울산광역시,남구,생활서비스,203,304922,6.66
울산광역시,남구,소매,1163,304922,38.14
울산광역시,남구,수리/개인서비스,694,304922,22.76
울산광역시,남구,숙박,93,304922,3.05
울산광역시,남구,음식/카페,1578,304922,51.75
울산광역시,남구,의료/복지,61,304922,2.0
울산광역시,동구,관광/여가,274,150761,18.17
울산광역시,동구,교육,234,150761,15.52
울산광역시,동구,기타,177,150761,11.74
울산광역시,동구,부동산,116,150761,7.69
울산광역시,동구,생활서비스,118,150761,7.83
울산광역시,동구,소매,1249,150761,82.85
울산광역시,동구,수리/개인서비스,736,150761,48.82
울산광역시,동구,숙박,79,150761,5.24
울산광역시,동구,음식/카페,1980,150761,131.33
울산광역시,동구,의료/복지,37,150761,2.45
울산광역시,북구,관광/여가,268,216375,12.39
울산광역시,북구,교육,275,216375,12.71
울산광역시,북구,기타,250,216375,11.55
울산광역시,북구,부동산,235,216375,10.86
울산광역시,북구,생활서비스,134,216375,6.19
울산광역시,북구,소매,1172,216375,54.17
울산광역시,북구,수리/개인서비스,883,216375,40.81
울산광역시,북구,숙박,89,216375,4.11
울산광역시,북구,음식/카페,1644,216375,75.98
울산광역시,북구,의료/복지,50,216375,2.31
울산광역시,울주군,관광/여가,210,218880,9.59
울산광역시,울주군,교육,170,218880,7.77
울산광역시,울주군,기타,243,218880,11.1
울산광역시,울주군,부동산,245,218880,11.19
울산광역시,울주군,생활서비스,275,218880,12.56
울산광역시,울주군,소매,1134,218880,51.81
울산광역시,울주군,수리/개인서비스,721,218880,32.94
울산광역시,울주군,숙박,188,218880,8.59
울산광역시,울주군,음식/카페,1784,218880,81.51
울산광역시,울주군,의료/복지,30,218880,1.37
울산광역시,중구,관광/여가,217,206883,10.49
울산광역시,중구,교육,193,206883,9.33
울산광역시,중구,기타,378,206883,18.27
울산광역시,중구,부동산,175,206883,8.46
울산광역시,중구,생활서비스,163,206883,7.88
울산광역시,중구,소매,1491,206883,72.07
울산광역시,중구,수리/개인서비스,851,206883,41.13
울산광역시,중구,숙박,72,206883,3.48
울산광역시,중구,음식/카페,1434,206883,69.31
울산광역시,중구,의료/복지,26,206883,1.26
인천광역시,강화군,관광/여가,124,69439,17.86
인천광역시,강화군,교육,182,69439,26.21
인천광역시,강화군,기타,233,69439,33.55
인천광역시,강화군,부동산,274,69439,39.46
인천광역시,강화군,생활서비스,114,69439,16.42
인천광역시,강화군,소매,1327,69439,191.1
인천광역시,강화군,수리/개인서비스,355,69439,51.12
인천광역시,강화군,숙박,766,69439,110.31
인천광역시,강화군,음식/카페,1565,69439,225.38
인천광역시,강화군,의료/복지,60,69439,8.64
인천광역시,계양구,관광/여가,259,279685,9.26
인천광역시,계양구,교육,137,279685,4.9
인천광역시,계양구,기타,475,279685,16.98
인천광역시,계양구,부동산,287,279685,10.26
인천광역시,계양구,생활서비스,173,279685,6.19
인천광역시,계양구,소매,1280,279685,45.77
인천광역시,계양구,수리/개인서비스,883,279685,31.57
인천광역시,계양구,숙박,54,279685,1.93
인천광역시,계양구,음식/카페,1390,279685,49.7
인천광역시,계양구,의료/복지,62,279685,2.22
인천광역시,남동구,관광/여가,191,485702,3.93
인천광역시,남동구,교육,99,485702,2.04
인천광역시,남동구,기타,631,485702,12.99
인천광역시,남동구,부동산,285,485702,5.87
인천광역시,남동구,생활서비스,221,485702,4.55
인천광역시,남동구,소매,1368,485702,28.17
인천광역시,남동구,수리/개인서비스,885,485702,18.22
인천광역시,남동구,숙박,49,485702,1.01
인천광역시,남동구,음식/카페,1176,485702,24.21
인천광역시,남동구,의료/복지,95,485702,1.96
인천광역시,동구,관광/여가,94,58162,16.16
인천광역시,동구,교육,130,58162,22.35
인천광역시,동구,기타,263,58162,45.22
인천광역시,동구,부동산,93,58162,15.99
인천광역시,동구,생활서비스,157,58162,26.99
인천광역시,동구,소매,889,58162,152.85
인천광역시,동구,수리/개인서비스,403,58162,69.29
인천광역시,동구,숙박,40,58162,6.88
인천광역시,동구,음식/카페,719,58162,123.62
인천광역시,동구,의료/복지,81,58162,13.93
인천광역시,미추홀구,관광/여가,143,412621,3.47
인천광역시,미추홀구,교육,68,412621,1.65
인천광역시,미추홀구,기타,581,412621,14.08
인천광역시,미추홀구,부동산,284,412621,6.88
인천광역시,미추홀구,생활서비스,187,412621,4.53
인천광역시,미추홀구,소매,1526,412621,36.98
인천광역시,미추홀구,수리/개인서비스,918,412621,22.25
인천광역시,미추홀구,숙박,74,412621,1.79
인천광역시,미추홀구,음식/카페,1173,412621,28.43
인천광역시,미추홀구,의료/복지,46,412621,1.11
인천광역시,부평구,관광/여가,225,493853,4.56
인천광역시,부평구,교육,98,493853,1.98
인천광역시,부평구,기타,425,493853,8.61
인천광역시,부평구,부동산,341,493853,6.9
인천광역시,부평구,생활서비스,187,493853,3.79
인천광역시,부평구,소매,1548,493853,31.35
인천광역시,부평구,수리/개인서비스,933,493853,18.89
인천광역시,부평구,숙박,77,493853,1.56
인천광역시,부평구,음식/카페,1088,493853,22.03
인천광역시,부평구,의료/복지,78,493853,1.58
인천광역시,서구,관광/여가,222,635553,3.49
인천광역시,서구,교육,119,635553,1.87
인천광역시,서구,기타,454,635553,7.14
인천광역시,서구,부동산,414,635553,6.51
인천광역시,서구,생활서비스,222,635553,3.49
인천광역시,서구,소매,1332,635553,20.96
인천광역시,서구,수리/개인서비스,954,635553,15.01
인천광역시,서구,숙박,34,635553,0.53
인천광역시,서구,음식/카페,1188,635553,18.69
인천광역시,서구,의료/복지,61,635553,0.96
인천광역시,연수구,관광/여가,272,400461,6.79
인천광역시,연수구,교육,265,400461,6.62
인천광역시,연수구,기타,583,400461,14.56
인천광역시,연수구,부동산,355,400461,8.86
인천광역시,연수구,생활서비스,179,400461,4.47
인천광역시,연수구,소매,1110,400461,27.72
인천광역시,연수구,수리/개인서비스,691,400461,17.26
인천광역시,연수구,숙박,62,400461,1.55
인천광역시,연수구,음식/카페,1376,400461,34.36
인천광역시,연수구,의료/복지,107,400461,2.67
인천광역시,옹진군,관광/여가,57,19902,28.64
인천광역시,옹진군,교육,26,19902,13.06
인천광역시,옹진군,기타,32,19902,16.08
인천광역시,옹진군,부동산,46,19902,23.11
인천광역시,옹진군,생활서비스,59,19902,29.65
인천광역시,옹진군,소매,309,19902,155.26
인천광역시,옹진군,수리/개인서비스,64,19902,32.16
인천광역시,옹진군,숙박,586,19902,294.44
인천광역시,옹진군,음식/카페,581,19902,291.93
인천광역시,옹진군,의료/복지,4,19902,2.01
인천광역시,중구,관광/여가,192,168271,11.41
인천광역시,중구,교육,135,168271,8.02
인천광역시,중구,기타,303,168271,18.01
인천광역시,중구,부동산,272,168271,16.16
인천광역시,중구,생활서비스,236,168271,14.02
인천광역시,중구,소매,1196,168271,71.08
인천광역시,중구,수리/개인서비스,532,168271,31.62
인천광역시,중구,숙박,466,168271,27.69
인천광역시,중구,음식/카페,1619,168271,96.21
인천광역시,중구,의료/복지,49,168271,2.91
전라남도,강진군,관광/여가,57,32169,17.72
전라남도,강진군,교육,46,32169,14.3
전라남도,강진군,기타,94,32169,29.22
전라남도,강진군,부동산,16,32169,4.97
전라남도,강진군,생활서비스,75,32169,23.31
전라남도,강진군,소매,590,32169,183.41
전라남도,강진군,수리/개인서비스,212,32169,65.9
전라남도,강진군,숙박,159,32169,49.43
전라남도,강진군,음식/카페,651,32169,202.37
전라남도,강진군,의료/복지,13,32169,4.04
전라남도,고흥군,관광/여가,118,60100,19.63
전라남도,고흥군,교육,69,60100,11.48
전라남도,고흥군,기타,142,60100,23.63
전라남도,고흥군,부동산,24,60100,3.99
전라남도,고흥군,생활서비스,104,60100,17.3
전라남도,고흥군,소매,1050,60100,174.71
전라남도,고흥군,수리/개인서비스,316,60100,52.58
전라남도,고흥군,숙박,208,60100,34.61
전라남도,고흥군,음식/카페,1098,60100,182.7
전라남도,고흥군,의료/복지,13,60100,2.16
전라남도,곡성군,관광/여가,47,26548,17.7
전라남도,곡성군,교육,45,26548,16.95
전라남도,곡성군,기타,96,26548,36.16
전라남도,곡성군,부동산,19,26548,7.16
전라남도,곡성군,생활서비스,59,26548,22.22
전라남도,곡성군,소매,399,26548,150.29
전라남도,곡성군,수리/개인서비스,125,26548,47.08
전라남도,곡성군,숙박,73,26548,27.5
전라남도,곡성군,음식/카페,433,26548,163.1
전라남도,곡성군,의료/복지,5,26548,1.88
전라남도,광양시,관광/여가,228,154914,14.72
전라남도,광양시,교육,137,154914,8.84
전라남도,광양시,기타,269,154914,17.36
전라남도,광양시,부동산,168,154914,10.84
전라남도,광양시,생활서비스,255,154914,16.46
전라남도,광양시,소매,1249,154914,80.63
전라남도,광양시,수리/개인서비스,790,154914,51.0
전라남도,광양시,숙박,164,154914,10.59
전라남도,광양시,음식/카페,1710,154914,110.38
전라남도,광양시,의료/복지,30,154914,1.94
전라남도,구례군,관광/여가,47,24002,19.58
전라남도,구례군,교육,52,24002,21.66
전라남도,구례군,기타,72,24002,30.0
전라남도,구례군,부동산,15,24002,6.25
전라남도,구례군,생활서비스,46,24002,19.17
전라남도,구례군,소매,484,24002,201.65
전라남도,구례군,수리/개인서비스,141,24002,58.75
전라남도,구례군,숙박,208,24002,86.66
전라남도,구례군,음식/카페,626,24002,260.81
전라남도,구례군,의료/복지,8,24002,3.33
전라남도,나주시,관광/여가,182,116710,15.59
전라남도,나주시,교육,258,116710,22.11
전라남도,나주시,기타,493,116710,42.24
전라남도,나주시,부동산,225,116710,19.28
전라남도,나주시,생활서비스,277,116710,23.73
전라남도,나주시,소매,1262,116710,108.13
전라남도,나주시,수리/개인서비스,616,116710,52.78
전라남도,나주시,숙박,114,116710,9.77
전라남도,나주시,음식/카페,1526,116710,130.75
전라남도,나주시,의료/복지,47,116710,4.03
전라남도,담양군,관광/여가,79,44569,17.73
전라남도,담양군,교육,93,44569,20.87
전라남도,담양군,기타,162,44569,36.35
전라남도,담양군,부동산,66,44569,14.81
전라남도,담양군,생활서비스,108,44569,24.23
전라남도,담양군,소매,684,44569,153.47
전라남도,담양군,수리/개인서비스,203,44569,45.55
전라남도,담양군,숙박,281,44569,63.05
전라남도,담양군,음식/카페,948,44569,212.7
전라남도,담양군,의료/복지,18,44569,4.04
전라남도,목포시,관광/여가,185,209289,8.84
전라남도,목포시,교육,102,209289,4.87
전라남도,목포시,기타,306,209289,14.62
전라남도,목포시,부동산,154,209289,7.36
전라남도,목포시,생활서비스,128,209289,6.12
전라남도,목포시,소매,1583,209289,75.64
전라남도,목포시,수리/개인서비스,876,209289,41.86
전라남도,목포시,숙박,173,209289,8.27
전라남도,목포시,음식/카페,1463,209289,69.9
전라남도,목포시,의료/복지,30,209289,1.43
전라남도,무안군,관광/여가,161,92927,17.33
전라남도,무안군,교육,303,92927,32.61
전라남도,무안군,기타,248,92927,26.69
전라남도,무안군,부동산,173,92927,18.62
전라남도,무안군,생활서비스,143,92927,15.39
전라남도,무안군,소매,1281,92927,137.85
전라남도,무안군,수리/개인서비스,521,92927,56.07
전라남도,무안군,숙박,102,92927,10.98
전라남도,무안군,음식/카페,1551,92927,166.91
전라남도,무안군,의료/복지,50,92927,5.38
전라남도,보성군,관광/여가,59,37149,15.88
전라남도,보성군,교육,42,37149,11.31
전라남도,보성군,기타,96,37149,25.84
전라남도,보성군,부동산,17,37149,4.58
전라남도,보성군,생활서비스,81,37149,21.8
전라남도,보성군,소매,678,37149,182.51
전라남도,보성군,수리/개인서비스,220,37149,59.22
전라남도,보성군,숙박,113,37149,30.42
전라남도,보성군,음식/카페,671,37149,180.62
전라남도,보성군,의료/복지,12,37149,3.23
전라남도,순천시,관광/여가,178,276153,6.45
전라남도,순천시,교육,131,276153,4.74
전라남도,순천시,기타,362,276153,13.11
전라남도,순천시,부동산,158,276153,5.72
전라남도,순천시,생활서비스,156,276153,5.65
전라남도,순천시,소매,1575,276153,57.03
전라남도,순천시,수리/개인서비스,857,276153,31.03
전라남도,순천시,숙박,129,276153,4.67
전라남도,순천시,음식/카페,1428,276153,51.71
전라남도,순천시,의료/복지,26,276153,0.94
전라남도,신안군,관광/여가,44,38221,11.51
전라남도,신안군,교육,28,38221,7.33
전라남도,신안군,기타,65,38221,17.01
전라남도,신안군,부동산,12,38221,3.14
전라남도,신안군,생활서비스,60,38221,15.7
전라남도,신안군,소매,510,38221,133.43
전라남도,신안군,수리/개인서비스,111,38221,29.04
전라남도,신안군,숙박,270,38221,70.64
전라남도,신안군,음식/카페,548,38221,143.38
전라남도,신안군,의료/복지,7,38221,1.83
전라남도,여수시,관광/여가,160,267338,5.98
전라남도,여수시,교육,102,267338,3.82
전라남도,여수시,기타,293,267338,10.96
전라남도,여수시,부동산,100,267338,3.74
전라남도,여수시,생활서비스,173,267338,6.47
전라남도,여수시,소매,1348,267338,50.42
전라남도,여수시,수리/개인서비스,828,267338,30.97
전라남도,여수시,숙박,336,267338,12.57
전라남도,여수시,음식/카페,1637,267338,61.23
전라남도,여수시,의료/복지,23,267338,0.86
전라남도,영광군,관광/여가,69,52272,13.2
전라남도,영광군,교육,95,52272,18.17
전라남도,영광군,기타,176,52272,33.67
전라남도,영광군,부동산,32,52272,6.12
전라남도,영광군,생활서비스,119,52272,22.77
전라남도,영광군,소매,880,52272,168.35
전라남도,영광군,수리/개인서비스,312,52272,59.69
전라남도,영광군,숙박,116,52272,22.19
전라남도,영광군,음식/카페,895,52272,171.22
전라남도,영광군,의료/복지,24,52272,4.59
전라남도,영암군,관광/여가,86,51261,16.78
전라남도,영암군,교육,79,51261,15.41
전라남도,영암군,기타,185,51261,36.09
전라남도,영암군,부동산,37,51261,7.22
전라남도,영암군,생활서비스,124,51261,24.19
전라남도,영암군,소매,756,51261,147.48
전라남도,영암군,수리/개인서비스,320,51261,62.43
전라남도,영암군,숙박,105,51261,20.48
전라남도,영암군,음식/카페,957,51261,186.69
전라남도,영암군,의료/복지,12,51261,2.34
전라남도,완도군,관광/여가,96,45503,21.1
전라남도,완도군,교육,68,45503,14.94
전라남도,완도군,기타,93,45503,20.44
전라남도,완도군,부동산,14,45503,3.08
전라남도,완도군,생활서비스,52,45503,11.43
전라남도,완도군,소매,967,45503,212.51
전라남도,완도군,수리/개인서비스,294,45503,64.61
전라남도,완도군,숙박,280,45503,61.53
전라남도,완도군,음식/카페,950,45503,208.78
전라남도,완도군,의료/복지,9,45503,1.98
전라남도,장성군,관광/여가,58,42024,13.8
전라남도,장성군,교육,62,42024,14.75
전라남도,장성군,기타,144,42024,34.27
전라남도,장성군,부동산,69,42024,16.42
전라남도,장성군,생활서비스,96,42024,22.84
전라남도,장성군,소매,570,42024,135.64
전라남도,장성군,수리/개인서비스,219,42024,52.11
전라남도,장성군,숙박,135,42024,32.12
전라남도,장성군,음식/카페,652,42024,155.15
전라남도,장성군,의료/복지,11,42024,2.62
전라남도,장흥군,관광/여가,64,34417,18.6
전라남도,장흥군,교육,53,34417,15.4
전라남도,장흥군,기타,109,34417,31.67
전라남도,장흥군,부동산,30,34417,8.72
전라남도,장흥군,생활서비스,67,34417,19.47
전라남도,장흥군,소매,597,34417,173.46
전라남도,장흥군,수리/개인서비스,254,34417,73.8
전라남도,장흥군,숙박,75,34417,21.79
전라남도,장흥군,음식/카페,657,34417,190.89
전라남도,장흥군,의료/복지,8,34417,2.32
전라남도,진도군,관광/여가,61,28374,21.5
전라남도,진도군,교육,52,28374,18.33
전라남도,진도군,기타,80,28374,28.19
전라남도,진도군,부동산,16,28374,5.64
전라남도,진도군,생활서비스,53,28374,18.68
전라남도,진도군,소매,491,28374,173.05
전라남도,진도군,수리/개인서비스,156,28374,54.98
전라남도,진도군,숙박,120,28374,42.29
전라남도,진도군,음식/카페,603,28374,212.52
전라남도,진도군,의료/복지,6,28374,2.11
전라남도,함평군,관광/여가,32,29913,10.7
전라남도,함평군,교육,34,29913,11.37
전라남도,함평군,기타,85,29913,28.42
전라남도,함평군,부동산,26,29913,8.69
전라남도,함평군,생활서비스,52,29913,17.38
전라남도,함평군,소매,442,29913,147.76
전라남도,함평군,수리/개인서비스,144,29913,48.14
전라남도,함평군,숙박,66,29913,22.06
전라남도,함평군,음식/카페,405,29913,135.39
전라남도,함평군,의료/복지,10,29913,3.34
전라남도,해남군,관광/여가,98,63002,15.56
전라남도,해남군,교육,101,63002,16.03
전라남도,해남군,기타,155,63002,24.6
전라남도,해남군,부동산,41,63002,6.51
전라남도,해남군,생활서비스,153,63002,24.28
전라남도,해남군,소매,1174,63002,186.34
전라남도,해남군,수리/개인서비스,421,63002,66.82
전라남도,해남군,숙박,166,63002,26.35
전라남도,해남군,음식/카페,1172,63002,186.03
전라남도,해남군,의료/복지,27,63002,4.29
전라남도,화순군,관광/여가,96,60737,15.81
전라남도,화순군,교육,99,60737,16.3
전라남도,화순군,기타,241,60737,39.68
전라남도,화순군,부동산,83,60737,13.67
전라남도,화순군,생활서비스,108,60737,17.78
전라남도,화순군,소매,752,60737,123.81
전라남도,화순군,수리/개인서비스,336,60737,55.32
전라남도,화순군,숙박,89,60737,14.65
전라남도,화순군,음식/카페,1041,60737,171.39
전라남도,화순군,의료/복지,34,60737,5.6
전북특별자치도,고창군,관광/여가,49,50869,9.63
전북특별자치도,고창군,교육,40,50869,7.86
전북특별자치도,고창군,기타,75,50869,14.74
전북특별자치도,고창군,부동산,11,50869,2.16
전북특별자치도,고창군,생활서비스,33,50869,6.49
전북특별자치도,고창군,소매,433,50869,85.12
전북특별자치도,고창군,수리/개인서비스,129,50869,25.36
전북특별자치도,고창군,숙박,76,50869,14.94
전북특별자치도,고창군,음식/카페,432,50869,84.92
전북특별자치도,고창군,의료/복지,11,50869,2.16
전북특별자치도,군산시,관광/여가,163,257832,6.32
전북특별자치도,군산시,교육,126,257832,4.89
전북특별자치도,군산시,기타,318,257832,12.33
전북특별자치도,군산시,부동산,246,257832,9.54
전북특별자치도,군산시,생활서비스,162,257832,6.28
전북특별자치도,군산시,소매,1588,257832,61.59
전북특별자치도,군산시,수리/개인서비스,822,257832,31.88
전북특별자치도,군산시,숙박,118,257832,4.58
전북특별자치도,군산시,음식/카페,1430,257832,55.46
전북특별자치도,군산시,의료/복지,27,257832,1.05
전북특별자치도,김제시,관광/여가,131,80979,16.18
전북특별자치도,김제시,교육,144,80979,17.78
전북특별자치도,김제시,기타,198,80979,24.45
전북특별자치도,김제시,부동산,85,80979,10.5
전북특별자치도,김제시,생활서비스,173,80979,21.36
전북특별자치도,김제시,소매,1339,80979,165.35
전북특별자치도,김제시,수리/개인서비스,474,80979,58.53
전북특별자치도,김제시,숙박,80,80979,9.88
전북특별자치도,김제시,음식/카페,1263,80979,155.97
전북특별자치도,김제시,의료/복지,26,80979,3.21
전북특별자치도,남원시,관광/여가,148,75604,19.58
전북특별자치도,남원시,교육,137,75604,18.12
전북특별자치도,남원시,기타,231,75604,30.55
전북특별자치도,남원시,부동산,56,75604,7.41
전북특별자치도,남원시,생활서비스,134,75604,17.72
전북특별자치도,남원시,소매,1557,75604,205.94
전북특별자치도,남원시,수리/개인서비스,559,75604,73.94
전북특별자치도,남원시,숙박,191,75604,25.26
전북특별자치도,남원시,음식/카페,1556,75604,205.81
전북특별자치도,남원시,의료/복지,27,75604,3.57
전북특별자치도,무주군,관광/여가,69,23021,29.97
전북특별자치도,무주군,교육,43,23021,18.68
전북특별자치도,무주군,기타,62,23021,26.93
전북특별자치도,무주군,부동산,19,23021,8.25
전북특별자치도,무주군,생활서비스,137,23021,59.51
전북특별자치도,무주군,소매,454,23021,197.21
전북특별자치도,무주군,수리/개인서비스,127,23021,55.17
전북특별자치도,무주군,숙박,234,23021,101.65
전북특별자치도,무주군,음식/카페,562,23021,244.12
전북특별자치도,무주군,의료/복지,5,23021,2.17
전북특별자치도,완주군,관광/여가,152,99668,15.25
전북특별자치도,완주군,교육,290,99668,29.1
전북특별자치도,완주군,기타,321,99668,32.21
전북특별자치도,완주군,부동산,133,99668,13.34
전북특별자치도,완주군,생활서비스,209,99668,20.97
전북특별자치도,완주군,소매,1385,99668,138.96
전북특별자치도,완주군,수리/개인서비스,446,99668,44.75
전북특별자치도,완주군,숙박,200,99668,20.07
전북특별자치도,완주군,음식/카페,1776,99668,178.19
전북특별자치도,완주군,의료/복지,39,99668,3.91
전북특별자치도,익산시,관광/여가,195,267654,7.29
전북특별자치도,익산시,교육,117,267654,4.37
전북특별자치도,익산시,기타,337,267654,12.59
전북특별자치도,익산시,부동산,160,267654,5.98
전북특별자치도,익산시,생활서비스,165,267654,6.16
전북특별자치도,익산시,소매,1753,267654,65.5
전북특별자치도,익산시,수리/개인서비스,862,267654,32.21
전북특별자치도,익산시,숙박,80,267654,2.99
전북특별자치도,익산시,음식/카페,1308,267654,48.87
전북특별자치도,익산시,의료/복지,23,267654,0.86
전북특별자치도,임실군,관광/여가,43,25578,16.81
전북특별자치도,임실군,교육,28,25578,10.95
전북특별자치도,임실군,기타,63,25578,24.63
전북특별자치도,임실군,부동산,11,25578,4.3
전북특별자치도,임실군,생활서비스,53,25578,20.72
전북특별자치도,임실군,소매,384,25578,150.13
전북특별자치도,임실군,수리/개인서비스,128,25578,50.04
전북특별자치도,임실군,숙박,42,25578,16.42
전북특별자치도,임실군,음식/카페,442,25578,172.8
전북특별자치도,임실군,의료/복지,5,25578,1.95
전북특별자치도,장수군,관광/여가,42,20618,20.37
전북특별자치도,장수군,교육,39,20618,18.92
전북특별자치도,장수군,기타,52,20618,25.22
전북특별자치도,장수군,부동산,13,20618,6.31
전북특별자치도,장수군,생활서비스,26,20618,12.61
전북특별자치도,장수군,소매,296,20618,143.56
전북특별자치도,장수군,수리/개인서비스,111,20618,53.84
전북특별자치도,장수군,숙박,49,20618,23.77
전북특별자치도,장수군,음식/카페,350,20618,169.75
전북특별자치도,장수군,의료/복지,4,20618,1.94
전북특별자치도,전주시 덕진구,관광/여가,239,313329,7.63
전북특별자치도,전주시 덕진구,교육,229,313329,7.31
전북특별자치도,전주시 덕진구,기타,547,313329,17.46
전북특별자치도,전주시 덕진구,부동산,330,313329,10.53
전북특별자치도,전주시 덕진구,생활서비스,228,313329,7.28
전북특별자치도,전주시 덕진구,소매,1320,313329,42.13
전북특별자치도,전주시 덕진구,수리/개인서비스,832,313329,26.55
전북특별자치도,전주시 덕진구,숙박,96,313329,3.06
전북특별자치도,전주시 덕진구,음식/카페,1142,313329,36.45
전북특별자치도,전주시 덕진구,의료/복지,37,313329,1.18
전북특별자치도,전주시 완산구,관광/여가,221,321219,6.88
전북특별자치도,전주시 완산구,교육,217,321219,6.76
전북특별자치도,전주시 완산구,기타,459,321219,14.29
전북특별자치도,전주시 완산구,부동산,243,321219,7.56
전북특별자치도,전주시 완산구,생활서비스,166,321219,5.17
전북특별자치도,전주시 완산구,소매,1587,321219,49.41
전북특별자치도,전주시 완산구,수리/개인서비스,766,321219,23.85
전북특별자치도,전주시 완산구,숙박,123,321219,3.83
전북특별자치도,전주시 완산구,음식/카페,1165,321219,36.27
전북특별자치도,전주시 완산구,의료/복지,53,321219,1.65
전북특별자치도,정읍시,관광/여가,170,101986,16.67
전북특별자치도,정읍시,교육,209,101986,20.49
전북특별자치도,정읍시,기타,267,101986,26.18
전북특별자치도,정읍시,부동산,90,101986,8.82
전북특별자치도,정읍시,생활서비스,196,101986,19.22
전북특별자치도,정읍시,소매,1558,101986,152.77
전북특별자치도,정읍시,수리/개인서비스,767,101986,75.21
전북특별자치도,정읍시,숙박,144,101986,14.12
전북특별자치도,정읍시,음식/카페,1559,101986,152.86
전북특별자치도,정읍시,의료/복지,40,101986,3.92
전북특별자치도,진안군,관광/여가,20,24217,8.26
전북특별자치도,진안군,교육,34,24217,14.04
전북특별자치도,진안군,기타,81,24217,33.45
전북특별자치도,진안군,부동산,13,24217,5.37
전북특별자치도,진안군,생활서비스,36,24217,14.87
전북특별자치도,진안군,소매,422,24217,174.26
전북특별자치도,진안군,수리/개인서비스,109,24217,45.01
전북특별자치도,진안군,숙박,94,24217,38.82
전북특별자치도,진안군,음식/카페,397,24217,163.93
전북특별자치도,진안군,의료/복지,8,24217,3.3
제주특별자치도,서귀포시,관광/여가,159,181837,8.74
제주특별자치도,서귀포시,교육,254,181837,13.97
제주특별자치도,서귀포시,기타,384,181837,21.12
제주특별자치도,서귀포시,부동산,176,181837,9.68
제주특별자치도,서귀포시,생활서비스,131,181837,7.2
제주특별자치도,서귀포시,소매,942,181837,51.8
제주특별자치도,서귀포시,수리/개인서비스,324,181837,17.82
제주특별자치도,서귀포시,숙박,834,181837,45.87
제주특별자치도,서귀포시,음식/카페,1769,181837,97.28
제주특별자치도,서귀포시,의료/복지,27,181837,1.48
제주특별자치도,제주시,관광/여가,181,487623,3.71
제주특별자치도,제주시,교육,225,487623,4.61
제주특별자치도,제주시,기타,430,487623,8.82
제주특별자치도,제주시,부동산,212,487623,4.35
제주특별자치도,제주시,생활서비스,300,487623,6.15
제주특별자치도,제주시,소매,960,487623,19.69
제주특별자치도,제주시,수리/개인서비스,443,487623,9.08
제주특별자치도,제주시,숙박,701,487623,14.38
제주특별자치도,제주시,음식/카페,1508,487623,30.93
제주특별자치도,제주시,의료/복지,40,487623,0.82
충청남도,계룡시,관광/여가,89,46307,19.22
충청남도,계룡시,교육,188,46307,40.6
충청남도,계룡시,기타,101,46307,21.81
충청남도,계룡시,부동산,47,46307,10.15
충청남도,계룡시,생활서비스,52,46307,11.23
충청남도,계룡시,소매,402,46307,86.81
충청남도,계룡시,수리/개인서비스,203,46307,43.84
충청남도,계룡시,숙박,31,46307,6.69
충청남도,계룡시,음식/카페,601,46307,129.79
충청남도,계룡시,의료/복지,51,46307,11.01
충청남도,공주시,관광/여가,176,101068,17.41
충청남도,공주시,교육,150,101068,14.84
충청남도,공주시,기타,332,101068,32.85
충청남도,공주시,부동산,165,101068,16.33
충청남도,공주시,생활서비스,217,101068,21.47
충청남도,공주시,소매,1343,101068,132.88
충청남도,공주시,수리/개인서비스,582,101068,57.58
충청남도,공주시,숙박,281,101068,27.8
충청남도,공주시,음식/카페,1717,101068,169.89
충청남도,공주시,의료/복지,37,101068,3.66
충청남도,금산군,관광/여가,85,49442,17.19
충청남도,금산군,교육,120,49442,24.27
충청남도,금산군,기타,135,49442,27.3
충청남도,금산군,부동산,66,49442,13.35
충청남도,금산군,생활서비스,95,49442,19.21
충청남도,금산군,소매,1640,49442,331.7
충청남도,금산군,수리/개인서비스,311,49442,62.9
충청남도,금산군,숙박,128,49442,25.89
충청남도,금산군,음식/카페,988,49442,199.83
충청남도,금산군,의료/복지,67,49442,13.55
충청남도,논산시,관광/여가,197,108302,18.19
충청남도,논산시,교육,155,108302,14.31
충청남도,논산시,기타,255,108302,23.55
충청남도,논산시,부동산,142,108302,13.11
충청남도,논산시,생활서비스,208,108302,19.21
충청남도,논산시,소매,1588,108302,146.63
충청남도,논산시,수리/개인서비스,751,108302,69.34
충청남도,논산시,숙박,184,108302,16.99
충청남도,논산시,음식/카페,1478,108302,136.47
충청남도,논산시,의료/복지,42,108302,3.88
충청남도,당진시,관광/여가,219,172139,12.72
충청남도,당진시,교육,139,172139,8.07
충청남도,당진시,기타,281,172139,16.32
충청남도,당진시,부동산,237,172139,13.77
충청남도,당진시,생활서비스,233,172139,13.54
충청남도,당진시,소매,1390,172139,80.75
충청남도,당진시,수리/개인서비스,773,172139,44.91
충청남도,당진시,숙박,109,172139,6.33
충청남도,당진시,음식/카페,1589,172139,92.31
충청남도,당진시,의료/복지,30,172139,1.74
충청남도,보령시,관광/여가,211,93575,22.55
충청남도,보령시,교육,132,93575,14.11
충청남도,보령시,기타,235,93575,25.11
충청남도,보령시,부동산,89,93575,9.51
충청남도,보령시,생활서비스,136,93575,14.53
충청남도,보령시,소매,1395,93575,149.08
충청남도,보령시,수리/개인서비스,551,93575,58.88
충청남도,보령시,숙박,511,93575,54.61
충청남도,보령시,음식/카페,1709,93575,182.63
충청남도,보령시,의료/복지,31,93575,3.31
충청남도,부여군,관광/여가,89,59484,14.96
충청남도,부여군,교육,140,59484,23.54
충청남도,부여군,기타,152,59484,25.55
충청남도,부여군,부동산,43,59484,7.23
충청남도,부여군,생활서비스,147,59484,24.71
충청남도,부여군,소매,1152,59484,193.67
충청남도,부여군,수리/개인서비스,351,59484,59.01
충청남도,부여군,숙박,124,59484,20.85
충청남도,부여군,음식/카페,1052,59484,176.85
충청남도,부여군,의료/복지,68,59484,11.43
충청남도,서산시,관광/여가,168,174139,9.65
충청남도,서산시,교육,130,174139,7.47
충청남도,서산시,기타,277,174139,15.91
충청남도,서산시,부동산,194,174139,11.14
충청남도,서산시,생활서비스,207,174139,11.89
충청남도,서산시,소매,1465,174139,84.13
충청남도,서산시,수리/개인서비스,802,174139,46.06
충청남도,서산시,숙박,177,174139,10.16
충청남도,서산시,음식/카페,1544,174139,88.66
충청남도,서산시,의료/복지,36,174139,2.07
충청남도,서천군,관광/여가,118,48119,24.52
충청남도,서천군,교육,135,48119,28.06
충청남도,서천군,기타,119,48119,24.73
충청남도,서천군,부동산,62,48119,12.88
충청남도,서천군,생활서비스,124,48119,25.77
충청남도,서천군,소매,1103,48119,229.22
충청남도,서천군,수리/개인서비스,332,48119,69.0
충청남도,서천군,숙박,172,48119,35.74
충청남도,서천군,음식/카페,939,48119,195.14
충청남도,서천군,의료/복지,64,48119,13.3
충청남도,아산시,관광/여가,157,355374,4.42
충청남도,아산시,교육,128,355374,3.6
충청남도,아산시,기타,410,355374,11.54
충청남도,아산시,부동산,311,355374,8.75
충청남도,아산시,생활서비스,193,355374,5.43
충청남도,아산시,소매,1362,355374,38.33
충청남도,아산시,수리/개인서비스,813,355374,22.88
충청남도,아산시,숙박,121,355374,3.4
충청남도,아산시,음식/카페,1456,355374,40.97
충청남도,아산시,의료/복지,49,355374,1.38
충청남도,예산군,관광/여가,197,78879,24.97
충청남도,예산군,교육,193,78879,24.47
충청남도,예산군,기타,245,78879,31.06
충청남도,예산군,부동산,107,78879,13.57
충청남도,예산군,생활서비스,170,78879,21.55
충청남도,예산군,소매,1414,78879,179.26
충청남도,예산군,수리/개인서비스,549,78879,69.6
충청남도,예산군,숙박,173,78879,21.93
충청남도,예산군,음식/카페,1665,78879,211.08
충청남도,예산군,의료/복지,90,78879,11.41
충청남도,천안시 동남구,관광/여가,170,260787,6.52
충청남도,천안시 동남구,교육,116,260787,4.45
충청남도,천안시 동남구,기타,472,260787,18.1
충청남도,천안시 동남구,부동산,245,260787,9.39
충청남도,천안시 동남구,생활서비스,209,260787,8.01
충청남도,천안시 동남구,소매,1449,260787,55.56
충청남도,천안시 동남구,수리/개인서비스,867,260787,33.25
충청남도,천안시 동남구,숙박,136,260787,5.21
충청남도,천안시 동남구,음식/카페,1275,260787,48.89
충청남도,천안시 동남구,의료/복지,61,260787,2.34
충청남도,천안시 서북구,관광/여가,208,399360,5.21
충청남도,천안시 서북구,교육,156,399360,3.91
충청남도,천안시 서북구,기타,405,399360,10.14
충청남도,천안시 서북구,부동산,355,399360,8.89
충청남도,천안시 서북구,생활서비스,209,399360,5.23
충청남도,천안시 서북구,소매,1325,399360,33.18
충청남도,천안시 서북구,수리/개인서비스,929,399360,23.26
충청남도,천안시 서북구,숙박,57,399360,1.43
충청남도,천안시 서북구,음식/카페,1312,399360,32.85
충청남도,천안시 서북구,의료/복지,44,399360,1.1
충청남도,청양군,관광/여가,65,29551,22.0
충청남도,청양군,교육,47,29551,15.9
충청남도,청양군,기타,75,29551,25.38
충청남도,청양군,부동산,27,29551,9.14
충청남도,청양군,생활서비스,44,29551,14.89
충청남도,청양군,소매,587,29551,198.64
충청남도,청양군,수리/개인서비스,160,29551,54.14
충청남도,청양군,숙박,42,29551,14.21
충청남도,청양군,음식/카페,590,29551,199.65
충청남도,청양군,의료/복지,24,29551,8.12
충청남도,태안군,관광/여가,181,60002,30.17
충청남도,태안군,교육,83,60002,13.83
충청남도,태안군,기타,153,60002,25.5
충청남도,태안군,부동산,90,60002,15.0
충청남도,태안군,생활서비스,128,60002,21.33
충청남도,태안군,소매,1282,60002,213.66
충청남도,태안군,수리/개인서비스,340,60002,56.66
충청남도,태안군,숙박,1338,60002,222.99
충청남도,태안군,음식/카페,1391,60002,231.83
충청남도,태안군,의료/복지,14,60002,2.33
충청남도,홍성군,관광/여가,181,99287,18.23
충청남도,홍성군,교육,235,99287,23.67
충청남도,홍성군,기타,289,99287,29.11
충청남도,홍성군,부동산,136,99287,13.7
충청남도,홍성군,생활서비스,212,99287,21.35
충청남도,홍성군,소매,1515,99287,152.59
충청남도,홍성군,수리/개인서비스,671,99287,67.58
충청남도,홍성군,숙박,100,99287,10.07
충청남도,홍성군,음식/카페,1567,99287,157.83
충청남도,홍성군,의료/복지,94,99287,9.47
충청북도,괴산군,관광/여가,50,36115,13.84
충청북도,괴산군,교육,55,36115,15.23
충청북도,괴산군,기타,101,36115,27.97
충청북도,괴산군,부동산,51,36115,14.12
충청북도,괴산군,생활서비스,77,36115,21.32
충청북도,괴산군,소매,569,36115,157.55
충청북도,괴산군,수리/개인서비스,129,36115,35.72
충청북도,괴산군,숙박,247,36115,68.39
충청북도,괴산군,음식/카페,763,36115,211.27
충청북도,괴산군,의료/복지,11,36115,3.05
충청북도,단양군,관광/여가,77,27293,28.21
충청북도,단양군,교육,68,27293,24.91
충청북도,단양군,기타,65,27293,23.82
충청북도,단양군,부동산,31,27293,11.36
충청북도,단양군,생활서비스,61,27293,22.35
충청북도,단양군,소매,559,27293,204.81
충청북도,단양군,수리/개인서비스,154,27293,56.42
충청북도,단양군,숙박,347,27293,127.14
충청북도,단양군,음식/카페,763,27293,279.56
충청북도,단양군,의료/복지,22,27293,8.06
충청북도,보은군,관광/여가,66,30494,21.64
충청북도,보은군,교육,65,30494,21.32
충청북도,보은군,기타,78,30494,25.58
충청북도,보은군,부동산,30,30494,9.84
충청북도,보은군,생활서비스,79,30494,25.91
충청북도,보은군,소매,602,30494,197.42
충청북도,보은군,수리/개인서비스,173,30494,56.73
충청북도,보은군,숙박,139,30494,45.58
충청북도,보은군,음식/카페,666,30494,218.4
충청북도,보은군,의료/복지,32,30494,10.49
충청북도,영동군,관광/여가,83,43504,19.08
충청북도,영동군,교육,110,43504,25.29
충청북도,영동군,기타,103,43504,23.68
충청북도,영동군,부동산,39,43504,8.96
충청북도,영동군,생활서비스,59,43504,13.56
충청북도,영동군,소매,820,43504,188.49
충청북도,영동군,수리/개인서비스,277,43504,63.67
충청북도,영동군,숙박,107,43504,24.6
충청북도,영동군,음식/카페,860,43504,197.68
충청북도,영동군,의료/복지,53,43504,12.18
충청북도,옥천군,관광/여가,101,48119,20.99
충청북도,옥천군,교육,98,48119,20.37
충청북도,옥천군,기타,135,48119,28.06
충청북도,옥천군,부동산,42,48119,8.73
충청북도,옥천군,생활서비스,95,48119,19.74
충청북도,옥천군,소매,915,48119,190.15
충청북도,옥천군,수리/개인서비스,299,48119,62.14
충청북도,옥천군,숙박,115,48119,23.9
충청북도,옥천군,음식/카페,993,48119,206.36
충청북도,옥천군,의료/복지,61,48119,12.68
충청북도,음성군,관광/여가,236,91228,25.87
충청북도,음성군,교육,80,91228,8.77
충청북도,음성군,기타,538,91228,58.97
충청북도,음성군,부동산,228,91228,24.99
충청북도,음성군,생활서비스,323,91228,35.41
충청북도,음성군,소매,1209,91228,132.53
충청북도,음성군,수리/개인서비스,622,91228,68.18
충청북도,음성군,숙박,88,91228,9.65
충청북도,음성군,음식/카페,1641,91228,179.88
충청북도,음성군,의료/복지,35,91228,3.84
충청북도,제천시,관광/여가,211,128352,16.44
충청북도,제천시,교육,137,128352,10.67
충청북도,제천시,기타,258,128352,20.1
충청북도,제천시,부동산,115,128352,8.96
충청북도,제천시,생활서비스,167,128352,13.01
충청북도,제천시,소매,1398,128352,108.92
충청북도,제천시,수리/개인서비스,829,128352,64.59
충청북도,제천시,숙박,252,128352,19.63
충청북도,제천시,음식/카페,1583,128352,123.33
충청북도,제천시,의료/복지,50,128352,3.9
충청북도,증평군,관광/여가,89,37160,23.95
충청북도,증평군,교육,63,37160,16.95
충청북도,증평군,기타,73,37160,19.64
충청북도,증평군,부동산,43,37160,11.57
충청북도,증평군,생활서비스,71,37160,19.11
충청북도,증평군,소매,589,37160,158.5
충청북도,증평군,수리/개인서비스,311,37160,83.69
충청북도,증평군,숙박,33,37160,8.88
충청북도,증평군,음식/카페,789,37160,212.33
충청북도,증평군,의료/복지,22,37160,5.92
충청북도,진천군,관광/여가,198,86429,22.91
충청북도,진천군,교육,257,86429,29.74
충청북도,진천군,기타,194,86429,22.45
충청북도,진천군,부동산,141,86429,16.31
충청북도,진천군,생활서비스,299,86429,34.59
충청북도,진천군,소매,1166,86429,134.91
충청북도,진천군,수리/개인서비스,510,86429,59.01
충청북도,진천군,숙박,102,86429,11.8
충청북도,진천군,음식/카페,1874,86429,216.83
충청북도,진천군,의료/복지,90,86429,10.41
충청북도,청주시 상당구,관광/여가,194,197879,9.8
충청북도,청주시 상당구,교육,170,197879,8.59
충청북도,청주시 상당구,기타,433,197879,21.88
충청북도,청주시 상당구,부동산,194,197879,9.8
충청북도,청주시 상당구,생활서비스,208,197879,10.51
충청북도,청주시 상당구,소매,1580,197879,79.85
충청북도,청주시 상당구,수리/개인서비스,746,197879,37.7
충청북도,청주시 상당구,숙박,85,197879,4.3
충청북도,청주시 상당구,음식/카페,1319,197879,66.66
충청북도,청주시 상당구,의료/복지,71,197879,3.59
충청북도,청주시 서원구,관광/여가,219,181285,12.08
충청북도,청주시 서원구,교육,193,181285,10.65
충청북도,청주시 서원구,기타,489,181285,26.97
충청북도,청주시 서원구,부동산,211,181285,11.64
충청북도,청주시 서원구,생활서비스,264,181285,14.56
충청북도,청주시 서원구,소매,1400,181285,77.23
충청북도,청주시 서원구,수리/개인서비스,855,181285,47.16
충청북도,청주시 서원구,숙박,39,181285,2.15
충청북도,청주시 서원구,음식/카페,1284,181285,70.83
충청북도,청주시 서원구,의료/복지,46,181285,2.54
충청북도,청주시 청원구,관광/여가,232,189098,12.27
충청북도,청주시 청원구,교육,206,189098,10.89
충청북도,청주시 청원구,기타,399,189098,21.1
충청북도,청주시 청원구,부동산,220,189098,11.63
충청북도,청주시 청원구,생활서비스,273,189098,14.44
충청북도,청주시 청원구,소매,1240,189098,65.57
충청북도,청주시 청원구,수리/개인서비스,804,189098,42.52
충청북도,청주시 청원구,숙박,73,189098,3.86
충청북도,청주시 청원구,음식/카페,1508,189098,79.75
충청북도,청주시 청원구,의료/복지,45,189098,2.38
충청북도,청주시 흥덕구,관광/여가,214,286480,7.47
충청북도,청주시 흥덕구,교육,152,286480,5.31
충청북도,청주시 흥덕구,기타,351,286480,12.25
충청북도,청주시 흥덕구,부동산,307,286480,10.72
충청북도,청주시 흥덕구,생활서비스,249,286480,8.69
충청북도,청주시 흥덕구,소매,1448,286480,50.54
충청북도,청주시 흥덕구,수리/개인서비스,854,286480,29.81
충청북도,청주시 흥덕구,숙박,64,286480,2.23
충청북도,청주시 흥덕구,음식/카페,1282,286480,44.75
충청북도,청주시 흥덕구,의료/복지,79,286480,2.76
충청북도,충주시,관광/여가,161,207230,7.77
충청북도,충주시,교육,117,207230,5.65
충청북도,충주시,기타,300,207230,14.48
충청북도,충주시,부동산,208,207230,10.04
충청북도,충주시,생활서비스,198,207230,9.55
충청북도,충주시,소매,1460,207230,70.45
충청북도,충주시,수리/개인서비스,806,207230,38.89
충청북도,충주시,숙박,130,207230,6.27
충청북도,충주시,음식/카페,1588,207230,76.63
충청북도,충주시,의료/복지,32,207230,1.54
