district,district_profile,item_category,bid_count,amount_sum,amount_mean,latest_posted_date,count_score,amount_score,recency_score,opportunity_score,recommendation_flag,avg_lead_time_days,population,households,bids_per_10k_population,bids_per_10k_households,amount_per_10k_population,amount_per_10k_households
강서구,공항/산업단지/주거,폐기물/환경,95,292597122340.0,3079969708.8421054,2026-04-20 17:27:13,0.8623853211009175,0.8277188884260196,0.9375,86.7,제외,9.0,571154,259024,1.6633,3.6676,5122911199.7815,11296139444.2214
중구,도심/관광/명동,폐기물/환경,110,93770861544.0,852462377.6727272,2026-04-15 18:09:02,1.0,0.2652336029306289,0.8108108108108107,74.17,제외,5.1,120892,61208,9.099,17.9715,7756581208.3513,15320033581.2312
강남구,업무지구/고소득/IT,폐기물/환경,68,353494731759.0,5198451937.632353,2026-03-19 13:51:52,0.6146788990825688,1.0,0.46875,70.11,제외,7.1,524942,236215,1.2954,2.8787,6733976930.0037,14964956999.3015
중구,도심/관광/명동,시설유지보수,96,33075236260.0,344533711.0416667,2026-04-22 14:16:26,0.8715596330275229,0.09352391036028594,1.0,66.38,추천,6.7,120892,61208,7.941,15.6842,2735932589.4187,5403743997.5167
강남구,업무지구/고소득/IT,시설유지보수,86,25275197700.0,293897647.6744186,2026-04-20 16:09:37,0.7798165137614679,0.07145737398459949,0.9375,59.88,추천,6.8,524942,236215,1.6383,3.6408,481485529.83,1070008157.8223
강남구,업무지구/고소득/IT,행사/운영용역,66,35862815220.0,543375988.1818181,2026-04-10 15:20:08,0.5963302752293578,0.10141005246686269,0.7142857142857143,47.14,추천,10.5,524942,236215,1.2573,2.7941,683176717.0468,1518227683.2547
중구,도심/관광/명동,기타/미분류,53,9381931540.0,177017576.2264151,2026-04-22 22:01:36,0.47706422018348627,0.026494860895676174,1.0,44.65,제외,7.2,120892,61208,4.3841,8.659,776058923.6674,1532794984.3158
강서구,공항/산업단지/주거,시설유지보수,44,4979664888.0,113174202.0,2026-04-20 17:00:47,0.3944954128440367,0.014040720257193301,0.9375,38.9,추천,6.3,571154,259024,0.7704,1.6987,87186028.4267,192247239.1747
중구,도심/관광/명동,건설/공사,49,28838030556.0,588531235.8367347,2026-04-10 16:49:11,0.44036697247706424,0.08153673195349329,0.7142857142857143,38.75,제외,23.6,120892,61208,4.0532,8.0055,2385437461.205,4711480616.2593
은평구,주거/문화/뉴타운,폐기물/환경,29,54224116800.0,1869797131.0344827,2026-04-21 15:08:24,0.25688073394495414,0.15335470967635464,0.9677419354838709,36.8,제외,6.2,469094,210543,0.6182,1.3774,1155932857.8068,2575441444.2655
중구,도심/관광/명동,행사/운영용역,38,9106969122.0,239657082.15789473,2026-04-21 09:00:52,0.3394495412844037,0.02571698420287894,0.9375,36.49,추천,14.3,120892,61208,3.1433,6.2083,753314456.0434,1487872356.8815
송파구,가족주거/대형상권/복합문화,시설유지보수,35,14079656000.0,402275885.71428573,2026-04-20 16:30:10,0.3119266055045872,0.039784860282492285,0.9375,35.54,추천,83236.7,663823,287415,0.5272,1.2178,212099550.6332,489871996.9382
강남구,업무지구/고소득/IT,건설/공사,35,16434140000.0,469546857.14285713,2026-04-17 09:52:20,0.3119266055045872,0.04644576412704607,0.8333333333333334,33.66,제외,6.5,524942,236215,0.6667,1.4817,313065824.4149,695728044.3664
중구,도심/관광/명동,청소/환경미화,36,12325900490.0,342386124.7222222,2026-04-15 18:01:55,0.3211009174311927,0.0348234348410935,0.8108108108108107,33.32,추천,8.8,120892,61208,2.9779,5.8816,1019579499.8842,2013772789.5046
양천구,교육/주거/신도시,폐기물/환경,33,119639249040.0,3625431789.090909,2026-03-06 11:05:38,0.29357798165137616,0.33841602494942935,0.38961038961038963,32.62,제외,18.1,455390,201874,0.7247,1.6347,2627182174.4,5926431786.1636
관악구,청년/자취생/대학가,시설유지보수,26,6848272720.0,263395104.6153846,2026-04-22 11:12:54,0.22935779816513763,0.019327066264272604,1.0,32.05,추천,11.1,487305,243890,0.5335,1.0661,140533602.5692,280793501.9886
성동구,성수/브랜드/라이프스타일,폐기물/환경,17,77133369940.0,4537257055.294118,2026-04-17 08:52:03,0.14678899082568808,0.218165654374251,0.8333333333333334,30.55,제외,5.4,281402,128887,0.6041,1.319,2741038441.0914,5984573303.7467
강동구,주거/강변/문화,행사/운영용역,24,5827523000.0,242813458.33333334,2026-04-21 13:06:54,0.21100917431192662,0.01643933556222698,0.9677419354838709,30.4,추천,40.8,461012,204387,0.5206,1.1742,126407186.7977,285121998.953
동대문구,전통시장/패션/대학,시설유지보수,28,11611571161.0,414698970.03571427,2026-04-16 14:36:20,0.24770642201834864,0.032802576354132605,0.8333333333333334,30.04,추천,9.1,342289,165897,0.818,1.6878,339232962.818,699926530.3773
관악구,청년/자취생/대학가,폐기물/환경,37,142663433680.0,3855768477.8378377,2024-11-25 18:15:48,0.3302752293577982,0.40355211420987547,0.055248618784530384,29.73,제외,9.0,487305,243890,0.7593,1.5171,2927600449.0001,5849499105.3344
양천구,교육/주거/신도시,시설유지보수,26,23243415590.0,893977522.6923077,2026-04-16 10:42:59,0.22935779816513763,0.06570940319023666,0.8108108108108107,29.66,추천,16.5,455390,201874,0.5709,1.2879,510406807.1323,1151382327.0951
동작구,대학/주거/공원,행사/운영용역,28,3907049000.0,139537464.2857143,2026-04-16 16:38:38,0.24770642201834864,0.01100625865451999,0.8333333333333334,29.38,추천,14.2,380584,178302,0.7357,1.5704,102659307.8006,219125360.3437
강남구,업무지구/고소득/IT,전문용역/컨설팅,22,3313096000.0,150595272.72727272,2026-04-21 16:12:42,0.1926605504587156,0.009325948310009578,0.9677419354838709,29.27,추천,9.8,524942,236215,0.4191,0.9314,63113563.0222,140257646.6355
서초구,법조/교육/고소득,시설유지보수,18,22295967650.0,1238664869.4444444,2026-04-21 15:17:41,0.1559633027522936,0.06302904535979034,0.9677419354838709,29.04,추천,9.2,446718,203147,0.4029,0.8861,499106094.8966,1097528767.3458
용산구,외국인/관광/개발,시설유지보수,29,12651679000.0,436264793.1034483,2026-04-13 10:35:39,0.25688073394495414,0.035745071738915696,0.75,28.92,추천,17.7,225797,112084,1.2843,2.5873,560312094.492,1128767620.713
서대문구,대학/의료/주거,폐기물/환경,33,13997312001.0,424160969.72727275,2026-04-06 17:24:52,0.29357798165137616,0.03955190670985597,0.6521739130434783,28.91,제외,4.0,301916,146385,1.093,2.2543,463616105.1749,956198517.676
은평구,주거/문화/뉴타운,시설유지보수,17,56311322200.0,3312430717.647059,2026-04-13 14:22:40,0.14678899082568808,0.15925947457313602,0.7692307692307692,27.5,추천,10.6,469094,210543,0.3624,0.8074,1200427253.3863,2674575844.3643
동대문구,전통시장/패션/대학,폐기물/환경,27,61013195000.0,2259747962.962963,2026-03-24 09:17:16,0.23853211009174313,0.1725612097346928,0.5,27.1,제외,7.6,342289,165897,0.7888,1.6275,1782505280.6254,3677775668.035
강동구,주거/강변/문화,시설유지보수,16,8367610000.0,522975625.0,2026-04-21 15:31:38,0.13761467889908258,0.02362531570216468,0.9677419354838709,26.94,추천,14.1,461012,204387,0.3471,0.7828,181505253.6593,409400304.3246
용산구,외국인/관광/개발,폐기물/환경,21,98046363000.0,4668874428.571428,2026-03-18 17:57:05,0.1834862385321101,0.2773291211357497,0.46153846153846145,26.72,제외,7.2,225797,112084,0.93,1.8736,4342234972.121,8747578869.4194
강남구,업무지구/고소득/IT,청소/환경미화,21,108651845646.0,5173897411.714286,2026-03-11 09:19:11,0.1834862385321101,0.30733234058004827,0.410958904109589,26.61,추천,6.9,524942,236215,0.4,0.889,2069787626.9378,4599701358.7621
서초구,법조/교육/고소득,급수/전기/설비,13,55032478200.0,4233267553.8461537,2026-04-14 18:09:43,0.11009174311926606,0.15564158763222474,0.7894736842105263,25.96,추천,9.4,446718,203147,0.291,0.6399,1231928827.5825,2708997829.1582
강북구,주거/서민/교육,행사/운영용역,22,3166150000.0,143915909.0909091,2026-04-13 16:43:51,0.1926605504587156,0.008910233794072412,0.7692307692307692,25.28,추천,9.1,297441,139082,0.7396,1.5818,106446320.4467,227646280.6114
중랑구,주거/제조/서민,시설유지보수,21,79701092030.0,3795290096.6666665,2026-03-18 22:36:29,0.1834862385321101,0.2254298149890722,0.46153846153846145,25.17,추천,10.8,388558,177294,0.5405,1.1845,2051201932.0153,4495419587.2393
도봉구,주거/자연/교육,시설유지보수,14,4903073000.0,350219500.0,2026-04-21 09:52:40,0.11926605504587157,0.013824039574189793,0.9375,25.13,추천,16.1,313149,141362,0.4471,0.9904,156573164.8512,346845191.7771
영등포구,오피스/금융/교통,폐기물/환경,16,12760739880.0,797546242.5,2026-04-16 16:00:32,0.13761467889908258,0.03605360814641832,0.8333333333333334,24.63,제외,6.8,382246,191627,0.4186,0.835,333835798.9358,665915548.4352
강북구,주거/서민/교육,시설유지보수,25,5605175788.0,224207031.52,2026-04-06 10:49:02,0.22018348623853212,0.015810308820386042,0.6382978723404256,24.25,추천,10.3,297441,139082,0.8405,1.7975,188446642.7964,403012308.4224
성북구,대학/문화/주거,폐기물/환경,26,136057135000.0,5232966730.769231,2024-12-24 16:23:22,0.22935779816513763,0.38486270273972634,0.058365758754863814,24.18,제외,6.5,432127,198654,0.6017,1.3088,3148545103.6385,6848950184.7433
강남구,업무지구/고소득/IT,차량/운송,12,1105176560.0,92098046.66666667,2026-04-20 13:53:42,0.10091743119266056,0.0030796798765179785,0.9375,23.89,추천,5.7,524942,236215,0.2286,0.508,21053307.9845,46786891.603
마포구,홍대/관광/문화콘텐츠,전문용역/컨설팅,10,1596010000.0,159601000.0,2026-04-21 14:10:54,0.08256880733944955,0.004468261980933026,0.9677419354838709,23.62,추천,10.8,369048,181726,0.271,0.5503,43246677.9389,87825077.3142
중랑구,주거/제조/서민,폐기물/환경,16,4750521000.0,296907562.5,2026-04-15 22:31:21,0.13761467889908258,0.013392465520896431,0.8108108108108107,23.5,제외,6.6,388558,177294,0.4118,0.9025,122260280.3185,267945954.1778
노원구,주거/교육/대학,시설유지보수,7,6564710000.0,937815714.2857143,2026-04-22 13:17:33,0.05504587155963303,0.018524859066508626,1.0,23.31,데이터부족,10.3,505069,221187,0.1386,0.3165,129976498.2606,296794567.4927
강서구,공항/산업단지/주거,기타/미분류,17,2193049180.0,129002892.94117647,2026-04-14 16:35:15,0.14678899082568808,0.006157303218593268,0.7894736842105263,23.31,제외,6.8,571154,259024,0.2976,0.6563,38396810.3174,84665868.0277
동대문구,전통시장/패션/대학,건설/공사,12,17015154810.0,1417929567.5,2026-04-16 11:13:10,0.10091743119266056,0.04808947195503372,0.8333333333333334,23.16,제외,12.2,342289,165897,0.3506,0.7233,497099083.2308,1025645720.5374
강동구,주거/강변/문화,IT장비/전산,11,4126407570.0,375127960.90909094,2026-04-20 08:45:09,0.09174311926605505,0.011626830441055306,0.9090909090909091,23.12,추천,9.5,461012,204387,0.2386,0.5382,89507595.6808,201891880.1098
마포구,홍대/관광/문화콘텐츠,시설유지보수,22,4822277610.0,219194436.8181818,2026-04-07 09:37:23,0.1926605504587156,0.013595467061540217,0.6521739130434783,23.08,추천,14.6,369048,181726,0.5961,1.2106,130668032.6136,265359805.9716
용산구,외국인/관광/개발,행사/운영용역,13,1906224800.0,146632676.92307693,2026-04-17 17:00:41,0.11009174311926606,0.005345868689646053,0.8571428571428571,22.81,추천,11.4,225797,112084,0.5757,1.1598,84422060.5234,170071089.54
중구,도심/관광/명동,급수/전기/설비,14,7018086531.0,501291895.0714286,2026-04-15 17:50:59,0.11926605504587157,0.019807474483886003,0.8108108108108107,22.77,추천,6.3,120892,61208,1.1581,2.2873,580525306.141,1146596283.329
구로구,산업/디지털/제조,시설유지보수,13,36296000520.0,2792000040.0,2026-04-09 16:10:55,0.11009174311926606,0.10263554630337812,0.6976744186046512,22.54,추천,12.6,401907,189742,0.3235,0.6851,903094509.9239,1912913351.8146
마포구,홍대/관광/문화콘텐츠,청소/환경미화,15,3431276590.0,228751772.66666666,2026-04-14 17:07:50,0.12844036697247707,0.009660284642846257,0.7894736842105263,22.5,추천,6.1,369048,181726,0.4065,0.8254,92976430.9792,188815942.1327
강남구,업무지구/고소득/IT,IT장비/전산,22,14218252271.0,646284194.1363636,2026-03-30 14:36:00,0.1926605504587156,0.040176953171781285,0.5660377358490566,22.16,추천,12.5,524942,236215,0.4191,0.9314,270853775.6743,601919957.2847
금천구,제조/산업단지/중소기업,보험/금융,8,1903061300.0,237882662.5,2026-04-20 17:40:16,0.06422018348623854,0.005336919055963154,0.9375,22.12,데이터부족,6.4,229348,113402,0.3488,0.7055,82977017.4582,167815497.0812
구로구,산업/디지털/제조,IT장비/전산,9,3085648100.0,342849788.8888889,2026-04-20 09:46:05,0.07339449541284404,0.008682491573184998,0.9090909090909091,22.11,데이터부족,11.1,401907,189742,0.2239,0.4743,76775176.8444,162623356.9795
서대문구,대학/의료/주거,시설유지보수,5,2422911800.0,484582360.0,2026-04-23 10:50:56,0.03669724770642202,0.00680759126866165,1.0,22.04,데이터부족,9.4,301916,146385,0.1656,0.3416,80251189.0725,165516398.5381
구로구,산업/디지털/제조,폐기물/환경,22,130896971140.0,5949862324.545455,2024-12-19 17:31:37,0.1926605504587156,0.3702644488150441,0.057803468208092484,21.9,제외,6.5,401907,189742,0.5474,1.1595,3256897021.9479,6898681954.4434
강북구,주거/서민/교육,기타/미분류,7,1319443100.0,188491871.42857143,2026-04-21 09:35:34,0.05504587155963303,0.003685846161803942,0.9375,21.61,제외,9.9,297441,139082,0.2353,0.5033,44359825.9823,94867998.7346
강동구,주거/강변/문화,청소/환경미화,4,723997080.0,180999270.0,2026-04-22 16:25:57,0.027522935779816515,0.002001312020207631,1.0,21.44,데이터부족,6.5,461012,204387,0.0868,0.1957,15704517.0191,35422853.704
강북구,주거/서민/교육,IT장비/전산,10,1682985000.0,168298500.0,2026-04-17 16:43:12,0.08256880733944955,0.004714316790343523,0.8571428571428571,21.41,추천,10.3,297441,139082,0.3362,0.719,56582145.7028,121006672.3228
광진구,대학/강변/상업,폐기물/환경,24,16888331000.0,703680458.3333334,2026-03-18 14:58:32,0.21100917431192662,0.047730683700957684,0.46153846153846145,21.21,제외,5.3,342481,162039,0.7008,1.4811,493117311.6173,1042238658.5945
동작구,대학/주거/공원,폐기물/환경,14,18196674000.0,1299762428.5714285,2026-04-07 16:45:08,0.11926605504587157,0.05143202417245591,0.6666666666666666,20.84,제외,7.1,380584,178302,0.3679,0.7852,478125039.4131,1020553555.2041
동작구,대학/주거/공원,시설유지보수,37,24164081431.0,653083281.918919,2025-07-16 13:23:42,0.3302752293577982,0.06831399368219424,0.0967741935483871,20.5,추천,16.2,380584,178302,0.9722,2.0751,634921106.2735,1355233336.1936
중구,도심/관광/명동,조경/녹지관리,14,1603972020.0,114569430.0,2026-04-10 13:17:37,0.11926605504587157,0.004490786767522535,0.7142857142857143,20.38,추천,5.1,120892,61208,1.1581,2.2873,132678094.4976,262052676.1208
광진구,대학/강변/상업,행사/운영용역,22,6897205800.0,313509354.54545456,2026-03-24 06:19:48,0.1926605504587156,0.019465499373479488,0.5,20.22,추천,17.0,342481,162039,0.6424,1.3577,201389443.502,425650972.9139
금천구,제조/산업단지/중소기업,전문용역/컨설팅,8,1927700000.0,240962500.0,2026-04-16 20:46:38,0.06422018348623854,0.005406622656223257,0.8333333333333334,20.04,데이터부족,9.5,229348,113402,0.3488,0.7055,84051310.672,169988183.6299
종로구,공공기관/전통상권/관광,전문용역/컨설팅,11,654680000.0,59516363.63636363,2026-04-13 15:49:19,0.09174311926605505,0.0018052119810205982,0.7692307692307692,20.03,추천,13.7,141990,66939,0.7747,1.6433,46107472.3572,97802476.8819
광진구,대학/강변/상업,IT장비/전산,18,7166276170.0,398126453.8888889,2026-03-30 14:29:54,0.1559633027522936,0.020226707290793223,0.5660377358490566,19.73,추천,10.2,342481,162039,0.5256,1.1108,209245948.5344,442256257.4442
강서구,공항/산업단지/주거,건설/공사,29,25208821018.0,869269690.2758621,2026-01-14 13:04:13,0.25688073394495414,0.07126959241703627,0.234375,19.67,제외,9.7,571154,259024,0.5077,1.1196,441366444.3915,973223369.958
은평구,주거/문화/뉴타운,행사/운영용역,6,6149521000.0,1024920166.6666666,2026-04-16 16:00:17,0.045871559633027525,0.0173502772870969,0.8333333333333334,19.48,데이터부족,8.3,469094,210543,0.1279,0.285,131093576.1276,292079100.2313
서대문구,대학/의료/주거,전문용역/컨설팅,1,268992000.0,268992000.0,2026-04-21 16:28:43,0.0,0.0007140893902541037,0.9677419354838709,19.38,데이터부족,5.0,301916,146385,0.0331,0.0683,8909498.0061,18375653.2432
중구,도심/관광/명동,IT장비/전산,38,10131591590.0,266620831.31578946,2024-12-23 18:46:27,0.3394495412844037,0.02861567102186662,0.058252427184466014,19.0,추천,9.9,120892,61208,3.1433,6.2083,838069648.1157,1655272446.4122
강남구,업무지구/고소득/IT,의료/복지용품,7,187127500.0,26732500.0,2026-04-15 15:52:53,0.05504587155963303,0.00048249233426116714,0.8108108108108107,18.98,데이터부족,4.7,524942,236215,0.1333,0.2963,3564727.1508,7921914.3577
구로구,산업/디지털/제조,조경/녹지관리,1,98824000.0,98824000.0,2026-04-20 13:25:35,0.0,0.00023267915963880617,0.9375,18.76,데이터부족,29.0,401907,189742,0.0249,0.0527,2458877.3025,5208335.5293
강남구,업무지구/고소득/IT,기타/미분류,16,5749586000.0,359349125.0,2026-03-30 13:44:57,0.13761467889908258,0.01621884951817954,0.5660377358490566,18.69,제외,11.1,524942,236215,0.3048,0.6773,109528024.0484,243404779.5441
노원구,주거/교육/대학,폐기물/환경,24,79915730000.0,3329822083.3333335,2024-12-03 13:56:02,0.21100917431192662,0.22603703206065145,0.05607476635514019,18.45,제외,19.8,505069,221187,0.4752,1.0851,1582273511.144,3613039193.081
용산구,외국인/관광/개발,전문용역/컨설팅,10,1260354000.0,126035400.0,2026-04-09 16:37:52,0.08256880733944955,0.0035186813760754243,0.6976744186046512,18.19,추천,6.1,225797,112084,0.4429,0.8922,55818013.5254,112447271.6891
강남구,업무지구/고소득/IT,보험/금융,5,771540804.0,154308160.8,2026-04-15 08:47:30,0.03669724770642202,0.002135814600805335,0.7894736842105263,17.69,데이터부족,5.8,524942,236215,0.0952,0.2117,14697639.0535,32662650.7207
영등포구,오피스/금융/교통,차량/운송,4,229226920.0,57306730.0,2026-04-16 07:52:02,0.027522935779816515,0.0006015928201984189,0.8108108108108107,17.61,데이터부족,9.0,382246,191627,0.1046,0.2087,5996842.8708,11962141.0344
서초구,법조/교육/고소득,행사/운영용역,8,3517290000.0,439661250.0,2026-04-10 08:33:29,0.06422018348623854,0.009903619086126475,0.6976744186046512,17.46,데이터부족,11.2,446718,203147,0.1791,0.3938,78736249.7146,173140139.8987
도봉구,주거/자연/교육,건설/공사,10,1786130400.0,178613040.0,2026-04-07 09:31:23,0.08256880733944955,0.005006118132551853,0.6521739130434783,17.32,제외,8.9,313149,141362,0.3193,0.7074,57037716.8696,126351523.0401
성북구,대학/문화/주거,전문용역/컨설팅,3,349755000.0,116585000.0,2026-04-15 18:00:17,0.01834862385321101,0.0009425702706498494,0.8108108108108107,17.16,데이터부족,12.7,432127,198654,0.0694,0.151,8093801.1279,17606239.9952
강북구,주거/서민/교육,청소/환경미화,2,400000000.0,200000000.0,2026-04-17 10:39:53,0.009174311926605505,0.0010847148397654623,0.8333333333333334,17.16,데이터부족,15.5,297441,139082,0.0672,0.1438,13448045.1585,28760012.0792
중구,도심/관광/명동,인쇄/홍보물,8,1106209200.0,138276150.0,2026-04-09 09:50:51,0.06422018348623854,0.0030826012451686214,0.6818181818181818,16.94,데이터부족,12.2,120892,61208,0.6617,1.307,91503920.855,180729512.482
종로구,공공기관/전통상권/관광,IT장비/전산,8,3030945340.0,378868167.5,2026-04-07 15:36:37,0.06422018348623854,0.00852773587113236,0.6666666666666666,16.8,데이터부족,13.2,141990,66939,0.5634,1.1951,213461887.4569,452792145.0873
강북구,주거/서민/교육,폐기물/환경,20,81036863840.0,4051843192.0,2024-12-18 18:29:58,0.1743119266055046,0.22920875236332303,0.057692307692307696,16.75,제외,8.1,297441,139082,0.6724,1.438,2724468511.0661,5826552957.2482
성북구,대학/문화/주거,보험/금융,1,45003260.0,45003260.0,2026-04-16 11:13:28,0.0,8.041871786781536e-05,0.8333333333333334,16.67,데이터부족,5.0,432127,198654,0.0231,0.0503,1041435.9667,2265409.2039
강동구,주거/강변/문화,의료/복지용품,1,24816000.0,24816000.0,2026-04-17 08:53:28,0.0,2.330837108057588e-05,0.8333333333333334,16.67,데이터부족,11.0,461012,204387,0.0217,0.0489,538294.014,1214167.2416
용산구,외국인/관광/개발,기타/미분류,13,2486862800.0,191297138.46153846,2026-03-27 17:01:38,0.11009174311926606,0.006988510511163642,0.5357142857142857,16.43,제외,13.2,225797,112084,0.5757,1.1598,110137105.4531,221874915.2421
종로구,공공기관/전통상권/관광,건설/공사,3,179223000.0,59741000.0,2026-04-13 15:05:22,0.01834862385321101,0.00046013027342776356,0.7692307692307692,16.32,제외,6.3,141990,66939,0.2113,0.4482,12622226.9174,26774077.8918
강서구,공항/산업단지/주거,조경/녹지관리,6,652873720.0,108812286.66666667,2026-04-09 13:59:23,0.045871559633027525,0.0018001019622664507,0.6976744186046512,16.3,데이터부족,6.0,571154,259024,0.1051,0.2316,11430782.591,25205143.9249
도봉구,주거/자연/교육,보험/금융,1,185000000.0,185000000.0,2026-04-16 10:32:12,0.0,0.0004764735747668201,0.8108108108108107,16.23,데이터부족,8.0,313149,141362,0.0319,0.0707,5907730.8246,13086968.2093
마포구,홍대/관광/문화콘텐츠,행사/운영용역,5,862404400.0,172480880.0,2026-04-10 14:57:55,0.03669724770642202,0.0023928703616116864,0.7142857142857143,16.19,데이터부족,10.0,369048,181726,0.1355,0.2751,23368353.1682,47456302.3453
양천구,교육/주거/신도시,청소/환경미화,7,1652467930.0,236066847.14285713,2026-04-06 16:03:28,0.05504587155963303,0.00462798311006049,0.6521739130434783,15.93,데이터부족,6.0,455390,201874,0.1537,0.3468,36286873.4491,81856402.0131
서초구,법조/교육/고소득,전문용역/컨설팅,5,1528497000.0,305699400.0,2026-04-09 16:18:42,0.03669724770642202,0.004277265736636033,0.6976744186046512,15.92,데이터부족,12.0,446718,203147,0.1119,0.2461,34216149.7858,75240933.905
영등포구,오피스/금융/교통,시설유지보수,25,21532418502.0,861296740.08,2025-10-29 10:54:05,0.22018348623853212,0.060868942570636124,0.14634146341463417,15.76,추천,13.3,382246,191627,0.654,1.3046,563313115.1667,1123663079.9418
마포구,홍대/관광/문화콘텐츠,IT장비/전산,5,1640371120.0,328074224.0,2026-04-07 17:52:32,0.03669724770642202,0.00459376088207515,0.6666666666666666,15.31,데이터부족,14.8,369048,181726,0.1355,0.2751,44448719.9497,90266176.5515
서대문구,대학/의료/주거,사무용품/소모품,11,2060417000.0,187310636.36363637,2026-03-27 10:27:44,0.09174311926605505,0.00578208291653407,0.5263157894736842,15.29,추천,9.7,301916,146385,0.3643,0.7514,68244710.4493,140753287.5636
강서구,공항/산업단지/주거,전문용역/컨설팅,3,428173930.0,142724643.33333334,2026-04-10 17:15:53,0.01834862385321101,0.0011644197087105005,0.7142857142857143,15.24,데이터부족,21.7,571154,259024,0.0525,0.1158,7496645.9134,16530280.2057
중구,도심/관광/명동,차량/운송,5,424318000.0,84863600.0,2026-04-06 18:05:31,0.03669724770642202,0.0011535111703805181,0.6521739130434783,14.91,데이터부족,5.0,120892,61208,0.4136,0.8169,35098931.2775,69323944.5824
은평구,주거/문화/뉴타운,IT장비/전산,13,5088175720.0,391398132.3076923,2026-03-16 17:02:41,0.11009174311926606,0.01434770056287579,0.44776119402985076,14.89,추천,12.5,469094,210543,0.2771,0.6175,108468147.5355,241669194.4163
서대문구,대학/의료/주거,청소/환경미화,10,2451211920.0,245121192.0,2026-03-25 14:07:51,0.08256880733944955,0.006887653132793806,0.5172413793103449,14.68,추천,5.4,301916,146385,0.3312,0.6831,81188539.8588,167449664.9247
성북구,대학/문화/주거,행사/운영용역,4,1695661000.0,423915250.0,2026-04-06 15:37:41,0.027522935779816515,0.004750177563716187,0.6521739130434783,14.56,데이터부족,7.8,432127,198654,0.0926,0.2014,39239876.2401,85357506.0155
광진구,대학/강변/상업,건설/공사,6,8343595574.0,1390599262.3333333,2026-03-31 16:48:19,0.045871559633027525,0.02355737819124163,0.5769230769230769,14.54,제외,13.8,342481,162039,0.1752,0.3703,243622144.7029,514912803.3375
용산구,외국인/관광/개발,건설/공사,6,2688922240.0,448153706.6666667,2026-04-02 17:13:55,0.045871559633027525,0.007560142554840467,0.6000000000000001,14.52,제외,25.2,225797,112084,0.2657,0.5353,119085826.6496,239902416.0451
금천구,제조/산업단지/중소기업,기타/미분류,12,2373600000.0,197800000.0,2026-03-19 07:31:37,0.10091743119266056,0.0066680867495390456,0.46153846153846145,14.48,제외,15.0,229348,113402,0.5232,1.0582,103493381.2372,209308477.8046
성동구,성수/브랜드/라이프스타일,방역/소독,2,223952680.0,111976340.0,2026-04-09 10:41:16,0.009174311926605505,0.0005866718415495518,0.6818181818181818,14.11,데이터부족,5.5,281402,128887,0.0711,0.1552,7958460.8496,17375893.6122
서대문구,대학/의료/주거,건설/공사,20,26409443528.0,1320472176.4,2025-10-29 18:01:19,0.1743119266055046,0.0746661884834002,0.14634146341463417,13.88,제외,10.8,301916,146385,0.6624,1.3663,874728186.9129,1804108585.4425
관악구,청년/자취생/대학가,IT장비/전산,11,2613370500.0,237579136.36363637,2026-03-16 13:58:16,0.09174311926605505,0.00734640448083838,0.44776119402985076,13.76,추천,11.9,487305,243890,0.2257,0.451,53629051.6206,107153655.3364
도봉구,주거/자연/교육,폐기물/환경,14,76680854472.0,5477203890.857142,2024-12-10 10:20:37,0.11926605504587157,0.21688547492919158,0.05671077504725898,13.6,제외,16.6,313149,141362,0.4471,0.9904,2448701879.0416,5424431917.4884
동대문구,전통시장/패션/대학,사무용품/소모품,10,3112500000.0,311250000.0,2026-03-17 22:10:02,0.08256880733944955,0.008758456380736706,0.45454545454545453,13.48,추천,16.2,342289,165897,0.2922,0.6028,90931931.7886,187616412.5934
동대문구,전통시장/패션/대학,행사/운영용역,12,3295043000.0,274586916.6666667,2026-03-09 11:07:11,0.10091743119266056,0.009274875846953669,0.4054054054054054,13.43,추천,11.2,342289,165897,0.3506,0.7233,96264939.8608,198619806.2653
금천구,제조/산업단지/중소기업,시설유지보수,7,2936424000.0,419489142.85714287,2026-03-23 17:59:18,0.05504587155963303,0.008260332245965073,0.5,13.0,데이터부족,18.1,229348,113402,0.3052,0.6173,128033555.9935,258939348.5124
용산구,외국인/관광/개발,인쇄/홍보물,5,1876848600.0,375369720.0,2026-03-27 17:02:03,0.03669724770642202,0.005262762563837434,0.5357142857142857,12.71,데이터부족,16.4,225797,112084,0.2214,0.4461,83121060.0672,167450180.222
금천구,제조/산업단지/중소기업,조경/녹지관리,6,1450750000.0,241791666.66666666,2026-03-23 16:52:57,0.045871559633027525,0.004057317208125106,0.5,12.42,데이터부족,27.7,229348,113402,0.2616,0.5291,63255402.2708,127929842.5072
광진구,대학/강변/상업,교육물품/교구,3,342366000.0,114122000.0,2026-03-30 14:29:21,0.01834862385321101,0.0009216665743378729,0.5660377358490566,12.27,데이터부족,11.0,342481,162039,0.0876,0.1851,9996642.1495,21128617.1848
강서구,공항/산업단지/주거,IT장비/전산,15,5956159780.0,397077318.6666667,2026-01-22 13:52:22,0.12844036697247707,0.016803252761262103,0.25,11.93,추천,13.1,571154,259024,0.2626,0.5791,104282904.0854,229946251.3126
금천구,제조/산업단지/중소기업,행사/운영용역,8,1539629200.0,192453650.0,2026-03-11 20:35:52,0.06422018348623854,0.004308759054823094,0.4166666666666667,11.67,데이터부족,9.4,229348,113402,0.3488,0.7055,67130700.9435,135767376.2368
강북구,주거/서민/교육,건설/공사,10,61853843000.0,6185384300.0,2025-08-18 10:17:37,0.08256880733944955,0.1749394274227792,0.1079136690647482,11.53,제외,35.9,297441,139082,0.3362,0.719,2079533184.7324,4447293179.5631
금천구,제조/산업단지/중소기업,차량/운송,4,1493878870.0,373469717.5,2026-03-24 09:57:47,0.027522935779816515,0.004179330038110046,0.5,11.5,데이터부족,7.0,229348,113402,0.1744,0.3527,65135901.3377,131733026.7544
중랑구,주거/제조/서민,차량/운송,5,536151550.0,107230310.0,2026-03-20 10:59:51,0.03669724770642202,0.0014698915421074432,0.47619047619047616,11.4,데이터부족,5.8,388558,177294,0.1287,0.282,13798494.6906,30240817.5122
양천구,교육/주거/신도시,행사/운영용역,19,5116150200.0,269271063.15789473,2025-10-13 14:57:01,0.1651376146788991,0.014426841181958949,0.13574660633484165,11.4,추천,11.3,455390,201874,0.4172,0.9412,112346564.4832,253432844.2494
서초구,법조/교육/고소득,기타/미분류,22,4856939000.0,220769954.54545453,2024-12-17 17:21:31,0.1926605504587156,0.013693525143866781,0.05758157389635316,11.2,제외,9.6,446718,203147,0.4925,1.083,108724945.0436,239084948.3379
강남구,업무지구/고소득/IT,급수/전기/설비,17,3773891900.0,221993641.17647058,2025-12-02 15:43:56,0.14678899082568808,0.01062955333848487,0.17543859649122806,11.17,추천,8.4,524942,236215,0.3238,0.7197,71891597.5479,159765124.9921
강동구,주거/강변/문화,폐기물/환경,10,62690243810.0,6269024381.0,2024-12-11 16:45:04,0.08256880733944955,0.17730562968659452,0.05692599620493359,10.59,제외,23.4,461012,204387,0.2169,0.4893,1359839739.7465,3067232446.7799
금천구,제조/산업단지/중소기업,건설/공사,5,3005744000.0,601148800.0,2026-03-12 22:45:35,0.03669724770642202,0.008456440545917192,0.4225352112676056,10.54,제외,31.8,229348,113402,0.218,0.4409,131056037.1139,265052115.483
관악구,청년/자취생/대학가,조경/녹지관리,2,450020000.0,225010000.0,2026-03-23 18:11:45,0.009174311926605505,0.0012262228773246813,0.5,10.5,데이터부족,7.5,487305,243890,0.041,0.082,9234873.4366,18451761.0398
용산구,외국인/관광/개발,IT장비/전산,16,5791548000.0,361971750.0,2025-10-29 20:57:15,0.13761467889908258,0.016337561238932437,0.14634146341463417,10.3,추천,10.8,225797,112084,0.7086,1.4275,256493576.0883,516714963.7772
동대문구,전통시장/패션/대학,인쇄/홍보물,4,2487790000.0,621947500.0,2026-03-13 14:32:32,0.027522935779816515,0.006991133586981813,0.4285714285714286,10.16,데이터부족,12.2,342289,165897,0.1169,0.2411,72680980.1075,149959914.8869
양천구,교육/주거/신도시,전문용역/컨설팅,3,1042631000.0,347543666.6666667,2026-03-17 10:48:03,0.01834862385321101,0.002902736664729846,0.44776119402985076,9.96,데이터부족,15.7,455390,201874,0.0659,0.1486,22895342.4537,51647611.8767
중랑구,주거/제조/서민,행사/운영용역,4,587002000.0,146750500.0,2026-03-10 17:31:59,0.027522935779816515,0.0016137489469155838,0.410958904109589,9.64,데이터부족,12.8,388558,177294,0.1029,0.2256,15107191.2044,33108960.2581
서대문구,대학/의료/주거,행사/운영용역,2,334976000.0,167488000.0,2026-03-17 14:58:23,0.009174311926605505,0.0009007600489967568,0.45454545454545453,9.58,데이터부족,12.0,301916,146385,0.0662,0.1366,11095006.5581,22883218.909
성동구,성수/브랜드/라이프스타일,행사/운영용역,15,4740278300.0,316018553.3333333,2025-10-15 17:44:33,0.12844036697247707,0.013363488624128981,0.136986301369863,9.56,추천,9.0,281402,128887,0.533,1.1638,168452189.3945,367785602.8925
관악구,청년/자취생/대학가,행사/운영용역,18,3381849000.0,187880500.0,2024-12-18 17:49:53,0.1559633027522936,0.009520452550439585,0.057692307692307696,9.24,추천,12.4,487305,243890,0.3694,0.738,69399021.1469,138662880.8069
광진구,대학/강변/상업,방역/소독,1,149072900.0,149072900.0,2026-03-17 17:24:48,0.0,0.0003748347619680633,0.45454545454545453,9.1,데이터부족,7.0,342481,162039,0.0292,0.0617,4352734.8962,9199816.0937
영등포구,오피스/금융/교통,행사/운영용역,14,3591408000.0,256529142.85714287,2025-10-20 17:40:24,0.11926605504587157,0.010113301067890053,0.14018691588785046,9.07,추천,10.0,382246,191627,0.3663,0.7306,93955410.9134,187416595.7824
강서구,공항/산업단지/주거,청소/환경미화,9,1484733170.0,164970352.2222222,2026-01-28 10:53:48,0.07339449541284404,0.0041534565863086586,0.2631578947368421,9.06,데이터부족,5.8,571154,259024,0.1576,0.3475,25995321.2268,57320293.4863
성동구,성수/브랜드/라이프스타일,시설유지보수,16,7204773540.0,450298346.25,2025-04-22 15:19:39,0.13761467889908258,0.020335617472318435,0.0759493670886076,9.01,추천,13.9,281402,128887,0.5686,1.2414,256031355.1432,558999242.7475
용산구,외국인/관광/개발,조경/녹지관리,2,131967510.0,65983755.0,2026-03-12 21:28:21,0.009174311926605505,0.0003264431152150627,0.4225352112676056,8.92,데이터부족,12.5,225797,112084,0.0886,0.1784,5844520.0778,11773982.9057
노원구,주거/교육/대학,건설/공사,7,58090922000.0,8298703142.857142,2024-09-25 15:51:17,0.05504587155963303,0.16429401426403523,0.049668874172185434,8.67,제외,21.1,505069,221187,0.1386,0.3165,1150158136.809,2626326230.7459
종로구,공공기관/전통상권/관광,시설유지보수,17,1426622400.0,83918964.70588236,2024-12-23 18:58:13,0.14678899082568808,0.003989059524658217,0.058252427184466014,8.62,추천,6.8,141990,66939,1.1973,2.5396,100473441.7917,213122753.5517
강서구,공항/산업단지/주거,급수/전기/설비,8,1356243554.0,169530444.25,2026-01-27 17:26:10,0.06422018348623854,0.0037899557185178227,0.2608695652173913,8.54,데이터부족,7.8,571154,259024,0.1401,0.3089,23745671.9904,52359764.1145
광진구,대학/강변/상업,시설유지보수,16,3828059000.0,239253687.5,2024-12-04 13:33:59,0.13761467889908258,0.010782793642788628,0.056179775280898875,8.33,추천,9.2,342481,162039,0.4672,0.9874,111774346.6061,236243064.9412
광진구,대학/강변/상업,차량/운송,1,60500000.0,60500000.0,2026-03-10 15:49:29,0.0,0.00012425944689551332,0.410958904109589,8.22,데이터부족,6.0,342481,162039,0.0292,0.0617,1766521.3545,3733669.055
동대문구,전통시장/패션/대학,전문용역/컨설팅,13,3286480000.0,252806153.84615386,2025-09-12 16:26:16,0.11009174311926606,0.009250650870431885,0.11904761904761904,8.16,추천,14.2,342289,165897,0.3798,0.7836,96014771.1437,198103642.6216
금천구,제조/산업단지/중소기업,폐기물/환경,13,17137617720.0,1318278286.1538463,2024-12-20 12:33:11,0.11009174311926606,0.04843592309593519,0.05791505791505792,8.12,제외,8.7,229348,113402,0.5668,1.1464,747232054.3454,1511227114.1602
중랑구,주거/제조/서민,IT장비/전산,11,4070092410.0,370008400.90909094,2025-10-29 17:33:38,0.09174311926605505,0.011467513212418094,0.14634146341463417,7.86,추천,12.0,388558,177294,0.2831,0.6204,104748645.2473,229567408.3725
은평구,주거/문화/뉴타운,건설/공사,11,4552660000.0,413878181.8181818,2025-10-14 16:19:29,0.09174311926605505,0.012832710986320169,0.13636363636363638,7.7,제외,19.8,469094,210543,0.2345,0.5225,97052189.9662,216234213.4386
중랑구,주거/제조/서민,건설/공사,9,11959392000.0,1328821333.3333333,2025-10-29 10:25:18,0.07339449541284404,0.033786571642998885,0.14563106796116507,7.6,제외,14.2,388558,177294,0.2316,0.5076,307789107.4177,674551423.06
구로구,산업/디지털/제조,행사/운영용역,11,1981443800.0,180131254.54545453,2025-10-22 17:32:31,0.09174311926605505,0.005558665432492252,0.14150943396226415,7.58,추천,14.5,401907,189742,0.2737,0.5797,49301052.2335,104428318.4535
도봉구,주거/자연/교육,인쇄/홍보물,10,6304461000.0,630446100.0,2025-10-21 16:05:19,0.08256880733944955,0.017788607061975454,0.14084507042253522,7.48,추천,25.7,313149,141362,0.3193,0.7074,201324640.9856,445979895.5872
강남구,업무지구/고소득/IT,조경/녹지관리,14,3120851260.0,222917947.14285713,2024-12-17 13:34:22,0.11926605504587157,0.008782082338628485,0.05758157389635316,7.38,추천,5.5,524942,236215,0.2667,0.5927,59451353.8639,132119097.4324
마포구,홍대/관광/문화콘텐츠,폐기물/환경,12,12347215000.0,1028934583.3333334,2024-12-16 13:10:59,0.10091743119266056,0.03488373421097827,0.0574712643678161,7.24,제외,5.9,369048,181726,0.3252,0.6603,334569351.4123,679441301.74
중구,도심/관광/명동,전문용역/컨설팅,14,1279424000.0,91387428.57142857,2024-10-24 19:12:42,0.11926605504587157,0.003572630961766234,0.05217391304347826,7.11,추천,10.2,120892,61208,1.1581,2.2873,105831982.2652,209028885.1131
영등포구,오피스/금융/교통,건설/공사,10,20932862000.0,2093286200.0,2024-11-18 20:59:55,0.08256880733944955,0.05917277975568431,0.05454545454545455,6.99,제외,26.5,382246,191627,0.2616,0.5218,547628019.6523,1092375395.9515
강서구,공항/산업단지/주거,행사/운영용역,6,1027600000.0,171266666.66666666,2026-01-13 10:17:18,0.045871559633027525,0.002860213527733592,0.23076923076923073,6.99,데이터부족,9.3,571154,259024,0.1051,0.2316,17991644.9854,39671999.5058
송파구,가족주거/대형상권/복합문화,폐기물/환경,13,3693303000.0,284100230.7692308,2024-12-13 17:25:43,0.11009174311926606,0.010401564992062316,0.05714285714285714,6.96,제외,6.3,663823,287415,0.1958,0.4523,55636864.0436,128500704.5561
서초구,법조/교육/고소득,폐기물/환경,12,6337205830.0,528100485.8333333,2024-12-17 16:37:48,0.10091743119266056,0.017881243140214362,0.05758157389635316,6.73,제외,5.9,446718,203147,0.2686,0.5907,141861438.9839,311951731.0125
서초구,법조/교육/고소득,건설/공사,9,20686972100.0,2298552455.5555553,2024-12-09 18:26:32,0.07339449541284404,0.05847715006346854,0.05671077504725898,6.56,제외,28.8,446718,203147,0.2015,0.443,463087945.8629,1018325257.0798
송파구,가족주거/대형상권/복합문화,행사/운영용역,12,3323900000.0,276991666.6666667,2024-12-09 20:23:45,0.10091743119266056,0.009356513140833043,0.05671077504725898,6.46,추천,10.1,663823,287415,0.1808,0.4175,50072082.4678,115648104.657
성북구,대학/문화/주거,시설유지보수,8,2931052000.0,366381500.0,2025-10-27 18:42:26,0.06422018348623854,0.008245134701427525,0.14492753623188406,6.36,데이터부족,10.4,432127,198654,0.1851,0.4027,67828485.6072,147545581.7653
영등포구,오피스/금융/교통,급수/전기/설비,8,1571556000.0,196444500.0,2025-10-28 18:24:36,0.06422018348623854,0.004399080902354994,0.14563106796116507,6.26,데이터부족,5.5,382246,191627,0.2093,0.4175,41113733.041,82011198.8394
강남구,업무지구/고소득/IT,인쇄/홍보물,7,4359008570.0,622715510.0,2025-11-10 09:50:41,0.05504587155963303,0.012284865447938791,0.15463917525773196,6.21,데이터부족,16.6,524942,236215,0.1333,0.2963,83037908.3784,184535637.8723
도봉구,주거/자연/교육,기타/미분류,11,4959258000.0,450841636.3636364,2024-11-18 10:50:43,0.09174311926605505,0.013982988576394205,0.0544464609800363,6.1,제외,18.2,313149,141362,0.3513,0.7781,158367358.6695,350819739.3925
동대문구,전통시장/패션/대학,IT장비/전산,11,3931919960.0,357447269.09090906,2024-12-06 13:39:33,0.09174311926605505,0.01107661932508804,0.05639097744360902,6.05,추천,14.7,342289,165897,0.3214,0.6631,114871350.2333,237009708.4335
동작구,대학/주거/공원,급수/전기/설비,10,9232657352.0,923265735.2,2024-11-01 17:25:07,0.08256880733944955,0.026072559868044708,0.052910052910052914,5.97,추천,11.3,380584,178302,0.2628,0.5608,242591841.801,517810083.5661
서대문구,대학/의료/주거,차량/운송,7,4170068010.0,595724001.4285715,2025-10-16 20:31:40,0.05504587155963303,0.011750347098059945,0.13761467889908258,5.86,데이터부족,6.7,301916,146385,0.2319,0.4782,138120139.7077,284869898.5552
강동구,주거/강변/문화,전문용역/컨설팅,8,1165255500.0,145656937.5,2025-09-13 13:33:09,0.06422018348623854,0.003249644948449967,0.1195219123505976,5.7,데이터부족,11.5,461012,204387,0.1735,0.3914,25276034.0295,57012212.127
강북구,주거/서민/교육,조경/녹지관리,5,15154993000.0,3030998600.0,2025-09-18 17:04:44,0.03669724770642202,0.04282701999030552,0.12195121951219513,5.56,데이터부족,21.0,297441,139082,0.1681,0.3595,509512575.6032,1089644454.3507
동작구,대학/주거/공원,IT장비/전산,8,3538389680.0,442298710.0,2025-07-28 11:22:48,0.06422018348623854,0.009963310695681203,0.10067114093959731,5.52,데이터부족,17.6,380584,178302,0.2102,0.4487,92972633.6367,198449242.2968
중랑구,주거/제조/서민,전문용역/컨설팅,9,1682966760.0,186996306.66666666,2025-05-26 15:57:01,0.07339449541284404,0.004714265188852018,0.08310249307479224,5.47,데이터부족,14.8,388558,177294,0.2316,0.5076,43313141.41,94925195.4381
서대문구,대학/의료/주거,IT장비/전산,10,2475343000.0,247534300.0,2024-12-10 19:26:54,0.08256880733944955,0.0069559206612821,0.056818181818181816,5.47,추천,14.0,301916,146385,0.3312,0.6831,81987804.5549,169098131.6392
강동구,주거/강변/문화,차량/운송,10,589492050.0,58949205.0,2024-12-10 21:15:48,0.08256880733944955,0.0016207933709244669,0.056818181818181816,5.31,추천,5.9,461012,204387,0.2169,0.4893,12786913.3558,28841954.2339
용산구,외국인/관광/개발,청소/환경미화,5,26791364260.0,5358272852.0,2024-12-18 20:59:18,0.03669724770642202,0.07574665336321829,0.057692307692307696,5.26,데이터부족,6.2,225797,112084,0.2214,0.4461,1186524367.4628,2390293374.6119
구로구,산업/디지털/제조,건설/공사,8,10641636000.0,1330204500.0,2024-11-12 17:50:46,0.06422018348623854,0.030058601520210275,0.0539568345323741,5.19,제외,16.5,401907,189742,0.1991,0.4216,264778568.1762,560847677.3724
도봉구,주거/자연/교육,IT장비/전산,6,1739587020.0,289931170.0,2025-10-10 14:55:02,0.045871559633027525,0.004874445554279702,0.13392857142857142,5.12,데이터부족,8.7,313149,141362,0.1916,0.4244,55551415.4604,123059027.1784
강서구,공항/산업단지/주거,보험/금융,2,1096538500.0,548269250.0,2026-01-08 17:23:24,0.009174311926605505,0.0030552425530689822,0.22388059701492538,5.03,데이터부족,6.0,571154,259024,0.035,0.0772,19198648.7007,42333471.0297
은평구,주거/문화/뉴타운,기타/미분류,9,1187113600.0,131901511.1111111,2024-12-06 19:23:38,0.07339449541284404,0.0033114821502846963,0.05639097744360902,4.9,제외,9.9,469094,210543,0.1919,0.4275,25306518.5229,56383427.6134
종로구,공공기관/전통상권/관광,폐기물/환경,8,5602868540.0,700358567.5,2024-12-11 18:37:34,0.06422018348623854,0.015803781548561924,0.05692599620493359,4.82,제외,6.5,141990,66939,0.5634,1.1951,394595995.4926,837011090.6945
용산구,외국인/관광/개발,보험/금융,7,1721185090.0,245883584.2857143,2025-06-26 16:05:25,0.05504587155963303,0.004822385958086137,0.09090909090909091,4.72,데이터부족,7.4,225797,112084,0.31,0.6245,76227101.7773,153562068.6271
은평구,주거/문화/뉴타운,조경/녹지관리,5,815400000.0,163080000.0,2025-10-22 08:48:33,0.03669724770642202,0.00225989354432563,0.14084507042253522,4.72,데이터부족,7.6,469094,210543,0.1066,0.2375,17382443.6041,38728430.7719
도봉구,주거/자연/교육,청소/환경미화,5,1330000000.0,266000000.0,2025-10-14 10:13:40,0.03669724770642202,0.0037157119395270313,0.13574660633484165,4.66,데이터부족,18.0,313149,141362,0.1597,0.3537,42471794.577,94084690.3694
양천구,교육/주거/신도시,IT장비/전산,8,1852098320.0,231512290.0,2025-02-12 17:13:24,0.06422018348623854,0.005192743300505943,0.06465517241379311,4.66,데이터부족,10.6,455390,201874,0.1757,0.3963,40670597.0706,91745262.8868
동작구,대학/주거/공원,건설/공사,5,20643035517.0,4128607103.4,2024-11-11 14:24:51,0.03669724770642202,0.05835285218987023,0.05385996409335727,4.66,제외,10.8,380584,178302,0.1314,0.2804,542404187.1702,1157756812.4306
중구,도심/관광/명동,경비/보안,8,3487493000.0,435936625.0,2024-12-20 16:46:10,0.06422018348623854,0.009819322504855942,0.05791505791505792,4.66,데이터부족,11.9,120892,61208,0.6617,1.307,288480048.3076,569777316.6906
성북구,대학/문화/주거,건설/공사,7,8363557000.0,1194793857.142857,2024-11-19 10:54:30,0.05504587155963303,0.02361384964706217,0.0546448087431694,4.55,제외,25.0,432127,198654,0.162,0.3524,193543958.1419,421011255.7512
서대문구,대학/의료/주거,급수/전기/설비,4,2432475100.0,608118775.0,2025-10-29 17:26:56,0.027522935779816515,0.0068346461230317035,0.14634146341463417,4.51,데이터부족,12.8,301916,146385,0.1325,0.2733,80567942.739,166169696.3487
종로구,공공기관/전통상권/관광,행사/운영용역,8,2137000000.0,267125000.0,2024-11-22 16:06:15,0.06422018348623854,0.005998738455126587,0.054945054945054944,4.49,데이터부족,12.8,141990,66939,0.5634,1.1951,150503556.5885,319245880.5778
중구,도심/관광/명동,급식/식자재,8,1227012000.0,153376500.0,2024-12-09 09:12:02,0.06422018348623854,0.003424355886505263,0.056603773584905655,4.45,데이터부족,9.5,120892,61208,0.6617,1.307,101496542.3684,200465952.1631
영등포구,오피스/금융/교통,인쇄/홍보물,4,936081890.0,234020472.5,2025-10-30 13:35:18,0.027522935779816515,0.0026013061277490113,0.14705882352941177,4.4,데이터부족,17.2,382246,191627,0.1046,0.2087,24488991.1209,48849164.7837
성동구,성수/브랜드/라이프스타일,건설/공사,4,2326284400.0,581571100.0,2025-10-20 15:49:57,0.027522935779816515,0.006534229538384767,0.14018691588785046,4.38,제외,7.5,281402,128887,0.1421,0.3103,82667656.9463,180490227.874
은평구,주거/문화/뉴타운,인쇄/홍보물,5,5105000000.0,1021000000.0,2025-08-11 11:49:42,0.03669724770642202,0.014395296941247379,0.1056338028169014,4.38,데이터부족,12.6,469094,210543,0.1066,0.2375,108826802.304,242468284.3885
송파구,가족주거/대형상권/복합문화,IT장비/전산,7,4959294940.0,708470705.7142857,2024-12-22 14:47:05,0.05504587155963303,0.01398309308073062,0.05813953488372093,4.33,데이터부족,8.7,663823,287415,0.1054,0.2436,74708091.4641,172548229.5635
은평구,주거/문화/뉴타운,전문용역/컨설팅,5,1787370000.0,357474000.0,2025-08-22 13:48:42,0.03669724770642202,0.005009624997073213,0.10989010989010989,4.18,데이터부족,14.2,469094,210543,0.1066,0.2375,38102597.7736,84893347.2022
종로구,공공기관/전통상권/관광,보험/금융,7,3337849400.0,476835628.5714286,2024-12-06 11:04:05,0.05504587155963303,0.009395976399911984,0.05639097744360902,4.16,데이터부족,5.4,141990,66939,0.493,1.0457,235076371.5755,498640463.7058
송파구,가족주거/대형상권/복합문화,건설/공사,7,1663450000.0,237635714.2857143,2024-12-16 20:27:50,0.05504587155963303,0.0046590517061028324,0.0574712643678161,4.04,제외,9.6,663823,287415,0.1054,0.2436,25058637.6188,57876241.6715
강동구,주거/강변/문화,건설/공사,7,4704163043.0,672023291.8571428,2024-06-25 16:55:53,0.05504587155963303,0.013261317509694419,0.04310344827586207,4.01,제외,12.1,461012,204387,0.1518,0.3425,102039926.1408,230159601.2956
노원구,주거/교육/대학,급수/전기/설비,5,13537276000.0,2707455200.0,2024-09-30 18:20:17,0.03669724770642202,0.03825045145779478,0.05008347245409015,3.98,데이터부족,9.8,505069,221187,0.099,0.2261,268028249.6055,612028555.0236
서대문구,대학/의료/주거,조경/녹지관리,3,924732000.0,308244000.0,2025-10-28 21:29:33,0.01834862385321101,0.0025691969582085673,0.14563106796116507,3.91,데이터부족,6.0,301916,146385,0.0994,0.2049,30628784.1651,63171226.5601
영등포구,오피스/금융/교통,IT장비/전산,7,988018000.0,141145428.57142857,2024-11-12 14:18:18,0.05504587155963303,0.0027482348963327723,0.0539568345323741,3.91,데이터부족,14.1,382246,191627,0.1831,0.3653,25847700.1721,51559435.7789
성동구,성수/브랜드/라이프스타일,전문용역/컨설팅,6,982700000.0,163783333.33333334,2025-04-02 15:34:47,0.045871559633027525,0.002733190119368759,0.07228915662650602,3.82,데이터부족,13.8,281402,128887,0.2132,0.4655,34921571.2753,76245082.9021
노원구,주거/교육/대학,기타/미분류,7,963692330.0,137670332.85714287,2024-08-14 14:28:49,0.05504587155963303,0.0026794168670642164,0.04643962848297213,3.76,제외,8.7,505069,221187,0.1386,0.3165,19080409.4094,43569121.603
노원구,주거/교육/대학,인쇄/홍보물,6,3906050000.0,651008333.3333334,2024-12-04 16:39:58,0.045871559633027525,0.0110034324544096,0.056179775280898875,3.75,데이터부족,18.0,505069,221187,0.1188,0.2713,77336957.9206,176594917.4228
강북구,주거/서민/교육,급수/전기/설비,6,3337091600.0,556181933.3333334,2024-12-13 19:19:27,0.045871559633027525,0.00939383256163005,0.05714285714285714,3.72,데이터부족,16.3,297441,139082,0.2017,0.4314,112193396.3374,239936986.8135
동작구,대학/주거/공원,조경/녹지관리,5,1432234000.0,286446800.0,2025-05-23 18:57:06,0.03669724770642202,0.004004934904577595,0.08241758241758242,3.6,데이터부족,6.6,380584,178302,0.1314,0.2804,37632533.1596,80326300.3219
강남구,업무지구/고소득/IT,교육물품/교구,2,1492947000.0,746473500.0,2025-11-04 10:57:27,0.009174311926605505,0.004176693750725793,0.1507537688442211,3.6,데이터부족,20.5,524942,236215,0.0381,0.0847,28440227.6823,63202887.2002
광진구,대학/강변/상업,기타/미분류,6,1288718560.0,214786426.66666666,2024-12-26 13:34:42,0.045871559633027525,0.003598925542845331,0.05859375,3.57,제외,14.7,342481,162039,0.1752,0.3703,37628906.7131,79531381.9513
종로구,공공기관/전통상권/관광,청소/환경미화,6,1351846160.0,225307693.33333334,2024-12-12 15:13:51,0.045871559633027525,0.0037775153627538347,0.05703422053231939,3.55,데이터부족,6.0,141990,66939,0.4226,0.8963,95207138.5309,201951950.2831
송파구,가족주거/대형상권/복합문화,기타/미분류,5,7918000000.0,1583600000.0,2024-10-18 13:29:57,0.03669724770642202,0.02235335591074124,0.05163511187607573,3.54,제외,27.4,663823,287415,0.0753,0.174,119278783.6517,275490144.9124
서대문구,대학/의료/주거,인쇄/홍보물,6,1463004000.0,243834000.0,2024-12-06 17:07:08,0.045871559633027525,0.004091984131200889,0.05639097744360902,3.54,데이터부족,12.3,301916,146385,0.1987,0.4099,48457319.2544,99942207.1934
노원구,주거/교육/대학,행사/운영용역,6,1008030690.0,168005115.0,2024-12-18 10:40:42,0.045871559633027525,0.0028048513795031244,0.05758157389635316,3.53,데이터부족,8.5,505069,221187,0.1188,0.2713,19958276.7899,45573686.0665
강동구,주거/강변/문화,기타/미분류,6,1604220000.0,267370000.0,2024-11-25 14:15:54,0.045871559633027525,0.004491488310168555,0.055248618784530384,3.53,제외,8.8,461012,204387,0.1301,0.2936,34797792.6822,78489336.4059
구로구,산업/디지털/제조,전문용역/컨설팅,6,1084500000.0,180750000.0,2024-12-06 18:04:12,0.045871559633027525,0.0030211852857727674,0.05639097744360902,3.51,데이터부족,11.7,401907,189742,0.1493,0.3162,26983854.4738,57156559.9604
동작구,대학/주거/공원,인쇄/홍보물,6,1095952000.0,182658666.66666666,2024-12-02 18:47:57,0.045871559633027525,0.0030535833274786487,0.055970149253731345,3.5,데이터부족,11.0,380584,178302,0.1577,0.3365,28796586.299,61466051.9792
도봉구,주거/자연/교육,전문용역/컨설팅,4,396010000.0,99002500.0,2025-08-08 14:18:07,0.027522935779816515,0.0010734270134987434,0.10452961672473868,3.5,데이터부족,12.0,313149,141362,0.1277,0.283,12646056.6695,28013893.4084
서초구,법조/교육/고소득,조경/녹지관리,6,1036577000.0,172762833.33333334,2024-11-25 17:02:39,0.045871559633027525,0.00288560972231914,0.055248618784530384,3.49,데이터부족,8.7,446718,203147,0.1343,0.2954,23204281.0005,51025956.5733
동대문구,전통시장/패션/대학,조경/녹지관리,2,750000000.0,375000000.0,2025-10-28 15:51:21,0.009174311926605505,0.0020748750386004613,0.14563106796116507,3.43,데이터부족,10.0,342289,165897,0.0584,0.1206,21911308.8647,45208774.1189
강남구,업무지구/고소득/IT,경비/보안,1,1410466560.0,1410466560.0,2025-11-18 15:34:03,0.0,0.003943354182524656,0.16216216216216214,3.36,데이터부족,7.0,524942,236215,0.019,0.0423,26868998.0988,59711134.3479
양천구,교육/주거/신도시,건설/공사,5,2717151000.0,543430200.0,2025-02-07 11:24:46,0.03669724770642202,0.007640002539453225,0.06396588486140725,3.34,제외,44.8,455390,201874,0.1098,0.2477,59666461.7141,134596381.9016
서초구,법조/교육/고소득,IT장비/전산,5,4671590000.0,934318000.0,2024-11-28 11:02:17,0.03669724770642202,0.0131691674218843,0.05555555555555555,3.34,데이터부족,9.8,446718,203147,0.1119,0.2461,104575817.4061,229961062.6787
서초구,법조/교육/고소득,인쇄/홍보물,5,2111343400.0,422268680.0,2024-12-11 10:53:56,0.03669724770642202,0.0059261551861053575,0.05692599620493359,3.15,데이터부족,15.6,446718,203147,0.1119,0.2461,47263450.3199,103931803.0786
성동구,성수/브랜드/라이프스타일,IT장비/전산,5,1845099000.0,369019800.0,2024-12-13 11:57:18,0.03669724770642202,0.005172942020269057,0.05714285714285714,3.13,데이터부족,15.0,281402,128887,0.1777,0.3879,65568084.0932,143156330.7393
광진구,대학/강변/상업,전문용역/컨설팅,5,1898800000.0,379760000.0,2024-11-29 14:14:45,0.03669724770642202,0.005324863714090881,0.05565862708719852,3.11,데이터부족,26.0,342481,162039,0.146,0.3086,55442491.7003,117181666.1421
중구,도심/관광/명동,보험/금융,5,1276122870.0,255224574.0,2024-12-10 19:18:24,0.03669724770642202,0.0035632919688028623,0.056818181818181816,3.08,데이터부족,6.2,120892,61208,0.4136,0.8169,105558917.8771,208489555.2869
관악구,청년/자취생/대학가,청소/환경미화,5,662368560.0,132473712.0,2024-12-23 20:12:54,0.03669724770642202,0.001826963141301612,0.058252427184466014,3.05,데이터부족,6.0,487305,243890,0.1026,0.205,13592484.3784,27158496.0433
동작구,대학/주거/공원,기타/미분류,4,927624000.0,231906000.0,2025-05-09 17:47:04,0.027522935779816515,0.002577378510480084,0.07936507936507936,3.04,제외,21.8,380584,178302,0.1051,0.2243,24373699.3673,52025439.9838
성북구,대학/문화/주거,IT장비/전산,5,800959850.0,160191970.0,2024-11-25 13:20:39,0.03669724770642202,0.0022190419391964664,0.055248618784530384,3.01,데이터부족,8.0,432127,198654,0.1157,0.2517,18535288.237,40319341.6694
강서구,공항/산업단지/주거,차량/운송,5,411115290.0,82223058.0,2024-10-21 17:04:28,0.03669724770642202,0.001116160319069773,0.051903114186851215,2.91,데이터부족,3.6,571154,259024,0.0875,0.193,7197976.2026,15871706.4828
노원구,주거/교육/대학,차량/운송,5,252012200.0,50402440.0,2024-10-24 21:50:09,0.03669724770642202,0.0006660530412707365,0.05217391304347826,2.9,데이터부족,6.2,505069,221187,0.099,0.2261,4989658.8387,11393626.2077
영등포구,오피스/금융/교통,기타/미분류,5,223200000.0,44640000.0,2024-10-08 17:19:54,0.03669724770642202,0.0005845424878968115,0.050761421319796954,2.87,제외,7.2,382246,191627,0.1308,0.2609,5839171.6329,11647627.9439
강동구,주거/강변/문화,조경/녹지관리,5,857615000.0,171523000.0,2024-08-30 14:35:40,0.03669724770642202,0.0023793210094508284,0.047619047619047616,2.86,데이터부족,7.0,461012,204387,0.1085,0.2446,18602878.0162,41960349.7287
양천구,교육/주거/신도시,교육물품/교구,4,1072500000.0,268125000.0,2025-02-18 15:05:51,0.027522935779816515,0.002987236936098425,0.06550218340611354,2.78,데이터부족,15.5,455390,201874,0.0878,0.1981,23551241.7927,53127198.1533
양천구,교육/주거/신도시,보험/금융,4,1218122460.0,304530615.0,2025-02-13 17:55:02,0.027522935779816515,0.0033992071188082584,0.06479481641468682,2.77,데이터부족,7.0,455390,201874,0.0878,0.1981,26748994.4882,60340730.3566
동작구,대학/주거/공원,보험/금융,4,2050347400.0,512586850.0,2024-12-24 16:13:41,0.027522935779816515,0.005753595724710673,0.058365758754863814,2.72,데이터부족,6.8,380584,178302,0.1051,0.2243,53873715.1325,114992955.7717
동대문구,전통시장/패션/대학,교육물품/교구,4,981440000.0,245360000.0,2024-12-18 20:51:08,0.027522935779816515,0.0027296255426529532,0.057692307692307696,2.61,데이터부족,11.8,342289,165897,0.1169,0.2411,28672846.6296,59159599.0283
관악구,청년/자취생/대학가,건설/공사,4,876353600.0,219088400.0,2024-12-17 19:49:54,0.027522935779816515,0.002432333054884798,0.05758157389635316,2.6,제외,-0.2,487305,243890,0.0821,0.164,17983677.5736,35932330.1488
금천구,제조/산업단지/중소기업,IT장비/전산,4,1321047000.0,330261750.0,2024-11-21 14:53:55,0.027522935779816515,0.003690383641640832,0.054844606946983544,2.58,데이터부족,10.8,229348,113402,0.1744,0.3527,57600109.8767,116492389.9049
종로구,공공기관/전통상권/관광,차량/운송,4,198240000.0,49560000.0,2024-12-23 13:32:16,0.027522935779816515,0.0005139299205741784,0.058252427184466014,2.56,데이터부족,6.5,141990,66939,0.2817,0.5976,13961546.5878,29615022.6325
관악구,청년/자취생/대학가,인쇄/홍보물,4,675147000.0,168786750.0,2024-11-28 14:55:07,0.027522935779816515,0.0018631137204193295,0.05555555555555555,2.54,데이터부족,9.5,487305,243890,0.0821,0.164,13854711.1152,27682438.8044
동작구,대학/주거/공원,전문용역/컨설팅,3,297000000.0,99000000.0,2025-05-08 09:50:40,0.01834862385321101,0.0007933248383940198,0.07894736842105264,2.52,데이터부족,11.0,380584,178302,0.0788,0.1683,7803796.271,16657132.2812
서초구,법조/교육/고소득,청소/환경미화,4,353165640.0,88291410.0,2024-11-26 10:08:40,0.027522935779816515,0.0009522190705942912,0.055248618784530384,2.51,데이터부족,8.8,446718,203147,0.0895,0.1969,7905784.8576,17384733.2227
종로구,공공기관/전통상권/관광,기타/미분류,4,520071000.0,130017750.0,2024-11-05 09:49:41,0.027522935779816515,0.0014243991975777972,0.05319148936170213,2.48,제외,13.2,141990,66939,0.2817,0.5976,36627297.697,77693272.9799
중랑구,주거/제조/서민,기타/미분류,4,524100000.0,131025000.0,2024-09-10 17:39:53,0.027522935779816515,0.0014357973559809578,0.048465266558966075,2.39,제외,13.2,388558,177294,0.1029,0.2256,13488333.788,29561068.0564
노원구,주거/교육/대학,청소/환경미화,3,4711200000.0,1570400000.0,2024-10-21 14:56:08,0.01834862385321101,0.013281225266101027,0.051903114186851215,2.35,데이터부족,30.0,505069,221187,0.0594,0.1356,93278344.147,212996242.998
강북구,주거/서민/교육,전문용역/컨설팅,4,457000000.0,114250000.0,2024-07-26 11:32:12,0.027522935779816515,0.0012459695007185907,0.045112781954887216,2.32,데이터부족,7.2,297441,139082,0.1345,0.2876,15364391.5936,32858313.8005
성북구,대학/문화/주거,기타/미분류,4,402800000.0,100700000.0,2024-05-09 14:31:33,0.027522935779816515,0.0010926361213561423,0.04037685060565276,2.22,제외,7.8,432127,198654,0.0926,0.2014,9321333.7746,20276460.5797
마포구,홍대/관광/문화콘텐츠,차량/운송,3,792000000.0,264000000.0,2024-12-26 18:37:09,0.01834862385321101,0.002193694262460661,0.05859375,2.16,데이터부족,8.0,369048,181726,0.0813,0.1651,21460623.0084,43582096.1227
관악구,청년/자취생/대학가,기타/미분류,3,1684540000.0,561513333.3333334,2024-11-19 11:08:26,0.01834862385321101,0.00471871593065549,0.0546448087431694,2.15,제외,12.7,487305,243890,0.0616,0.123,34568494.0643,69069662.5528
은평구,주거/문화/뉴타운,차량/운송,3,741190400.0,247063466.66666666,2024-12-17 11:09:13,0.01834862385321101,0.0020499524234928704,0.05758157389635316,2.13,데이터부족,9.0,469094,210543,0.064,0.1425,15800466.431,35203754.1025
구로구,산업/디지털/제조,급식/식자재,3,1209550920.0,403183640.0,2024-11-13 16:08:09,0.01834862385321101,0.0033749579823776233,0.05405405405405406,2.1,데이터부족,15.3,401907,189742,0.0746,0.1581,30095293.6873,63747136.6382
중구,도심/관광/명동,교육물품/교구,3,167970000.0,55990000.0,2024-12-23 21:22:24,0.01834862385321101,0.0004282952085206486,0.058252427184466014,2.1,데이터부족,9.3,120892,61208,0.2482,0.4901,13894219.6341,27442491.1776
노원구,주거/교육/대학,IT장비/전산,3,275879000.0,91959666.66666667,2024-12-16 13:35:03,0.01834862385321101,0.000733572913938037,0.0574712643678161,2.09,데이터부족,8.0,505069,221187,0.0594,0.1356,5462204.1741,12472658.8814
강서구,공항/산업단지/주거,경비/보안,3,78443000.0,26147666.666666668,2024-12-18 15:18:51,0.01834862385321101,0.00017502071674607443,0.057692307692307696,2.08,데이터부족,3.0,571154,259024,0.0525,0.1158,1373412.4247,3028406.6341
성동구,성수/브랜드/라이프스타일,기타/미분류,3,173672000.0,57890666.666666664,2024-12-06 11:02:27,0.01834862385321101,0.0004444263326742405,0.05639097744360902,2.06,제외,10.0,281402,128887,0.1066,0.2328,6171669.0002,13474749.1989
종로구,공공기관/전통상권/관광,교육물품/교구,3,413856000.0,137952000.0,2024-11-25 13:45:11,0.01834862385321101,0.0011239138675227702,0.055248618784530384,2.06,데이터부족,11.0,141990,66939,0.2113,0.4482,29146841.3269,61825841.4377
성동구,성수/브랜드/라이프스타일,경비/보안,3,587525340.0,195841780.0,2024-11-14 16:55:07,0.01834862385321101,0.0016152294910254646,0.05415162454873647,2.05,데이터부족,10.3,281402,128887,0.1066,0.2328,20878506.194,45584530.6354
강동구,주거/강변/문화,교육물품/교구,3,600210000.0,200070000.0,2024-11-11 16:21:05,0.01834862385321101,0.001651114763790477,0.05385996409335727,2.04,데이터부족,21.0,461012,204387,0.0651,0.1468,13019400.7965,29366349.1318
마포구,홍대/관광/문화콘텐츠,조경/녹지관리,3,602750000.0,200916666.66666666,2024-10-21 10:56:50,0.01834862385321101,0.0016583004978048797,0.051903114186851215,2.01,데이터부족,6.3,369048,181726,0.0813,0.1651,16332563.7857,33168066.2096
서초구,법조/교육/고소득,보험/금융,2,3463462360.0,1731731180.0,2024-12-18 19:15:24,0.009174311926605505,0.00975133912405442,0.057692307692307696,1.91,데이터부족,6.0,446718,203147,0.0448,0.0985,77531291.7769,170490450.7573
동대문구,전통시장/패션/대학,기타/미분류,3,157500000.0,52500000.0,2024-09-10 16:01:16,0.01834862385321101,0.0003986752734297845,0.048465266558966075,1.9,제외,12.3,342289,165897,0.0876,0.1808,4601374.8616,9493842.565
은평구,주거/문화/뉴타운,급수/전기/설비,3,567963000.0,189321000.0,2024-08-08 13:36:59,0.01834862385321101,0.0015598870611280994,0.046012269938650305,1.88,데이터부족,6.3,469094,210543,0.064,0.1425,12107658.5929,26976104.6437
송파구,가족주거/대형상권/복합문화,보험/금융,2,2419290640.0,1209645320.0,2024-11-27 17:09:39,0.009174311926605505,0.006797346901502755,0.055452865064695,1.77,데이터부족,5.5,663823,287415,0.0301,0.0696,36444814.9582,84174125.9155
광진구,대학/강변/상업,인쇄/홍보물,2,2431684600.0,1215842300.0,2024-11-27 16:04:19,0.009174311926605505,0.0068324097754969065,0.055452865064695,1.77,데이터부족,18.0,342481,162039,0.0584,0.1234,71002029.3097,150067860.2065
구로구,산업/디지털/제조,보험/금융,2,1481856880.0,740928440.0,2024-12-17 13:32:30,0.009174311926605505,0.004145319478084925,0.05758157389635316,1.73,데이터부족,6.0,401907,189742,0.0498,0.1054,36870641.218,78098516.9335
강북구,주거/서민/교육,보험/금융,2,1258080800.0,629040400.0,2024-12-18 16:58:08,0.009174311926605505,0.0035122504270354484,0.057692307692307696,1.72,데이터부족,6.5,297441,139082,0.0672,0.1438,42296818.5287,90456047.5115
강동구,주거/강변/문화,인쇄/홍보물,2,1049600000.0,524800000.0,2024-11-29 19:25:40,0.009174311926605505,0.0029224521688032204,0.05565862708719852,1.66,데이터부족,15.0,461012,204387,0.0434,0.0979,22767303.2372,51353559.6687
서초구,법조/교육/고소득,차량/운송,2,276000000.0,138000000.0,2024-12-24 11:09:37,0.009174311926605505,0.0007339152264639199,0.058365758754863814,1.65,데이터부족,7.0,446718,203147,0.0448,0.0985,6178394.4233,13586220.8155
마포구,홍대/관광/문화콘텐츠,기타/미분류,2,459622000.0,229811000.0,2024-12-17 19:29:31,0.009174311926605505,0.0012533872151224347,0.05758157389635316,1.65,제외,8.0,369048,181726,0.0542,0.1101,12454260.6924,25292033.0608
도봉구,주거/자연/교육,교육물품/교구,2,392108000.0,196054000.0,2024-12-16 17:35:33,0.009174311926605505,0.0010623881417963028,0.0574712643678161,1.64,데이터부족,21.5,313149,141362,0.0639,0.1415,12521451.4496,27737864.4897
송파구,가족주거/대형상권/복합문화,청소/환경미화,2,185160000.0,92580000.0,2024-12-19 17:34:13,0.009174311926605505,0.0004769262194291447,0.057803468208092484,1.63,데이터부족,6.5,663823,287415,0.0301,0.0696,2789297.7496,6442252.492
광진구,대학/강변/상업,청소/환경미화,2,99953420.0,49976710.0,2024-12-16 15:04:24,0.009174311926605505,0.00023587432172957255,0.0574712643678161,1.62,데이터부족,3.0,342481,162039,0.0584,0.1234,2918509.9319,6168479.1933
강남구,업무지구/고소득/IT,방역/소독,2,164305100.0,82152550.0,2024-12-16 17:41:24,0.009174311926605505,0.00041792709962719035,0.0574712643678161,1.62,데이터부족,5.0,524942,236215,0.0381,0.0847,3129966.7392,6955743.7081
노원구,주거/교육/대학,경비/보안,2,338998000.0,169499000.0,2024-12-09 17:06:07,0.009174311926605505,0.0009121384041959407,0.05671077504725898,1.62,데이터부족,6.5,505069,221187,0.0396,0.0904,6711914.6097,15326307.604
종로구,공공기관/전통상권/관광,인쇄/홍보물,2,514789000.0,257394500.0,2024-11-25 10:28:38,0.009174311926605505,0.0014094562656628072,0.05514705882352941,1.6,데이터부족,23.5,141990,66939,0.1409,0.2988,36255299.669,76904196.3579
구로구,산업/디지털/제조,차량/운송,2,253300000.0,126650000.0,2024-12-05 17:25:21,0.009174311926605505,0.0006696962649966213,0.056285178236397754,1.6,데이터부족,10.5,401907,189742,0.0498,0.1054,6302453.0551,13349706.4435
금천구,제조/산업단지/중소기업,인쇄/홍보물,2,524200000.0,262100000.0,2024-11-15 09:51:27,0.009174311926605505,0.0014360802588949107,0.05415162454873647,1.58,데이터부족,20.0,229348,113402,0.0872,0.1764,22856096.4124,46224934.3045
성북구,대학/문화/주거,인쇄/홍보물,2,673068000.0,336534000.0,2024-11-08 09:51:31,0.009174311926605505,0.0018572321688382495,0.053475935828877004,1.58,데이터부족,17.0,432127,198654,0.0463,0.1007,15575698.8108,33881421.9699
동작구,대학/주거/공원,차량/운송,2,152000000.0,76000000.0,2024-11-20 14:54:58,0.009174311926605505,0.0003831156131623774,0.05474452554744526,1.57,데이터부족,13.5,380584,178302,0.0526,0.1122,3993862.0646,8524862.3123
송파구,가족주거/대형상권/복합문화,인쇄/홍보물,2,267916000.0,133958000.0,2024-11-06 15:55:11,0.009174311926605505,0.000711045354899971,0.05338078291814946,1.55,데이터부족,9.5,663823,287415,0.0301,0.0696,4035955.3676,9321573.3347
성북구,대학/문화/주거,경비/보안,2,88000000.0,44000000.0,2024-11-01 14:34:19,0.009174311926605505,0.00020205774823254895,0.052910052910052914,1.52,데이터부족,8.5,432127,198654,0.0463,0.1007,2036438.3619,4429812.6391
송파구,가족주거/대형상권/복합문화,조경/녹지관리,2,807186700.0,403593350.0,2024-09-19 18:21:50,0.009174311926605505,0.0022366578792939397,0.049180327868852465,1.51,데이터부족,5.0,663823,287415,0.0301,0.0696,12159667.562,28084362.3332
성동구,성수/브랜드/라이프스타일,차량/운송,2,1093586630.0,546793315.0,2024-09-06 18:39:37,0.009174311926605505,0.003046891626822882,0.048154093097913325,1.51,데이터부족,4.0,281402,128887,0.0711,0.1552,38862077.384,84848482.0036
관악구,청년/자취생/대학가,전문용역/컨설팅,2,600000000.0,300000000.0,2024-09-25 14:19:51,0.009174311926605505,0.001650520667671176,0.049668874172185434,1.5,데이터부족,11.0,487305,243890,0.041,0.082,12312617.3546,24601254.664
양천구,교육/주거/신도시,기타/미분류,2,100000000.0,50000000.0,2024-10-04 16:00:34,0.009174311926605505,0.00023600609790689177,0.05042016806722689,1.47,제외,11.5,455390,201874,0.0439,0.0991,2195919.9807,4953584.9094
강북구,주거/서민/교육,급식/식자재,2,47880000.0,23940000.0,2024-09-04 16:54:10,0.009174311926605505,8.855709915466278e-05,0.048,1.42,데이터부족,5.0,297441,139082,0.0672,0.1438,1609731.0055,3442573.4459
영등포구,오피스/금융/교통,조경/녹지관리,2,240000000.0,120000000.0,2024-08-12 15:57:46,0.009174311926605505,0.0006320701774408914,0.046296296296296294,1.4,데이터부족,7.0,382246,191627,0.0523,0.1044,6278679.1752,12524331.1224
용산구,외국인/관광/개발,급수/전기/설비,2,229925900.0,114962950.0,2024-08-06 22:41:36,0.009174311926605505,0.0006035702549863667,0.04587155963302752,1.39,데이터부족,12.0,225797,112084,0.0886,0.1784,10182858.9397,20513712.9296
강서구,공항/산업단지/주거,방역/소독,2,67340000.0,33670000.0,2024-07-08 16:26:50,0.009174311926605505,0.00014361000620988874,0.043923865300146414,1.34,데이터부족,7.5,571154,259024,0.035,0.0772,1179016.5174,2599759.0957
구로구,산업/디지털/제조,기타/미분류,2,249583000.0,124791500.0,2024-05-31 16:00:58,0.009174311926605505,0.0006591807636849937,0.041608876560332866,1.31,제외,8.0,401907,189742,0.0498,0.1054,6209968.9729,13153808.8562
중구,도심/관광/명동,방역/소독,2,164795770.0,82397885.0,2024-05-28 13:34:21,0.009174311926605505,0.00041931521935508284,0.04143646408839779,1.3,데이터부족,7.5,120892,61208,0.1654,0.3268,13631652.2185,26923893.9354
마포구,홍대/관광/문화콘텐츠,보험/금융,1,929568970.0,929568970.0,2024-12-25 15:38:08,0.0,0.0025828808872855927,0.05847953216374269,1.25,데이터부족,5.0,369048,181726,0.0271,0.055,25188294.4766,51152227.5294
영등포구,오피스/금융/교통,보험/금융,1,908344940.0,908344940.0,2024-12-26 19:50:51,0.0,0.002522837487957364,0.05859375,1.25,데이터부족,13.0,382246,191627,0.0262,0.0522,23763360.2444,47401720.0081
용산구,외국인/관광/개발,경비/보안,1,199514000.0,199514000.0,2025-01-10 15:28:42,0.0,0.0005175341036979378,0.060362173038229376,1.22,데이터부족,10.0,225797,112084,0.0443,0.0892,8835989.8493,17800399.7002
마포구,홍대/관광/문화콘텐츠,경비/보안,1,802700000.0,802700000.0,2024-12-19 17:36:10,0.0,0.002223964874253617,0.057803468208092484,1.22,데이터부족,6.0,369048,181726,0.0271,0.055,21750558.193,44170894.6436
광진구,대학/강변/상업,보험/금융,1,460000000.0,460000000.0,2024-12-18 09:17:41,0.0,0.0012544565881371765,0.05758157389635316,1.19,데이터부족,6.0,342481,162039,0.0292,0.0617,13431402.034,28388227.5255
구로구,산업/디지털/제조,청소/환경미화,1,516865000.0,516865000.0,2024-12-10 16:26:59,0.0,0.0014153293301564685,0.056818181818181816,1.18,데이터부족,7.0,401907,189742,0.0249,0.0527,12860313.4556,27240410.6629
용산구,외국인/관광/개발,방역/소독,1,33470000.0,33470000.0,2024-12-18 21:28:25,0.0,4.779078925405611e-05,0.057692307692307696,1.16,데이터부족,5.0,225797,112084,0.0443,0.0892,1482304.9022,2986153.2422
성동구,성수/브랜드/라이프스타일,급식/식자재,1,87127000.0,87127000.0,2024-12-16 19:16:47,0.0,0.00019958800579374052,0.0574712643678161,1.16,데이터부족,6.0,281402,128887,0.0355,0.0776,3096175.578,6759952.5165
중랑구,주거/제조/서민,청소/환경미화,1,85008000.0,85008000.0,2024-12-16 19:55:19,0.0,0.00019359329304707948,0.0574712643678161,1.16,데이터부족,3.0,388558,177294,0.0257,0.0564,2187781.4895,4794747.7072
동대문구,전통시장/패션/대학,경비/보안,1,46020000.0,46020000.0,2024-12-16 20:01:37,0.0,8.329510495513965e-05,0.0574712643678161,1.15,데이터부족,3.0,342289,165897,0.0292,0.0603,1344477.9119,2774010.3799
관악구,청년/자취생/대학가,보험/금융,1,16577000.0,16577000.0,2024-12-16 13:06:47,0.0,0.0,0.0574712643678161,1.15,데이터부족,9.0,487305,243890,0.0205,0.041,340177.0965,679691.6643
용산구,외국인/관광/개발,차량/운송,1,87158060.0,87158060.0,2024-12-13 20:36:59,0.0,0.00019967587543881428,0.05714285714285714,1.15,데이터부족,5.0,225797,112084,0.0443,0.0892,3860018.5122,7776137.5397
성동구,성수/브랜드/라이프스타일,인쇄/홍보물,1,357000000.0,357000000.0,2024-11-26 15:35:31,0.0,0.0009630665867657339,0.055350553505535055,1.14,데이터부족,13.0,281402,128887,0.0355,0.0776,12686476.9973,27698681.791
양천구,교육/주거/신도시,의료/복지용품,1,450524000.0,450524000.0,2024-11-22 15:19:55,0.0,0.0012276487080110038,0.054945054945054944,1.14,데이터부족,9.0,455390,201874,0.022,0.0495,9893146.5337,22317088.8772
은평구,주거/문화/뉴타운,청소/환경미화,1,72000000.0,72000000.0,2024-12-11 09:43:50,0.0,0.00015679328200009186,0.056818181818181816,1.14,데이터부족,7.0,469094,210543,0.0213,0.0475,1534873.6074,3419728.9865
강남구,업무지구/고소득/IT,급식/식자재,1,450000000.0,450000000.0,2024-11-22 19:18:24,0.0,0.0012261662967418907,0.054945054945054944,1.14,데이터부족,19.0,524942,236215,0.019,0.0423,8572375.6148,19050441.3352
서대문구,대학/의료/주거,경비/보안,1,91872000.0,91872000.0,2024-12-09 18:30:49,0.0,0.00021301174906080358,0.05671077504725898,1.14,데이터부족,3.0,301916,146385,0.0331,0.0683,3042965.5931,6276052.8743
관악구,청년/자취생/대학가,방역/소독,1,400000000.0,400000000.0,2024-11-25 20:04:15,0.0,0.0010847148397654623,0.055248618784530384,1.14,데이터부족,10.0,487305,243890,0.0205,0.041,8208411.5698,16400836.4427
성북구,대학/문화/주거,급수/전기/설비,1,30800000.0,30800000.0,2024-12-09 17:16:32,0.0,4.023728145151483e-05,0.05671077504725898,1.14,데이터부족,3.0,432127,198654,0.0231,0.0503,712753.4267,1550434.4237
강서구,공항/산업단지/주거,급식/식자재,1,29000000.0,29000000.0,2024-12-06 11:04:45,0.0,3.514502900036341e-05,0.05639097744360902,1.13,데이터부족,10.0,571154,259024,0.0175,0.0386,507743.971,1119587.3741
영등포구,오피스/금융/교통,경비/보안,1,142259200.0,142259200.0,2024-11-26 18:05:43,0.0,0.0003555586061200575,0.055350553505535055,1.12,데이터부족,7.0,382246,191627,0.0262,0.0522,3721666.1522,7423755.5251
강북구,주거/서민/교육,인쇄/홍보물,1,425340000.0,425340000.0,2024-11-15 13:10:44,0.0,0.0011564024381611163,0.054249547920433995,1.12,데이터부족,12.0,297441,139082,0.0336,0.0719,14299978.8193,30581958.8444
동대문구,전통시장/패션/대학,차량/운송,1,144679000.0,144679000.0,2024-11-29 17:52:17,0.0,0.0003624042908318887,0.05565862708719852,1.12,데이터부족,10.0,342289,165897,0.0292,0.0603,4226808.3403,8721013.641
중랑구,주거/제조/서민,인쇄/홍보물,1,386400000.0,386400000.0,2024-11-12 10:36:11,0.0,0.0010462400434678738,0.05385996409335727,1.11,데이터부족,22.0,388558,177294,0.0257,0.0564,9944461.3159,21794307.76
강동구,주거/강변/문화,방역/소독,1,107557000.0,107557000.0,2024-11-25 17:42:12,0.0,0.00025738507111430916,0.055248618784530384,1.11,데이터부족,3.0,461012,204387,0.0217,0.0489,2333062.9138,5262418.8427
광진구,대학/강변/상업,경비/보안,1,30000000.0,30000000.0,2024-11-26 09:33:58,0.0,3.7974058139891975e-05,0.055248618784530384,1.11,데이터부족,6.0,342481,162039,0.0292,0.0617,875961.0022,1851406.143
영등포구,오피스/금융/교통,교육물품/교구,1,139200000.0,139200000.0,2024-11-20 17:38:54,0.0,0.00034690404017641166,0.05474452554744526,1.11,데이터부족,20.0,382246,191627,0.0262,0.0522,3641633.9216,7264112.051
성북구,대학/문화/주거,교육물품/교구,1,231420000.0,231420000.0,2024-11-16 12:45:24,0.0,0.0006077971074237362,0.05434782608695653,1.11,데이터부족,11.0,432127,198654,0.0231,0.0503,5355370.0648,11649400.4651
중랑구,주거/제조/서민,교육물품/교구,1,131648000.0,131648000.0,2024-11-18 11:47:25,0.0,0.00032553921211469193,0.05454545454545455,1.1,데이터부족,11.0,388558,177294,0.0257,0.0564,3388117.0893,7425406.3871
송파구,가족주거/대형상권/복합문화,교육물품/교구,1,224555000.0,224555000.0,2024-11-14 19:49:42,0.0,0.0005883758223808726,0.05415162454873647,1.1,데이터부족,12.0,663823,287415,0.0151,0.0348,3382754.1378,7812918.602
구로구,산업/디지털/제조,교육물품/교구,1,287160000.0,287160000.0,2024-11-11 14:23:57,0.0,0.0007654871916610587,0.05385996409335727,1.1,데이터부족,21.0,401907,189742,0.0249,0.0527,7144936.5152,15134234.9085
서대문구,대학/의료/주거,교육물품/교구,1,103250000.0,103250000.0,2024-11-19 13:36:47,0.0,0.00024520044261035966,0.0546448087431694,1.1,데이터부족,21.0,301916,146385,0.0331,0.0683,3419825.3819,7053318.3045
송파구,가족주거/대형상권/복합문화,전문용역/컨설팅,1,20000000.0,20000000.0,2024-11-18 09:56:08,0.0,9.68376674460629e-06,0.0544464609800363,1.09,데이터부족,11.0,663823,287415,0.0151,0.0348,301285.1317,695857.9058
금천구,제조/산업단지/중소기업,교육물품/교구,1,175273000.0,175273000.0,2024-11-11 09:22:44,0.0,0.00044895560832662574,0.05376344086021505,1.09,데이터부족,11.0,229348,113402,0.0436,0.0882,7642229.276,15455900.2487
용산구,외국인/관광/개발,교육물품/교구,1,120774800.0,120774800.0,2024-11-11 21:52:29,0.0,0.0002947786124747699,0.05385996409335727,1.09,데이터부족,10.0,225797,112084,0.0443,0.0892,5348822.1721,10775382.7487
노원구,주거/교육/대학,조경/녹지관리,1,360000000.0,360000000.0,2024-10-28 13:44:38,0.0,0.0009715536741843196,0.052539404553415055,1.08,데이터부족,11.0,505069,221187,0.0198,0.0452,7127738.9822,16275820.9117
동작구,대학/주거/공원,방역/소독,1,94400000.0,94400000.0,2024-11-05 16:13:31,0.0,0.0002201635347255318,0.05328596802841919,1.07,데이터부족,13.0,380584,178302,0.0263,0.0561,2480398.5454,5294388.1729
광진구,대학/강변/상업,조경/녹지관리,1,320000000.0,320000000.0,2024-10-17 16:12:36,0.0,0.0008583925086031769,0.051546391752577324,1.06,데이터부족,5.0,342481,162039,0.0292,0.0617,9343584.0236,19748332.1916
중랑구,주거/제조/서민,조경/녹지관리,1,1648130000.0,1648130000.0,2024-07-30 17:10:56,0.0,0.004615710979685255,0.0453857791225416,1.05,데이터부족,22.0,388558,177294,0.0257,0.0564,42416576.1611,92960280.6638
종로구,공공기관/전통상권/관광,조경/녹지관리,1,295700000.0,295700000.0,2024-10-15 16:25:40,0.0,0.0007896471005126327,0.051369863013698634,1.05,데이터부족,7.0,141990,66939,0.0704,0.1494,20825410.2402,44174546.9756
송파구,가족주거/대형상권/복합문화,경비/보안,1,120790000.0,120790000.0,2024-10-07 19:24:14,0.0,0.0002948216137176907,0.05067567567567567,1.02,데이터부족,7.0,663823,287415,0.0151,0.0348,1819611.5531,4202633.8222
서대문구,대학/의료/주거,기타/미분류,1,160000000.0,160000000.0,2024-10-04 13:50:03,0.0,0.0004057478462786059,0.05042016806722689,1.02,제외,7.0,301916,146385,0.0331,0.0683,5299487.2746,10930081.634
금천구,제조/산업단지/중소기업,청소/환경미화,1,88000000.0,88000000.0,2024-08-19 09:36:49,0.0,0.00020205774823254895,0.04672897196261683,0.94,데이터부족,17.0,229348,113402,0.0436,0.0882,3836963.9151,7760004.2327
은평구,주거/문화/뉴타운,경비/보안,1,75517500.0,75517500.0,2024-07-11 15:32:58,0.0,0.0001667443919983836,0.044117647058823525,0.89,데이터부족,5.0,469094,210543,0.0213,0.0475,1609858.5785,3586796.9963
동대문구,전통시장/패션/대학,청소/환경미화,1,75600000.0,75600000.0,2024-07-04 14:34:49,0.0,0.0001669777869023947,0.04366812227074236,0.88,데이터부족,6.0,342289,165897,0.0292,0.0603,2208659.9336,4557044.4312
도봉구,주거/자연/교육,행사/운영용역,1,200000000.0,200000000.0,2024-06-25 10:07:39,0.0,0.0005189090118597487,0.0430416068866571,0.88,데이터부족,7.0,313149,141362,0.0319,0.0707,6386736.0266,14148073.7398
양천구,교육/주거/신도시,차량/운송,1,127139080.0,127139080.0,2024-06-25 16:36:53,0.0,0.00031278334604688875,0.04310344827586207,0.87,데이터부족,5.0,455390,201874,0.022,0.0495,2791872.461,6297942.2808
구로구,산업/디지털/제조,인쇄/홍보물,1,195000000.0,195000000.0,2024-05-28 16:21:38,0.0,0.0005047638661621058,0.04143646408839779,0.84,데이터부족,21.0,401907,189742,0.0249,0.0527,4851868.7159,10277113.1326
종로구,공공기관/전통상권/관광,경비/보안,1,160000000.0,160000000.0,2024-05-16 13:52:36,0.0,0.0004057478462786059,0.04076086956521739,0.83,데이터부족,28.0,141990,66939,0.0704,0.1494,11268399.183,23902358.864
송파구,가족주거/대형상권/복합문화,차량/운송,1,49014920.0,49014920.0,2024-05-07 13:50:06,0.0,9.176782090569655e-05,0.04026845637583893,0.81,데이터부족,9.0,663823,287415,0.0151,0.0348,738373.3314,1705370.9792
마포구,홍대/관광/문화콘텐츠,건설/공사,1,90600000.0,90600000.0,2024-04-24 16:52:05,0.0,0.00020941322399532325,0.0395778364116095,0.8,제외,7.0,369048,181726,0.0271,0.055,2454965.2078,4985527.6625
영등포구,오피스/금융/교통,전문용역/컨설팅,1,154370000.0,154370000.0,2024-04-25 15:16:10,0.0,0.0003898204122230601,0.03963011889035667,0.8,데이터부족,7.0,382246,191627,0.0262,0.0522,4038498.7678,8055754.1474
