district,district_profile,item_category,bid_count,amount_sum,amount_mean,latest_posted_date,count_score,amount_score,recency_score,opportunity_score,recommendation_flag,avg_lead_time_days
강서구,공항/산업단지/주거,폐기물/환경,95,292597122340.0,3079969708.8421054,2026-04-20 17:27:13,0.8623853211009175,0.8277188884260196,0.9375,86.7,제외,9.0
중구,도심/관광/명동,폐기물/환경,110,93770861544.0,852462377.6727272,2026-04-15 18:09:02,1.0,0.2652336029306289,0.8108108108108107,74.17,제외,5.1
강남구,업무지구/고소득/IT,폐기물/환경,68,353494731759.0,5198451937.632353,2026-03-19 13:51:52,0.6146788990825688,1.0,0.46875,70.11,제외,7.1
중구,도심/관광/명동,시설유지보수,96,33075236260.0,344533711.0416667,2026-04-22 14:16:26,0.8715596330275229,0.09352391036028594,1.0,66.38,추천,6.7
강남구,업무지구/고소득/IT,시설유지보수,86,25275197700.0,293897647.6744186,2026-04-20 16:09:37,0.7798165137614679,0.07145737398459949,0.9375,59.88,추천,6.8
강남구,업무지구/고소득/IT,행사/운영용역,66,35862815220.0,543375988.1818181,2026-04-10 15:20:08,0.5963302752293578,0.10141005246686269,0.7142857142857143,47.14,추천,10.5
중구,도심/관광/명동,기타/미분류,53,9381931540.0,177017576.2264151,2026-04-22 22:01:36,0.47706422018348627,0.026494860895676174,1.0,44.65,제외,7.2
강서구,공항/산업단지/주거,시설유지보수,44,4979664888.0,113174202.0,2026-04-20 17:00:47,0.3944954128440367,0.014040720257193301,0.9375,38.9,추천,6.3
중구,도심/관광/명동,건설/공사,49,28838030556.0,588531235.8367347,2026-04-10 16:49:11,0.44036697247706424,0.08153673195349329,0.7142857142857143,38.75,제외,23.6
은평구,주거/문화/뉴타운,폐기물/환경,29,54224116800.0,1869797131.0344827,2026-04-21 15:08:24,0.25688073394495414,0.15335470967635464,0.9677419354838709,36.8,제외,6.2
중구,도심/관광/명동,행사/운영용역,38,9106969122.0,239657082.15789473,2026-04-21 09:00:52,0.3394495412844037,0.02571698420287894,0.9375,36.49,추천,14.3
송파구,가족주거/대형상권/복합문화,시설유지보수,35,14079656000.0,402275885.71428573,2026-04-20 16:30:10,0.3119266055045872,0.039784860282492285,0.9375,35.54,추천,83236.7
강남구,업무지구/고소득/IT,건설/공사,35,16434140000.0,469546857.14285713,2026-04-17 09:52:20,0.3119266055045872,0.04644576412704607,0.8333333333333334,33.66,제외,6.5
중구,도심/관광/명동,청소/환경미화,36,12325900490.0,342386124.7222222,2026-04-15 18:01:55,0.3211009174311927,0.0348234348410935,0.8108108108108107,33.32,추천,8.8
양천구,교육/주거/신도시,폐기물/환경,33,119639249040.0,3625431789.090909,2026-03-06 11:05:38,0.29357798165137616,0.33841602494942935,0.38961038961038963,32.62,제외,18.1
관악구,청년/자취생/대학가,시설유지보수,26,6848272720.0,263395104.6153846,2026-04-22 11:12:54,0.22935779816513763,0.019327066264272604,1.0,32.05,추천,11.1
성동구,성수/브랜드/라이프스타일,폐기물/환경,17,77133369940.0,4537257055.294118,2026-04-17 08:52:03,0.14678899082568808,0.218165654374251,0.8333333333333334,30.55,제외,5.4
강동구,주거/강변/문화,행사/운영용역,24,5827523000.0,242813458.33333334,2026-04-21 13:06:54,0.21100917431192662,0.01643933556222698,0.9677419354838709,30.4,추천,40.8
동대문구,전통시장/패션/대학,시설유지보수,28,11611571161.0,414698970.03571427,2026-04-16 14:36:20,0.24770642201834864,0.032802576354132605,0.8333333333333334,30.04,추천,9.1
관악구,청년/자취생/대학가,폐기물/환경,37,142663433680.0,3855768477.8378377,2024-11-25 18:15:48,0.3302752293577982,0.40355211420987547,0.055248618784530384,29.73,제외,9.0
양천구,교육/주거/신도시,시설유지보수,26,23243415590.0,893977522.6923077,2026-04-16 10:42:59,0.22935779816513763,0.06570940319023666,0.8108108108108107,29.66,추천,16.5
동작구,대학/주거/공원,행사/운영용역,28,3907049000.0,139537464.2857143,2026-04-16 16:38:38,0.24770642201834864,0.01100625865451999,0.8333333333333334,29.38,추천,14.2
강남구,업무지구/고소득/IT,전문용역/컨설팅,22,3313096000.0,150595272.72727272,2026-04-21 16:12:42,0.1926605504587156,0.009325948310009578,0.9677419354838709,29.27,추천,9.8
서초구,법조/교육/고소득,시설유지보수,18,22295967650.0,1238664869.4444444,2026-04-21 15:17:41,0.1559633027522936,0.06302904535979034,0.9677419354838709,29.04,추천,9.2
용산구,외국인/관광/개발,시설유지보수,29,12651679000.0,436264793.1034483,2026-04-13 10:35:39,0.25688073394495414,0.035745071738915696,0.75,28.92,추천,17.7
서대문구,대학/의료/주거,폐기물/환경,33,13997312001.0,424160969.72727275,2026-04-06 17:24:52,0.29357798165137616,0.03955190670985597,0.6521739130434783,28.91,제외,4.0
은평구,주거/문화/뉴타운,시설유지보수,17,56311322200.0,3312430717.647059,2026-04-13 14:22:40,0.14678899082568808,0.15925947457313602,0.7692307692307692,27.5,추천,10.6
동대문구,전통시장/패션/대학,폐기물/환경,27,61013195000.0,2259747962.962963,2026-03-24 09:17:16,0.23853211009174313,0.1725612097346928,0.5,27.1,제외,7.6
강동구,주거/강변/문화,시설유지보수,16,8367610000.0,522975625.0,2026-04-21 15:31:38,0.13761467889908258,0.02362531570216468,0.9677419354838709,26.94,추천,14.1
용산구,외국인/관광/개발,폐기물/환경,21,98046363000.0,4668874428.571428,2026-03-18 17:57:05,0.1834862385321101,0.2773291211357497,0.46153846153846145,26.72,제외,7.2
강남구,업무지구/고소득/IT,청소/환경미화,21,108651845646.0,5173897411.714286,2026-03-11 09:19:11,0.1834862385321101,0.30733234058004827,0.410958904109589,26.61,추천,6.9
서초구,법조/교육/고소득,급수/전기/설비,13,55032478200.0,4233267553.8461537,2026-04-14 18:09:43,0.11009174311926606,0.15564158763222474,0.7894736842105263,25.96,추천,9.4
강북구,주거/서민/교육,행사/운영용역,22,3166150000.0,143915909.0909091,2026-04-13 16:43:51,0.1926605504587156,0.008910233794072412,0.7692307692307692,25.28,추천,9.1
중랑구,주거/제조/서민,시설유지보수,21,79701092030.0,3795290096.6666665,2026-03-18 22:36:29,0.1834862385321101,0.2254298149890722,0.46153846153846145,25.17,추천,10.8
도봉구,주거/자연/교육,시설유지보수,14,4903073000.0,350219500.0,2026-04-21 09:52:40,0.11926605504587157,0.013824039574189793,0.9375,25.13,추천,16.1
영등포구,오피스/금융/교통,폐기물/환경,16,12760739880.0,797546242.5,2026-04-16 16:00:32,0.13761467889908258,0.03605360814641832,0.8333333333333334,24.63,제외,6.8
강북구,주거/서민/교육,시설유지보수,25,5605175788.0,224207031.52,2026-04-06 10:49:02,0.22018348623853212,0.015810308820386042,0.6382978723404256,24.25,추천,10.3
성북구,대학/문화/주거,폐기물/환경,26,136057135000.0,5232966730.769231,2024-12-24 16:23:22,0.22935779816513763,0.38486270273972634,0.058365758754863814,24.18,제외,6.5
강남구,업무지구/고소득/IT,차량/운송,12,1105176560.0,92098046.66666667,2026-04-20 13:53:42,0.10091743119266056,0.0030796798765179785,0.9375,23.89,추천,5.7
마포구,홍대/관광/문화콘텐츠,전문용역/컨설팅,10,1596010000.0,159601000.0,2026-04-21 14:10:54,0.08256880733944955,0.004468261980933026,0.9677419354838709,23.62,추천,10.8
중랑구,주거/제조/서민,폐기물/환경,16,4750521000.0,296907562.5,2026-04-15 22:31:21,0.13761467889908258,0.013392465520896431,0.8108108108108107,23.5,제외,6.6
노원구,주거/교육/대학,시설유지보수,7,6564710000.0,937815714.2857143,2026-04-22 13:17:33,0.05504587155963303,0.018524859066508626,1.0,23.31,데이터부족,10.3
강서구,공항/산업단지/주거,기타/미분류,17,2193049180.0,129002892.94117647,2026-04-14 16:35:15,0.14678899082568808,0.006157303218593268,0.7894736842105263,23.31,제외,6.8
동대문구,전통시장/패션/대학,건설/공사,12,17015154810.0,1417929567.5,2026-04-16 11:13:10,0.10091743119266056,0.04808947195503372,0.8333333333333334,23.16,제외,12.2
강동구,주거/강변/문화,IT장비/전산,11,4126407570.0,375127960.90909094,2026-04-20 08:45:09,0.09174311926605505,0.011626830441055306,0.9090909090909091,23.12,추천,9.5
마포구,홍대/관광/문화콘텐츠,시설유지보수,22,4822277610.0,219194436.8181818,2026-04-07 09:37:23,0.1926605504587156,0.013595467061540217,0.6521739130434783,23.08,추천,14.6
용산구,외국인/관광/개발,행사/운영용역,13,1906224800.0,146632676.92307693,2026-04-17 17:00:41,0.11009174311926606,0.005345868689646053,0.8571428571428571,22.81,추천,11.4
중구,도심/관광/명동,급수/전기/설비,14,7018086531.0,501291895.0714286,2026-04-15 17:50:59,0.11926605504587157,0.019807474483886003,0.8108108108108107,22.77,추천,6.3
구로구,산업/디지털/제조,시설유지보수,13,36296000520.0,2792000040.0,2026-04-09 16:10:55,0.11009174311926606,0.10263554630337812,0.6976744186046512,22.54,추천,12.6
마포구,홍대/관광/문화콘텐츠,청소/환경미화,15,3431276590.0,228751772.66666666,2026-04-14 17:07:50,0.12844036697247707,0.009660284642846257,0.7894736842105263,22.5,추천,6.1
강남구,업무지구/고소득/IT,IT장비/전산,22,14218252271.0,646284194.1363636,2026-03-30 14:36:00,0.1926605504587156,0.040176953171781285,0.5660377358490566,22.16,추천,12.5
금천구,제조/산업단지/중소기업,보험/금융,8,1903061300.0,237882662.5,2026-04-20 17:40:16,0.06422018348623854,0.005336919055963154,0.9375,22.12,데이터부족,6.4
구로구,산업/디지털/제조,IT장비/전산,9,3085648100.0,342849788.8888889,2026-04-20 09:46:05,0.07339449541284404,0.008682491573184998,0.9090909090909091,22.11,데이터부족,11.1
서대문구,대학/의료/주거,시설유지보수,5,2422911800.0,484582360.0,2026-04-23 10:50:56,0.03669724770642202,0.00680759126866165,1.0,22.04,데이터부족,9.4
구로구,산업/디지털/제조,폐기물/환경,22,130896971140.0,5949862324.545455,2024-12-19 17:31:37,0.1926605504587156,0.3702644488150441,0.057803468208092484,21.9,제외,6.5
강북구,주거/서민/교육,기타/미분류,7,1319443100.0,188491871.42857143,2026-04-21 09:35:34,0.05504587155963303,0.003685846161803942,0.9375,21.61,제외,9.9
강동구,주거/강변/문화,청소/환경미화,4,723997080.0,180999270.0,2026-04-22 16:25:57,0.027522935779816515,0.002001312020207631,1.0,21.44,데이터부족,6.5
강북구,주거/서민/교육,IT장비/전산,10,1682985000.0,168298500.0,2026-04-17 16:43:12,0.08256880733944955,0.004714316790343523,0.8571428571428571,21.41,추천,10.3
광진구,대학/강변/상업,폐기물/환경,24,16888331000.0,703680458.3333334,2026-03-18 14:58:32,0.21100917431192662,0.047730683700957684,0.46153846153846145,21.21,제외,5.3
동작구,대학/주거/공원,폐기물/환경,14,18196674000.0,1299762428.5714285,2026-04-07 16:45:08,0.11926605504587157,0.05143202417245591,0.6666666666666666,20.84,제외,7.1
동작구,대학/주거/공원,시설유지보수,37,24164081431.0,653083281.918919,2025-07-16 13:23:42,0.3302752293577982,0.06831399368219424,0.0967741935483871,20.5,추천,16.2
중구,도심/관광/명동,조경/녹지관리,14,1603972020.0,114569430.0,2026-04-10 13:17:37,0.11926605504587157,0.004490786767522535,0.7142857142857143,20.38,추천,5.1
광진구,대학/강변/상업,행사/운영용역,22,6897205800.0,313509354.54545456,2026-03-24 06:19:48,0.1926605504587156,0.019465499373479488,0.5,20.22,추천,17.0
금천구,제조/산업단지/중소기업,전문용역/컨설팅,8,1927700000.0,240962500.0,2026-04-16 20:46:38,0.06422018348623854,0.005406622656223257,0.8333333333333334,20.04,데이터부족,9.5
종로구,공공기관/전통상권/관광,전문용역/컨설팅,11,654680000.0,59516363.63636363,2026-04-13 15:49:19,0.09174311926605505,0.0018052119810205982,0.7692307692307692,20.03,추천,13.7
광진구,대학/강변/상업,IT장비/전산,18,7166276170.0,398126453.8888889,2026-03-30 14:29:54,0.1559633027522936,0.020226707290793223,0.5660377358490566,19.73,추천,10.2
강서구,공항/산업단지/주거,건설/공사,29,25208821018.0,869269690.2758621,2026-01-14 13:04:13,0.25688073394495414,0.07126959241703627,0.234375,19.67,제외,9.7
은평구,주거/문화/뉴타운,행사/운영용역,6,6149521000.0,1024920166.6666666,2026-04-16 16:00:17,0.045871559633027525,0.0173502772870969,0.8333333333333334,19.48,데이터부족,8.3
서대문구,대학/의료/주거,전문용역/컨설팅,1,268992000.0,268992000.0,2026-04-21 16:28:43,0.0,0.0007140893902541037,0.9677419354838709,19.38,데이터부족,5.0
중구,도심/관광/명동,IT장비/전산,38,10131591590.0,266620831.31578946,2024-12-23 18:46:27,0.3394495412844037,0.02861567102186662,0.058252427184466014,19.0,추천,9.9
강남구,업무지구/고소득/IT,의료/복지용품,7,187127500.0,26732500.0,2026-04-15 15:52:53,0.05504587155963303,0.00048249233426116714,0.8108108108108107,18.98,데이터부족,4.7
구로구,산업/디지털/제조,조경/녹지관리,1,98824000.0,98824000.0,2026-04-20 13:25:35,0.0,0.00023267915963880617,0.9375,18.76,데이터부족,29.0
강남구,업무지구/고소득/IT,기타/미분류,16,5749586000.0,359349125.0,2026-03-30 13:44:57,0.13761467889908258,0.01621884951817954,0.5660377358490566,18.69,제외,11.1
노원구,주거/교육/대학,폐기물/환경,24,79915730000.0,3329822083.3333335,2024-12-03 13:56:02,0.21100917431192662,0.22603703206065145,0.05607476635514019,18.45,제외,19.8
용산구,외국인/관광/개발,전문용역/컨설팅,10,1260354000.0,126035400.0,2026-04-09 16:37:52,0.08256880733944955,0.0035186813760754243,0.6976744186046512,18.19,추천,6.1
강남구,업무지구/고소득/IT,보험/금융,5,771540804.0,154308160.8,2026-04-15 08:47:30,0.03669724770642202,0.002135814600805335,0.7894736842105263,17.69,데이터부족,5.8
영등포구,오피스/금융/교통,차량/운송,4,229226920.0,57306730.0,2026-04-16 07:52:02,0.027522935779816515,0.0006015928201984189,0.8108108108108107,17.61,데이터부족,9.0
서초구,법조/교육/고소득,행사/운영용역,8,3517290000.0,439661250.0,2026-04-10 08:33:29,0.06422018348623854,0.009903619086126475,0.6976744186046512,17.46,데이터부족,11.2
도봉구,주거/자연/교육,건설/공사,10,1786130400.0,178613040.0,2026-04-07 09:31:23,0.08256880733944955,0.005006118132551853,0.6521739130434783,17.32,제외,8.9
성북구,대학/문화/주거,전문용역/컨설팅,3,349755000.0,116585000.0,2026-04-15 18:00:17,0.01834862385321101,0.0009425702706498494,0.8108108108108107,17.16,데이터부족,12.7
강북구,주거/서민/교육,청소/환경미화,2,400000000.0,200000000.0,2026-04-17 10:39:53,0.009174311926605505,0.0010847148397654623,0.8333333333333334,17.16,데이터부족,15.5
중구,도심/관광/명동,인쇄/홍보물,8,1106209200.0,138276150.0,2026-04-09 09:50:51,0.06422018348623854,0.0030826012451686214,0.6818181818181818,16.94,데이터부족,12.2
종로구,공공기관/전통상권/관광,IT장비/전산,8,3030945340.0,378868167.5,2026-04-07 15:36:37,0.06422018348623854,0.00852773587113236,0.6666666666666666,16.8,데이터부족,13.2
강북구,주거/서민/교육,폐기물/환경,20,81036863840.0,4051843192.0,2024-12-18 18:29:58,0.1743119266055046,0.22920875236332303,0.057692307692307696,16.75,제외,8.1
성북구,대학/문화/주거,보험/금융,1,45003260.0,45003260.0,2026-04-16 11:13:28,0.0,8.041871786781536e-05,0.8333333333333334,16.67,데이터부족,5.0
강동구,주거/강변/문화,의료/복지용품,1,24816000.0,24816000.0,2026-04-17 08:53:28,0.0,2.330837108057588e-05,0.8333333333333334,16.67,데이터부족,11.0
용산구,외국인/관광/개발,기타/미분류,13,2486862800.0,191297138.46153846,2026-03-27 17:01:38,0.11009174311926606,0.006988510511163642,0.5357142857142857,16.43,제외,13.2
종로구,공공기관/전통상권/관광,건설/공사,3,179223000.0,59741000.0,2026-04-13 15:05:22,0.01834862385321101,0.00046013027342776356,0.7692307692307692,16.32,제외,6.3
강서구,공항/산업단지/주거,조경/녹지관리,6,652873720.0,108812286.66666667,2026-04-09 13:59:23,0.045871559633027525,0.0018001019622664507,0.6976744186046512,16.3,데이터부족,6.0
도봉구,주거/자연/교육,보험/금융,1,185000000.0,185000000.0,2026-04-16 10:32:12,0.0,0.0004764735747668201,0.8108108108108107,16.23,데이터부족,8.0
마포구,홍대/관광/문화콘텐츠,행사/운영용역,5,862404400.0,172480880.0,2026-04-10 14:57:55,0.03669724770642202,0.0023928703616116864,0.7142857142857143,16.19,데이터부족,10.0
양천구,교육/주거/신도시,청소/환경미화,7,1652467930.0,236066847.14285713,2026-04-06 16:03:28,0.05504587155963303,0.00462798311006049,0.6521739130434783,15.93,데이터부족,6.0
서초구,법조/교육/고소득,전문용역/컨설팅,5,1528497000.0,305699400.0,2026-04-09 16:18:42,0.03669724770642202,0.004277265736636033,0.6976744186046512,15.92,데이터부족,12.0
영등포구,오피스/금융/교통,시설유지보수,25,21532418502.0,861296740.08,2025-10-29 10:54:05,0.22018348623853212,0.060868942570636124,0.14634146341463417,15.76,추천,13.3
마포구,홍대/관광/문화콘텐츠,IT장비/전산,5,1640371120.0,328074224.0,2026-04-07 17:52:32,0.03669724770642202,0.00459376088207515,0.6666666666666666,15.31,데이터부족,14.8
서대문구,대학/의료/주거,사무용품/소모품,11,2060417000.0,187310636.36363637,2026-03-27 10:27:44,0.09174311926605505,0.00578208291653407,0.5263157894736842,15.29,추천,9.7
강서구,공항/산업단지/주거,전문용역/컨설팅,3,428173930.0,142724643.33333334,2026-04-10 17:15:53,0.01834862385321101,0.0011644197087105005,0.7142857142857143,15.24,데이터부족,21.7
중구,도심/관광/명동,차량/운송,5,424318000.0,84863600.0,2026-04-06 18:05:31,0.03669724770642202,0.0011535111703805181,0.6521739130434783,14.91,데이터부족,5.0
은평구,주거/문화/뉴타운,IT장비/전산,13,5088175720.0,391398132.3076923,2026-03-16 17:02:41,0.11009174311926606,0.01434770056287579,0.44776119402985076,14.89,추천,12.5
서대문구,대학/의료/주거,청소/환경미화,10,2451211920.0,245121192.0,2026-03-25 14:07:51,0.08256880733944955,0.006887653132793806,0.5172413793103449,14.68,추천,5.4
성북구,대학/문화/주거,행사/운영용역,4,1695661000.0,423915250.0,2026-04-06 15:37:41,0.027522935779816515,0.004750177563716187,0.6521739130434783,14.56,데이터부족,7.8
광진구,대학/강변/상업,건설/공사,6,8343595574.0,1390599262.3333333,2026-03-31 16:48:19,0.045871559633027525,0.02355737819124163,0.5769230769230769,14.54,제외,13.8
용산구,외국인/관광/개발,건설/공사,6,2688922240.0,448153706.6666667,2026-04-02 17:13:55,0.045871559633027525,0.007560142554840467,0.6000000000000001,14.52,제외,25.2
금천구,제조/산업단지/중소기업,기타/미분류,12,2373600000.0,197800000.0,2026-03-19 07:31:37,0.10091743119266056,0.0066680867495390456,0.46153846153846145,14.48,제외,15.0
성동구,성수/브랜드/라이프스타일,방역/소독,2,223952680.0,111976340.0,2026-04-09 10:41:16,0.009174311926605505,0.0005866718415495518,0.6818181818181818,14.11,데이터부족,5.5
서대문구,대학/의료/주거,건설/공사,20,26409443528.0,1320472176.4,2025-10-29 18:01:19,0.1743119266055046,0.0746661884834002,0.14634146341463417,13.88,제외,10.8
관악구,청년/자취생/대학가,IT장비/전산,11,2613370500.0,237579136.36363637,2026-03-16 13:58:16,0.09174311926605505,0.00734640448083838,0.44776119402985076,13.76,추천,11.9
도봉구,주거/자연/교육,폐기물/환경,14,76680854472.0,5477203890.857142,2024-12-10 10:20:37,0.11926605504587157,0.21688547492919158,0.05671077504725898,13.6,제외,16.6
동대문구,전통시장/패션/대학,사무용품/소모품,10,3112500000.0,311250000.0,2026-03-17 22:10:02,0.08256880733944955,0.008758456380736706,0.45454545454545453,13.48,추천,16.2
동대문구,전통시장/패션/대학,행사/운영용역,12,3295043000.0,274586916.6666667,2026-03-09 11:07:11,0.10091743119266056,0.009274875846953669,0.4054054054054054,13.43,추천,11.2
금천구,제조/산업단지/중소기업,시설유지보수,7,2936424000.0,419489142.85714287,2026-03-23 17:59:18,0.05504587155963303,0.008260332245965073,0.5,13.0,데이터부족,18.1
용산구,외국인/관광/개발,인쇄/홍보물,5,1876848600.0,375369720.0,2026-03-27 17:02:03,0.03669724770642202,0.005262762563837434,0.5357142857142857,12.71,데이터부족,16.4
금천구,제조/산업단지/중소기업,조경/녹지관리,6,1450750000.0,241791666.66666666,2026-03-23 16:52:57,0.045871559633027525,0.004057317208125106,0.5,12.42,데이터부족,27.7
광진구,대학/강변/상업,교육물품/교구,3,342366000.0,114122000.0,2026-03-30 14:29:21,0.01834862385321101,0.0009216665743378729,0.5660377358490566,12.27,데이터부족,11.0
강서구,공항/산업단지/주거,IT장비/전산,15,5956159780.0,397077318.6666667,2026-01-22 13:52:22,0.12844036697247707,0.016803252761262103,0.25,11.93,추천,13.1
금천구,제조/산업단지/중소기업,행사/운영용역,8,1539629200.0,192453650.0,2026-03-11 20:35:52,0.06422018348623854,0.004308759054823094,0.4166666666666667,11.67,데이터부족,9.4
강북구,주거/서민/교육,건설/공사,10,61853843000.0,6185384300.0,2025-08-18 10:17:37,0.08256880733944955,0.1749394274227792,0.1079136690647482,11.53,제외,35.9
금천구,제조/산업단지/중소기업,차량/운송,4,1493878870.0,373469717.5,2026-03-24 09:57:47,0.027522935779816515,0.004179330038110046,0.5,11.5,데이터부족,7.0
중랑구,주거/제조/서민,차량/운송,5,536151550.0,107230310.0,2026-03-20 10:59:51,0.03669724770642202,0.0014698915421074432,0.47619047619047616,11.4,데이터부족,5.8
양천구,교육/주거/신도시,행사/운영용역,19,5116150200.0,269271063.15789473,2025-10-13 14:57:01,0.1651376146788991,0.014426841181958949,0.13574660633484165,11.4,추천,11.3
서초구,법조/교육/고소득,기타/미분류,22,4856939000.0,220769954.54545453,2024-12-17 17:21:31,0.1926605504587156,0.013693525143866781,0.05758157389635316,11.2,제외,9.6
강남구,업무지구/고소득/IT,급수/전기/설비,17,3773891900.0,221993641.17647058,2025-12-02 15:43:56,0.14678899082568808,0.01062955333848487,0.17543859649122806,11.17,추천,8.4
강동구,주거/강변/문화,폐기물/환경,10,62690243810.0,6269024381.0,2024-12-11 16:45:04,0.08256880733944955,0.17730562968659452,0.05692599620493359,10.59,제외,23.4
금천구,제조/산업단지/중소기업,건설/공사,5,3005744000.0,601148800.0,2026-03-12 22:45:35,0.03669724770642202,0.008456440545917192,0.4225352112676056,10.54,제외,31.8
관악구,청년/자취생/대학가,조경/녹지관리,2,450020000.0,225010000.0,2026-03-23 18:11:45,0.009174311926605505,0.0012262228773246813,0.5,10.5,데이터부족,7.5
용산구,외국인/관광/개발,IT장비/전산,16,5791548000.0,361971750.0,2025-10-29 20:57:15,0.13761467889908258,0.016337561238932437,0.14634146341463417,10.3,추천,10.8
동대문구,전통시장/패션/대학,인쇄/홍보물,4,2487790000.0,621947500.0,2026-03-13 14:32:32,0.027522935779816515,0.006991133586981813,0.4285714285714286,10.16,데이터부족,12.2
양천구,교육/주거/신도시,전문용역/컨설팅,3,1042631000.0,347543666.6666667,2026-03-17 10:48:03,0.01834862385321101,0.002902736664729846,0.44776119402985076,9.96,데이터부족,15.7
중랑구,주거/제조/서민,행사/운영용역,4,587002000.0,146750500.0,2026-03-10 17:31:59,0.027522935779816515,0.0016137489469155838,0.410958904109589,9.64,데이터부족,12.8
서대문구,대학/의료/주거,행사/운영용역,2,334976000.0,167488000.0,2026-03-17 14:58:23,0.009174311926605505,0.0009007600489967568,0.45454545454545453,9.58,데이터부족,12.0
성동구,성수/브랜드/라이프스타일,행사/운영용역,15,4740278300.0,316018553.3333333,2025-10-15 17:44:33,0.12844036697247707,0.013363488624128981,0.136986301369863,9.56,추천,9.0
관악구,청년/자취생/대학가,행사/운영용역,18,3381849000.0,187880500.0,2024-12-18 17:49:53,0.1559633027522936,0.009520452550439585,0.057692307692307696,9.24,추천,12.4
광진구,대학/강변/상업,방역/소독,1,149072900.0,149072900.0,2026-03-17 17:24:48,0.0,0.0003748347619680633,0.45454545454545453,9.1,데이터부족,7.0
영등포구,오피스/금융/교통,행사/운영용역,14,3591408000.0,256529142.85714287,2025-10-20 17:40:24,0.11926605504587157,0.010113301067890053,0.14018691588785046,9.07,추천,10.0
강서구,공항/산업단지/주거,청소/환경미화,9,1484733170.0,164970352.2222222,2026-01-28 10:53:48,0.07339449541284404,0.0041534565863086586,0.2631578947368421,9.06,데이터부족,5.8
성동구,성수/브랜드/라이프스타일,시설유지보수,16,7204773540.0,450298346.25,2025-04-22 15:19:39,0.13761467889908258,0.020335617472318435,0.0759493670886076,9.01,추천,13.9
용산구,외국인/관광/개발,조경/녹지관리,2,131967510.0,65983755.0,2026-03-12 21:28:21,0.009174311926605505,0.0003264431152150627,0.4225352112676056,8.92,데이터부족,12.5
노원구,주거/교육/대학,건설/공사,7,58090922000.0,8298703142.857142,2024-09-25 15:51:17,0.05504587155963303,0.16429401426403523,0.049668874172185434,8.67,제외,21.1
종로구,공공기관/전통상권/관광,시설유지보수,17,1426622400.0,83918964.70588236,2024-12-23 18:58:13,0.14678899082568808,0.003989059524658217,0.058252427184466014,8.62,추천,6.8
강서구,공항/산업단지/주거,급수/전기/설비,8,1356243554.0,169530444.25,2026-01-27 17:26:10,0.06422018348623854,0.0037899557185178227,0.2608695652173913,8.54,데이터부족,7.8
광진구,대학/강변/상업,시설유지보수,16,3828059000.0,239253687.5,2024-12-04 13:33:59,0.13761467889908258,0.010782793642788628,0.056179775280898875,8.33,추천,9.2
광진구,대학/강변/상업,차량/운송,1,60500000.0,60500000.0,2026-03-10 15:49:29,0.0,0.00012425944689551332,0.410958904109589,8.22,데이터부족,6.0
동대문구,전통시장/패션/대학,전문용역/컨설팅,13,3286480000.0,252806153.84615386,2025-09-12 16:26:16,0.11009174311926606,0.009250650870431885,0.11904761904761904,8.16,추천,14.2
금천구,제조/산업단지/중소기업,폐기물/환경,13,17137617720.0,1318278286.1538463,2024-12-20 12:33:11,0.11009174311926606,0.04843592309593519,0.05791505791505792,8.12,제외,8.7
중랑구,주거/제조/서민,IT장비/전산,11,4070092410.0,370008400.90909094,2025-10-29 17:33:38,0.09174311926605505,0.011467513212418094,0.14634146341463417,7.86,추천,12.0
은평구,주거/문화/뉴타운,건설/공사,11,4552660000.0,413878181.8181818,2025-10-14 16:19:29,0.09174311926605505,0.012832710986320169,0.13636363636363638,7.7,제외,19.8
중랑구,주거/제조/서민,건설/공사,9,11959392000.0,1328821333.3333333,2025-10-29 10:25:18,0.07339449541284404,0.033786571642998885,0.14563106796116507,7.6,제외,14.2
구로구,산업/디지털/제조,행사/운영용역,11,1981443800.0,180131254.54545453,2025-10-22 17:32:31,0.09174311926605505,0.005558665432492252,0.14150943396226415,7.58,추천,14.5
도봉구,주거/자연/교육,인쇄/홍보물,10,6304461000.0,630446100.0,2025-10-21 16:05:19,0.08256880733944955,0.017788607061975454,0.14084507042253522,7.48,추천,25.7
강남구,업무지구/고소득/IT,조경/녹지관리,14,3120851260.0,222917947.14285713,2024-12-17 13:34:22,0.11926605504587157,0.008782082338628485,0.05758157389635316,7.38,추천,5.5
마포구,홍대/관광/문화콘텐츠,폐기물/환경,12,12347215000.0,1028934583.3333334,2024-12-16 13:10:59,0.10091743119266056,0.03488373421097827,0.0574712643678161,7.24,제외,5.9
중구,도심/관광/명동,전문용역/컨설팅,14,1279424000.0,91387428.57142857,2024-10-24 19:12:42,0.11926605504587157,0.003572630961766234,0.05217391304347826,7.11,추천,10.2
영등포구,오피스/금융/교통,건설/공사,10,20932862000.0,2093286200.0,2024-11-18 20:59:55,0.08256880733944955,0.05917277975568431,0.05454545454545455,6.99,제외,26.5
강서구,공항/산업단지/주거,행사/운영용역,6,1027600000.0,171266666.66666666,2026-01-13 10:17:18,0.045871559633027525,0.002860213527733592,0.23076923076923073,6.99,데이터부족,9.3
송파구,가족주거/대형상권/복합문화,폐기물/환경,13,3693303000.0,284100230.7692308,2024-12-13 17:25:43,0.11009174311926606,0.010401564992062316,0.05714285714285714,6.96,제외,6.3
서초구,법조/교육/고소득,폐기물/환경,12,6337205830.0,528100485.8333333,2024-12-17 16:37:48,0.10091743119266056,0.017881243140214362,0.05758157389635316,6.73,제외,5.9
서초구,법조/교육/고소득,건설/공사,9,20686972100.0,2298552455.5555553,2024-12-09 18:26:32,0.07339449541284404,0.05847715006346854,0.05671077504725898,6.56,제외,28.8
송파구,가족주거/대형상권/복합문화,행사/운영용역,12,3323900000.0,276991666.6666667,2024-12-09 20:23:45,0.10091743119266056,0.009356513140833043,0.05671077504725898,6.46,추천,10.1
성북구,대학/문화/주거,시설유지보수,8,2931052000.0,366381500.0,2025-10-27 18:42:26,0.06422018348623854,0.008245134701427525,0.14492753623188406,6.36,데이터부족,10.4
영등포구,오피스/금융/교통,급수/전기/설비,8,1571556000.0,196444500.0,2025-10-28 18:24:36,0.06422018348623854,0.004399080902354994,0.14563106796116507,6.26,데이터부족,5.5
강남구,업무지구/고소득/IT,인쇄/홍보물,7,4359008570.0,622715510.0,2025-11-10 09:50:41,0.05504587155963303,0.012284865447938791,0.15463917525773196,6.21,데이터부족,16.6
도봉구,주거/자연/교육,기타/미분류,11,4959258000.0,450841636.3636364,2024-11-18 10:50:43,0.09174311926605505,0.013982988576394205,0.0544464609800363,6.1,제외,18.2
동대문구,전통시장/패션/대학,IT장비/전산,11,3931919960.0,357447269.09090906,2024-12-06 13:39:33,0.09174311926605505,0.01107661932508804,0.05639097744360902,6.05,추천,14.7
동작구,대학/주거/공원,급수/전기/설비,10,9232657352.0,923265735.2,2024-11-01 17:25:07,0.08256880733944955,0.026072559868044708,0.052910052910052914,5.97,추천,11.3
서대문구,대학/의료/주거,차량/운송,7,4170068010.0,595724001.4285715,2025-10-16 20:31:40,0.05504587155963303,0.011750347098059945,0.13761467889908258,5.86,데이터부족,6.7
강동구,주거/강변/문화,전문용역/컨설팅,8,1165255500.0,145656937.5,2025-09-13 13:33:09,0.06422018348623854,0.003249644948449967,0.1195219123505976,5.7,데이터부족,11.5
강북구,주거/서민/교육,조경/녹지관리,5,15154993000.0,3030998600.0,2025-09-18 17:04:44,0.03669724770642202,0.04282701999030552,0.12195121951219513,5.56,데이터부족,21.0
동작구,대학/주거/공원,IT장비/전산,8,3538389680.0,442298710.0,2025-07-28 11:22:48,0.06422018348623854,0.009963310695681203,0.10067114093959731,5.52,데이터부족,17.6
중랑구,주거/제조/서민,전문용역/컨설팅,9,1682966760.0,186996306.66666666,2025-05-26 15:57:01,0.07339449541284404,0.004714265188852018,0.08310249307479224,5.47,데이터부족,14.8
서대문구,대학/의료/주거,IT장비/전산,10,2475343000.0,247534300.0,2024-12-10 19:26:54,0.08256880733944955,0.0069559206612821,0.056818181818181816,5.47,추천,14.0
강동구,주거/강변/문화,차량/운송,10,589492050.0,58949205.0,2024-12-10 21:15:48,0.08256880733944955,0.0016207933709244669,0.056818181818181816,5.31,추천,5.9
용산구,외국인/관광/개발,청소/환경미화,5,26791364260.0,5358272852.0,2024-12-18 20:59:18,0.03669724770642202,0.07574665336321829,0.057692307692307696,5.26,데이터부족,6.2
구로구,산업/디지털/제조,건설/공사,8,10641636000.0,1330204500.0,2024-11-12 17:50:46,0.06422018348623854,0.030058601520210275,0.0539568345323741,5.19,제외,16.5
도봉구,주거/자연/교육,IT장비/전산,6,1739587020.0,289931170.0,2025-10-10 14:55:02,0.045871559633027525,0.004874445554279702,0.13392857142857142,5.12,데이터부족,8.7
강서구,공항/산업단지/주거,보험/금융,2,1096538500.0,548269250.0,2026-01-08 17:23:24,0.009174311926605505,0.0030552425530689822,0.22388059701492538,5.03,데이터부족,6.0
은평구,주거/문화/뉴타운,기타/미분류,9,1187113600.0,131901511.1111111,2024-12-06 19:23:38,0.07339449541284404,0.0033114821502846963,0.05639097744360902,4.9,제외,9.9
종로구,공공기관/전통상권/관광,폐기물/환경,8,5602868540.0,700358567.5,2024-12-11 18:37:34,0.06422018348623854,0.015803781548561924,0.05692599620493359,4.82,제외,6.5
용산구,외국인/관광/개발,보험/금융,7,1721185090.0,245883584.2857143,2025-06-26 16:05:25,0.05504587155963303,0.004822385958086137,0.09090909090909091,4.72,데이터부족,7.4
은평구,주거/문화/뉴타운,조경/녹지관리,5,815400000.0,163080000.0,2025-10-22 08:48:33,0.03669724770642202,0.00225989354432563,0.14084507042253522,4.72,데이터부족,7.6
도봉구,주거/자연/교육,청소/환경미화,5,1330000000.0,266000000.0,2025-10-14 10:13:40,0.03669724770642202,0.0037157119395270313,0.13574660633484165,4.66,데이터부족,18.0
양천구,교육/주거/신도시,IT장비/전산,8,1852098320.0,231512290.0,2025-02-12 17:13:24,0.06422018348623854,0.005192743300505943,0.06465517241379311,4.66,데이터부족,10.6
동작구,대학/주거/공원,건설/공사,5,20643035517.0,4128607103.4,2024-11-11 14:24:51,0.03669724770642202,0.05835285218987023,0.05385996409335727,4.66,제외,10.8
중구,도심/관광/명동,경비/보안,8,3487493000.0,435936625.0,2024-12-20 16:46:10,0.06422018348623854,0.009819322504855942,0.05791505791505792,4.66,데이터부족,11.9
성북구,대학/문화/주거,건설/공사,7,8363557000.0,1194793857.142857,2024-11-19 10:54:30,0.05504587155963303,0.02361384964706217,0.0546448087431694,4.55,제외,25.0
서대문구,대학/의료/주거,급수/전기/설비,4,2432475100.0,608118775.0,2025-10-29 17:26:56,0.027522935779816515,0.0068346461230317035,0.14634146341463417,4.51,데이터부족,12.8
종로구,공공기관/전통상권/관광,행사/운영용역,8,2137000000.0,267125000.0,2024-11-22 16:06:15,0.06422018348623854,0.005998738455126587,0.054945054945054944,4.49,데이터부족,12.8
중구,도심/관광/명동,급식/식자재,8,1227012000.0,153376500.0,2024-12-09 09:12:02,0.06422018348623854,0.003424355886505263,0.056603773584905655,4.45,데이터부족,9.5
영등포구,오피스/금융/교통,인쇄/홍보물,4,936081890.0,234020472.5,2025-10-30 13:35:18,0.027522935779816515,0.0026013061277490113,0.14705882352941177,4.4,데이터부족,17.2
성동구,성수/브랜드/라이프스타일,건설/공사,4,2326284400.0,581571100.0,2025-10-20 15:49:57,0.027522935779816515,0.006534229538384767,0.14018691588785046,4.38,제외,7.5
은평구,주거/문화/뉴타운,인쇄/홍보물,5,5105000000.0,1021000000.0,2025-08-11 11:49:42,0.03669724770642202,0.014395296941247379,0.1056338028169014,4.38,데이터부족,12.6
송파구,가족주거/대형상권/복합문화,IT장비/전산,7,4959294940.0,708470705.7142857,2024-12-22 14:47:05,0.05504587155963303,0.01398309308073062,0.05813953488372093,4.33,데이터부족,8.7
은평구,주거/문화/뉴타운,전문용역/컨설팅,5,1787370000.0,357474000.0,2025-08-22 13:48:42,0.03669724770642202,0.005009624997073213,0.10989010989010989,4.18,데이터부족,14.2
종로구,공공기관/전통상권/관광,보험/금융,7,3337849400.0,476835628.5714286,2024-12-06 11:04:05,0.05504587155963303,0.009395976399911984,0.05639097744360902,4.16,데이터부족,5.4
송파구,가족주거/대형상권/복합문화,건설/공사,7,1663450000.0,237635714.2857143,2024-12-16 20:27:50,0.05504587155963303,0.0046590517061028324,0.0574712643678161,4.04,제외,9.6
강동구,주거/강변/문화,건설/공사,7,4704163043.0,672023291.8571428,2024-06-25 16:55:53,0.05504587155963303,0.013261317509694419,0.04310344827586207,4.01,제외,12.1
노원구,주거/교육/대학,급수/전기/설비,5,13537276000.0,2707455200.0,2024-09-30 18:20:17,0.03669724770642202,0.03825045145779478,0.05008347245409015,3.98,데이터부족,9.8
서대문구,대학/의료/주거,조경/녹지관리,3,924732000.0,308244000.0,2025-10-28 21:29:33,0.01834862385321101,0.0025691969582085673,0.14563106796116507,3.91,데이터부족,6.0
영등포구,오피스/금융/교통,IT장비/전산,7,988018000.0,141145428.57142857,2024-11-12 14:18:18,0.05504587155963303,0.0027482348963327723,0.0539568345323741,3.91,데이터부족,14.1
성동구,성수/브랜드/라이프스타일,전문용역/컨설팅,6,982700000.0,163783333.33333334,2025-04-02 15:34:47,0.045871559633027525,0.002733190119368759,0.07228915662650602,3.82,데이터부족,13.8
노원구,주거/교육/대학,기타/미분류,7,963692330.0,137670332.85714287,2024-08-14 14:28:49,0.05504587155963303,0.0026794168670642164,0.04643962848297213,3.76,제외,8.7
노원구,주거/교육/대학,인쇄/홍보물,6,3906050000.0,651008333.3333334,2024-12-04 16:39:58,0.045871559633027525,0.0110034324544096,0.056179775280898875,3.75,데이터부족,18.0
강북구,주거/서민/교육,급수/전기/설비,6,3337091600.0,556181933.3333334,2024-12-13 19:19:27,0.045871559633027525,0.00939383256163005,0.05714285714285714,3.72,데이터부족,16.3
동작구,대학/주거/공원,조경/녹지관리,5,1432234000.0,286446800.0,2025-05-23 18:57:06,0.03669724770642202,0.004004934904577595,0.08241758241758242,3.6,데이터부족,6.6
강남구,업무지구/고소득/IT,교육물품/교구,2,1492947000.0,746473500.0,2025-11-04 10:57:27,0.009174311926605505,0.004176693750725793,0.1507537688442211,3.6,데이터부족,20.5
광진구,대학/강변/상업,기타/미분류,6,1288718560.0,214786426.66666666,2024-12-26 13:34:42,0.045871559633027525,0.003598925542845331,0.05859375,3.57,제외,14.7
종로구,공공기관/전통상권/관광,청소/환경미화,6,1351846160.0,225307693.33333334,2024-12-12 15:13:51,0.045871559633027525,0.0037775153627538347,0.05703422053231939,3.55,데이터부족,6.0
송파구,가족주거/대형상권/복합문화,기타/미분류,5,7918000000.0,1583600000.0,2024-10-18 13:29:57,0.03669724770642202,0.02235335591074124,0.05163511187607573,3.54,제외,27.4
서대문구,대학/의료/주거,인쇄/홍보물,6,1463004000.0,243834000.0,2024-12-06 17:07:08,0.045871559633027525,0.004091984131200889,0.05639097744360902,3.54,데이터부족,12.3
노원구,주거/교육/대학,행사/운영용역,6,1008030690.0,168005115.0,2024-12-18 10:40:42,0.045871559633027525,0.0028048513795031244,0.05758157389635316,3.53,데이터부족,8.5
강동구,주거/강변/문화,기타/미분류,6,1604220000.0,267370000.0,2024-11-25 14:15:54,0.045871559633027525,0.004491488310168555,0.055248618784530384,3.53,제외,8.8
구로구,산업/디지털/제조,전문용역/컨설팅,6,1084500000.0,180750000.0,2024-12-06 18:04:12,0.045871559633027525,0.0030211852857727674,0.05639097744360902,3.51,데이터부족,11.7
동작구,대학/주거/공원,인쇄/홍보물,6,1095952000.0,182658666.66666666,2024-12-02 18:47:57,0.045871559633027525,0.0030535833274786487,0.055970149253731345,3.5,데이터부족,11.0
도봉구,주거/자연/교육,전문용역/컨설팅,4,396010000.0,99002500.0,2025-08-08 14:18:07,0.027522935779816515,0.0010734270134987434,0.10452961672473868,3.5,데이터부족,12.0
서초구,법조/교육/고소득,조경/녹지관리,6,1036577000.0,172762833.33333334,2024-11-25 17:02:39,0.045871559633027525,0.00288560972231914,0.055248618784530384,3.49,데이터부족,8.7
동대문구,전통시장/패션/대학,조경/녹지관리,2,750000000.0,375000000.0,2025-10-28 15:51:21,0.009174311926605505,0.0020748750386004613,0.14563106796116507,3.43,데이터부족,10.0
강남구,업무지구/고소득/IT,경비/보안,1,1410466560.0,1410466560.0,2025-11-18 15:34:03,0.0,0.003943354182524656,0.16216216216216214,3.36,데이터부족,7.0
양천구,교육/주거/신도시,건설/공사,5,2717151000.0,543430200.0,2025-02-07 11:24:46,0.03669724770642202,0.007640002539453225,0.06396588486140725,3.34,제외,44.8
서초구,법조/교육/고소득,IT장비/전산,5,4671590000.0,934318000.0,2024-11-28 11:02:17,0.03669724770642202,0.0131691674218843,0.05555555555555555,3.34,데이터부족,9.8
서초구,법조/교육/고소득,인쇄/홍보물,5,2111343400.0,422268680.0,2024-12-11 10:53:56,0.03669724770642202,0.0059261551861053575,0.05692599620493359,3.15,데이터부족,15.6
성동구,성수/브랜드/라이프스타일,IT장비/전산,5,1845099000.0,369019800.0,2024-12-13 11:57:18,0.03669724770642202,0.005172942020269057,0.05714285714285714,3.13,데이터부족,15.0
광진구,대학/강변/상업,전문용역/컨설팅,5,1898800000.0,379760000.0,2024-11-29 14:14:45,0.03669724770642202,0.005324863714090881,0.05565862708719852,3.11,데이터부족,26.0
중구,도심/관광/명동,보험/금융,5,1276122870.0,255224574.0,2024-12-10 19:18:24,0.03669724770642202,0.0035632919688028623,0.056818181818181816,3.08,데이터부족,6.2
관악구,청년/자취생/대학가,청소/환경미화,5,662368560.0,132473712.0,2024-12-23 20:12:54,0.03669724770642202,0.001826963141301612,0.058252427184466014,3.05,데이터부족,6.0
동작구,대학/주거/공원,기타/미분류,4,927624000.0,231906000.0,2025-05-09 17:47:04,0.027522935779816515,0.002577378510480084,0.07936507936507936,3.04,제외,21.8
성북구,대학/문화/주거,IT장비/전산,5,800959850.0,160191970.0,2024-11-25 13:20:39,0.03669724770642202,0.0022190419391964664,0.055248618784530384,3.01,데이터부족,8.0
강서구,공항/산업단지/주거,차량/운송,5,411115290.0,82223058.0,2024-10-21 17:04:28,0.03669724770642202,0.001116160319069773,0.051903114186851215,2.91,데이터부족,3.6
노원구,주거/교육/대학,차량/운송,5,252012200.0,50402440.0,2024-10-24 21:50:09,0.03669724770642202,0.0006660530412707365,0.05217391304347826,2.9,데이터부족,6.2
영등포구,오피스/금융/교통,기타/미분류,5,223200000.0,44640000.0,2024-10-08 17:19:54,0.03669724770642202,0.0005845424878968115,0.050761421319796954,2.87,제외,7.2
강동구,주거/강변/문화,조경/녹지관리,5,857615000.0,171523000.0,2024-08-30 14:35:40,0.03669724770642202,0.0023793210094508284,0.047619047619047616,2.86,데이터부족,7.0
양천구,교육/주거/신도시,교육물품/교구,4,1072500000.0,268125000.0,2025-02-18 15:05:51,0.027522935779816515,0.002987236936098425,0.06550218340611354,2.78,데이터부족,15.5
양천구,교육/주거/신도시,보험/금융,4,1218122460.0,304530615.0,2025-02-13 17:55:02,0.027522935779816515,0.0033992071188082584,0.06479481641468682,2.77,데이터부족,7.0
동작구,대학/주거/공원,보험/금융,4,2050347400.0,512586850.0,2024-12-24 16:13:41,0.027522935779816515,0.005753595724710673,0.058365758754863814,2.72,데이터부족,6.8
동대문구,전통시장/패션/대학,교육물품/교구,4,981440000.0,245360000.0,2024-12-18 20:51:08,0.027522935779816515,0.0027296255426529532,0.057692307692307696,2.61,데이터부족,11.8
관악구,청년/자취생/대학가,건설/공사,4,876353600.0,219088400.0,2024-12-17 19:49:54,0.027522935779816515,0.002432333054884798,0.05758157389635316,2.6,제외,-0.2
금천구,제조/산업단지/중소기업,IT장비/전산,4,1321047000.0,330261750.0,2024-11-21 14:53:55,0.027522935779816515,0.003690383641640832,0.054844606946983544,2.58,데이터부족,10.8
종로구,공공기관/전통상권/관광,차량/운송,4,198240000.0,49560000.0,2024-12-23 13:32:16,0.027522935779816515,0.0005139299205741784,0.058252427184466014,2.56,데이터부족,6.5
관악구,청년/자취생/대학가,인쇄/홍보물,4,675147000.0,168786750.0,2024-11-28 14:55:07,0.027522935779816515,0.0018631137204193295,0.05555555555555555,2.54,데이터부족,9.5
동작구,대학/주거/공원,전문용역/컨설팅,3,297000000.0,99000000.0,2025-05-08 09:50:40,0.01834862385321101,0.0007933248383940198,0.07894736842105264,2.52,데이터부족,11.0
서초구,법조/교육/고소득,청소/환경미화,4,353165640.0,88291410.0,2024-11-26 10:08:40,0.027522935779816515,0.0009522190705942912,0.055248618784530384,2.51,데이터부족,8.8
종로구,공공기관/전통상권/관광,기타/미분류,4,520071000.0,130017750.0,2024-11-05 09:49:41,0.027522935779816515,0.0014243991975777972,0.05319148936170213,2.48,제외,13.2
중랑구,주거/제조/서민,기타/미분류,4,524100000.0,131025000.0,2024-09-10 17:39:53,0.027522935779816515,0.0014357973559809578,0.048465266558966075,2.39,제외,13.2
노원구,주거/교육/대학,청소/환경미화,3,4711200000.0,1570400000.0,2024-10-21 14:56:08,0.01834862385321101,0.013281225266101027,0.051903114186851215,2.35,데이터부족,30.0
강북구,주거/서민/교육,전문용역/컨설팅,4,457000000.0,114250000.0,2024-07-26 11:32:12,0.027522935779816515,0.0012459695007185907,0.045112781954887216,2.32,데이터부족,7.2
성북구,대학/문화/주거,기타/미분류,4,402800000.0,100700000.0,2024-05-09 14:31:33,0.027522935779816515,0.0010926361213561423,0.04037685060565276,2.22,제외,7.8
마포구,홍대/관광/문화콘텐츠,차량/운송,3,792000000.0,264000000.0,2024-12-26 18:37:09,0.01834862385321101,0.002193694262460661,0.05859375,2.16,데이터부족,8.0
관악구,청년/자취생/대학가,기타/미분류,3,1684540000.0,561513333.3333334,2024-11-19 11:08:26,0.01834862385321101,0.00471871593065549,0.0546448087431694,2.15,제외,12.7
은평구,주거/문화/뉴타운,차량/운송,3,741190400.0,247063466.66666666,2024-12-17 11:09:13,0.01834862385321101,0.0020499524234928704,0.05758157389635316,2.13,데이터부족,9.0
구로구,산업/디지털/제조,급식/식자재,3,1209550920.0,403183640.0,2024-11-13 16:08:09,0.01834862385321101,0.0033749579823776233,0.05405405405405406,2.1,데이터부족,15.3
중구,도심/관광/명동,교육물품/교구,3,167970000.0,55990000.0,2024-12-23 21:22:24,0.01834862385321101,0.0004282952085206486,0.058252427184466014,2.1,데이터부족,9.3
노원구,주거/교육/대학,IT장비/전산,3,275879000.0,91959666.66666667,2024-12-16 13:35:03,0.01834862385321101,0.000733572913938037,0.0574712643678161,2.09,데이터부족,8.0
강서구,공항/산업단지/주거,경비/보안,3,78443000.0,26147666.666666668,2024-12-18 15:18:51,0.01834862385321101,0.00017502071674607443,0.057692307692307696,2.08,데이터부족,3.0
성동구,성수/브랜드/라이프스타일,기타/미분류,3,173672000.0,57890666.666666664,2024-12-06 11:02:27,0.01834862385321101,0.0004444263326742405,0.05639097744360902,2.06,제외,10.0
종로구,공공기관/전통상권/관광,교육물품/교구,3,413856000.0,137952000.0,2024-11-25 13:45:11,0.01834862385321101,0.0011239138675227702,0.055248618784530384,2.06,데이터부족,11.0
성동구,성수/브랜드/라이프스타일,경비/보안,3,587525340.0,195841780.0,2024-11-14 16:55:07,0.01834862385321101,0.0016152294910254646,0.05415162454873647,2.05,데이터부족,10.3
강동구,주거/강변/문화,교육물품/교구,3,600210000.0,200070000.0,2024-11-11 16:21:05,0.01834862385321101,0.001651114763790477,0.05385996409335727,2.04,데이터부족,21.0
마포구,홍대/관광/문화콘텐츠,조경/녹지관리,3,602750000.0,200916666.66666666,2024-10-21 10:56:50,0.01834862385321101,0.0016583004978048797,0.051903114186851215,2.01,데이터부족,6.3
서초구,법조/교육/고소득,보험/금융,2,3463462360.0,1731731180.0,2024-12-18 19:15:24,0.009174311926605505,0.00975133912405442,0.057692307692307696,1.91,데이터부족,6.0
동대문구,전통시장/패션/대학,기타/미분류,3,157500000.0,52500000.0,2024-09-10 16:01:16,0.01834862385321101,0.0003986752734297845,0.048465266558966075,1.9,제외,12.3
은평구,주거/문화/뉴타운,급수/전기/설비,3,567963000.0,189321000.0,2024-08-08 13:36:59,0.01834862385321101,0.0015598870611280994,0.046012269938650305,1.88,데이터부족,6.3
송파구,가족주거/대형상권/복합문화,보험/금융,2,2419290640.0,1209645320.0,2024-11-27 17:09:39,0.009174311926605505,0.006797346901502755,0.055452865064695,1.77,데이터부족,5.5
광진구,대학/강변/상업,인쇄/홍보물,2,2431684600.0,1215842300.0,2024-11-27 16:04:19,0.009174311926605505,0.0068324097754969065,0.055452865064695,1.77,데이터부족,18.0
구로구,산업/디지털/제조,보험/금융,2,1481856880.0,740928440.0,2024-12-17 13:32:30,0.009174311926605505,0.004145319478084925,0.05758157389635316,1.73,데이터부족,6.0
강북구,주거/서민/교육,보험/금융,2,1258080800.0,629040400.0,2024-12-18 16:58:08,0.009174311926605505,0.0035122504270354484,0.057692307692307696,1.72,데이터부족,6.5
강동구,주거/강변/문화,인쇄/홍보물,2,1049600000.0,524800000.0,2024-11-29 19:25:40,0.009174311926605505,0.0029224521688032204,0.05565862708719852,1.66,데이터부족,15.0
서초구,법조/교육/고소득,차량/운송,2,276000000.0,138000000.0,2024-12-24 11:09:37,0.009174311926605505,0.0007339152264639199,0.058365758754863814,1.65,데이터부족,7.0
마포구,홍대/관광/문화콘텐츠,기타/미분류,2,459622000.0,229811000.0,2024-12-17 19:29:31,0.009174311926605505,0.0012533872151224347,0.05758157389635316,1.65,제외,8.0
도봉구,주거/자연/교육,교육물품/교구,2,392108000.0,196054000.0,2024-12-16 17:35:33,0.009174311926605505,0.0010623881417963028,0.0574712643678161,1.64,데이터부족,21.5
송파구,가족주거/대형상권/복합문화,청소/환경미화,2,185160000.0,92580000.0,2024-12-19 17:34:13,0.009174311926605505,0.0004769262194291447,0.057803468208092484,1.63,데이터부족,6.5
광진구,대학/강변/상업,청소/환경미화,2,99953420.0,49976710.0,2024-12-16 15:04:24,0.009174311926605505,0.00023587432172957255,0.0574712643678161,1.62,데이터부족,3.0
강남구,업무지구/고소득/IT,방역/소독,2,164305100.0,82152550.0,2024-12-16 17:41:24,0.009174311926605505,0.00041792709962719035,0.0574712643678161,1.62,데이터부족,5.0
노원구,주거/교육/대학,경비/보안,2,338998000.0,169499000.0,2024-12-09 17:06:07,0.009174311926605505,0.0009121384041959407,0.05671077504725898,1.62,데이터부족,6.5
종로구,공공기관/전통상권/관광,인쇄/홍보물,2,514789000.0,257394500.0,2024-11-25 10:28:38,0.009174311926605505,0.0014094562656628072,0.05514705882352941,1.6,데이터부족,23.5
구로구,산업/디지털/제조,차량/운송,2,253300000.0,126650000.0,2024-12-05 17:25:21,0.009174311926605505,0.0006696962649966213,0.056285178236397754,1.6,데이터부족,10.5
금천구,제조/산업단지/중소기업,인쇄/홍보물,2,524200000.0,262100000.0,2024-11-15 09:51:27,0.009174311926605505,0.0014360802588949107,0.05415162454873647,1.58,데이터부족,20.0
성북구,대학/문화/주거,인쇄/홍보물,2,673068000.0,336534000.0,2024-11-08 09:51:31,0.009174311926605505,0.0018572321688382495,0.053475935828877004,1.58,데이터부족,17.0
동작구,대학/주거/공원,차량/운송,2,152000000.0,76000000.0,2024-11-20 14:54:58,0.009174311926605505,0.0003831156131623774,0.05474452554744526,1.57,데이터부족,13.5
송파구,가족주거/대형상권/복합문화,인쇄/홍보물,2,267916000.0,133958000.0,2024-11-06 15:55:11,0.009174311926605505,0.000711045354899971,0.05338078291814946,1.55,데이터부족,9.5
성북구,대학/문화/주거,경비/보안,2,88000000.0,44000000.0,2024-11-01 14:34:19,0.009174311926605505,0.00020205774823254895,0.052910052910052914,1.52,데이터부족,8.5
송파구,가족주거/대형상권/복합문화,조경/녹지관리,2,807186700.0,403593350.0,2024-09-19 18:21:50,0.009174311926605505,0.0022366578792939397,0.049180327868852465,1.51,데이터부족,5.0
성동구,성수/브랜드/라이프스타일,차량/운송,2,1093586630.0,546793315.0,2024-09-06 18:39:37,0.009174311926605505,0.003046891626822882,0.048154093097913325,1.51,데이터부족,4.0
관악구,청년/자취생/대학가,전문용역/컨설팅,2,600000000.0,300000000.0,2024-09-25 14:19:51,0.009174311926605505,0.001650520667671176,0.049668874172185434,1.5,데이터부족,11.0
양천구,교육/주거/신도시,기타/미분류,2,100000000.0,50000000.0,2024-10-04 16:00:34,0.009174311926605505,0.00023600609790689177,0.05042016806722689,1.47,제외,11.5
강북구,주거/서민/교육,급식/식자재,2,47880000.0,23940000.0,2024-09-04 16:54:10,0.009174311926605505,8.855709915466278e-05,0.048,1.42,데이터부족,5.0
영등포구,오피스/금융/교통,조경/녹지관리,2,240000000.0,120000000.0,2024-08-12 15:57:46,0.009174311926605505,0.0006320701774408914,0.046296296296296294,1.4,데이터부족,7.0
용산구,외국인/관광/개발,급수/전기/설비,2,229925900.0,114962950.0,2024-08-06 22:41:36,0.009174311926605505,0.0006035702549863667,0.04587155963302752,1.39,데이터부족,12.0
강서구,공항/산업단지/주거,방역/소독,2,67340000.0,33670000.0,2024-07-08 16:26:50,0.009174311926605505,0.00014361000620988874,0.043923865300146414,1.34,데이터부족,7.5
구로구,산업/디지털/제조,기타/미분류,2,249583000.0,124791500.0,2024-05-31 16:00:58,0.009174311926605505,0.0006591807636849937,0.041608876560332866,1.31,제외,8.0
중구,도심/관광/명동,방역/소독,2,164795770.0,82397885.0,2024-05-28 13:34:21,0.009174311926605505,0.00041931521935508284,0.04143646408839779,1.3,데이터부족,7.5
마포구,홍대/관광/문화콘텐츠,보험/금융,1,929568970.0,929568970.0,2024-12-25 15:38:08,0.0,0.0025828808872855927,0.05847953216374269,1.25,데이터부족,5.0
영등포구,오피스/금융/교통,보험/금융,1,908344940.0,908344940.0,2024-12-26 19:50:51,0.0,0.002522837487957364,0.05859375,1.25,데이터부족,13.0
용산구,외국인/관광/개발,경비/보안,1,199514000.0,199514000.0,2025-01-10 15:28:42,0.0,0.0005175341036979378,0.060362173038229376,1.22,데이터부족,10.0
마포구,홍대/관광/문화콘텐츠,경비/보안,1,802700000.0,802700000.0,2024-12-19 17:36:10,0.0,0.002223964874253617,0.057803468208092484,1.22,데이터부족,6.0
광진구,대학/강변/상업,보험/금융,1,460000000.0,460000000.0,2024-12-18 09:17:41,0.0,0.0012544565881371765,0.05758157389635316,1.19,데이터부족,6.0
구로구,산업/디지털/제조,청소/환경미화,1,516865000.0,516865000.0,2024-12-10 16:26:59,0.0,0.0014153293301564685,0.056818181818181816,1.18,데이터부족,7.0
용산구,외국인/관광/개발,방역/소독,1,33470000.0,33470000.0,2024-12-18 21:28:25,0.0,4.779078925405611e-05,0.057692307692307696,1.16,데이터부족,5.0
성동구,성수/브랜드/라이프스타일,급식/식자재,1,87127000.0,87127000.0,2024-12-16 19:16:47,0.0,0.00019958800579374052,0.0574712643678161,1.16,데이터부족,6.0
중랑구,주거/제조/서민,청소/환경미화,1,85008000.0,85008000.0,2024-12-16 19:55:19,0.0,0.00019359329304707948,0.0574712643678161,1.16,데이터부족,3.0
동대문구,전통시장/패션/대학,경비/보안,1,46020000.0,46020000.0,2024-12-16 20:01:37,0.0,8.329510495513965e-05,0.0574712643678161,1.15,데이터부족,3.0
관악구,청년/자취생/대학가,보험/금융,1,16577000.0,16577000.0,2024-12-16 13:06:47,0.0,0.0,0.0574712643678161,1.15,데이터부족,9.0
용산구,외국인/관광/개발,차량/운송,1,87158060.0,87158060.0,2024-12-13 20:36:59,0.0,0.00019967587543881428,0.05714285714285714,1.15,데이터부족,5.0
성동구,성수/브랜드/라이프스타일,인쇄/홍보물,1,357000000.0,357000000.0,2024-11-26 15:35:31,0.0,0.0009630665867657339,0.055350553505535055,1.14,데이터부족,13.0
양천구,교육/주거/신도시,의료/복지용품,1,450524000.0,450524000.0,2024-11-22 15:19:55,0.0,0.0012276487080110038,0.054945054945054944,1.14,데이터부족,9.0
은평구,주거/문화/뉴타운,청소/환경미화,1,72000000.0,72000000.0,2024-12-11 09:43:50,0.0,0.00015679328200009186,0.056818181818181816,1.14,데이터부족,7.0
강남구,업무지구/고소득/IT,급식/식자재,1,450000000.0,450000000.0,2024-11-22 19:18:24,0.0,0.0012261662967418907,0.054945054945054944,1.14,데이터부족,19.0
서대문구,대학/의료/주거,경비/보안,1,91872000.0,91872000.0,2024-12-09 18:30:49,0.0,0.00021301174906080358,0.05671077504725898,1.14,데이터부족,3.0
관악구,청년/자취생/대학가,방역/소독,1,400000000.0,400000000.0,2024-11-25 20:04:15,0.0,0.0010847148397654623,0.055248618784530384,1.14,데이터부족,10.0
성북구,대학/문화/주거,급수/전기/설비,1,30800000.0,30800000.0,2024-12-09 17:16:32,0.0,4.023728145151483e-05,0.05671077504725898,1.14,데이터부족,3.0
강서구,공항/산업단지/주거,급식/식자재,1,29000000.0,29000000.0,2024-12-06 11:04:45,0.0,3.514502900036341e-05,0.05639097744360902,1.13,데이터부족,10.0
영등포구,오피스/금융/교통,경비/보안,1,142259200.0,142259200.0,2024-11-26 18:05:43,0.0,0.0003555586061200575,0.055350553505535055,1.12,데이터부족,7.0
강북구,주거/서민/교육,인쇄/홍보물,1,425340000.0,425340000.0,2024-11-15 13:10:44,0.0,0.0011564024381611163,0.054249547920433995,1.12,데이터부족,12.0
동대문구,전통시장/패션/대학,차량/운송,1,144679000.0,144679000.0,2024-11-29 17:52:17,0.0,0.0003624042908318887,0.05565862708719852,1.12,데이터부족,10.0
중랑구,주거/제조/서민,인쇄/홍보물,1,386400000.0,386400000.0,2024-11-12 10:36:11,0.0,0.0010462400434678738,0.05385996409335727,1.11,데이터부족,22.0
강동구,주거/강변/문화,방역/소독,1,107557000.0,107557000.0,2024-11-25 17:42:12,0.0,0.00025738507111430916,0.055248618784530384,1.11,데이터부족,3.0
광진구,대학/강변/상업,경비/보안,1,30000000.0,30000000.0,2024-11-26 09:33:58,0.0,3.7974058139891975e-05,0.055248618784530384,1.11,데이터부족,6.0
영등포구,오피스/금융/교통,교육물품/교구,1,139200000.0,139200000.0,2024-11-20 17:38:54,0.0,0.00034690404017641166,0.05474452554744526,1.11,데이터부족,20.0
성북구,대학/문화/주거,교육물품/교구,1,231420000.0,231420000.0,2024-11-16 12:45:24,0.0,0.0006077971074237362,0.05434782608695653,1.11,데이터부족,11.0
중랑구,주거/제조/서민,교육물품/교구,1,131648000.0,131648000.0,2024-11-18 11:47:25,0.0,0.00032553921211469193,0.05454545454545455,1.1,데이터부족,11.0
송파구,가족주거/대형상권/복합문화,교육물품/교구,1,224555000.0,224555000.0,2024-11-14 19:49:42,0.0,0.0005883758223808726,0.05415162454873647,1.1,데이터부족,12.0
구로구,산업/디지털/제조,교육물품/교구,1,287160000.0,287160000.0,2024-11-11 14:23:57,0.0,0.0007654871916610587,0.05385996409335727,1.1,데이터부족,21.0
서대문구,대학/의료/주거,교육물품/교구,1,103250000.0,103250000.0,2024-11-19 13:36:47,0.0,0.00024520044261035966,0.0546448087431694,1.1,데이터부족,21.0
송파구,가족주거/대형상권/복합문화,전문용역/컨설팅,1,20000000.0,20000000.0,2024-11-18 09:56:08,0.0,9.68376674460629e-06,0.0544464609800363,1.09,데이터부족,11.0
금천구,제조/산업단지/중소기업,교육물품/교구,1,175273000.0,175273000.0,2024-11-11 09:22:44,0.0,0.00044895560832662574,0.05376344086021505,1.09,데이터부족,11.0
용산구,외국인/관광/개발,교육물품/교구,1,120774800.0,120774800.0,2024-11-11 21:52:29,0.0,0.0002947786124747699,0.05385996409335727,1.09,데이터부족,10.0
노원구,주거/교육/대학,조경/녹지관리,1,360000000.0,360000000.0,2024-10-28 13:44:38,0.0,0.0009715536741843196,0.052539404553415055,1.08,데이터부족,11.0
동작구,대학/주거/공원,방역/소독,1,94400000.0,94400000.0,2024-11-05 16:13:31,0.0,0.0002201635347255318,0.05328596802841919,1.07,데이터부족,13.0
광진구,대학/강변/상업,조경/녹지관리,1,320000000.0,320000000.0,2024-10-17 16:12:36,0.0,0.0008583925086031769,0.051546391752577324,1.06,데이터부족,5.0
중랑구,주거/제조/서민,조경/녹지관리,1,1648130000.0,1648130000.0,2024-07-30 17:10:56,0.0,0.004615710979685255,0.0453857791225416,1.05,데이터부족,22.0
종로구,공공기관/전통상권/관광,조경/녹지관리,1,295700000.0,295700000.0,2024-10-15 16:25:40,0.0,0.0007896471005126327,0.051369863013698634,1.05,데이터부족,7.0
송파구,가족주거/대형상권/복합문화,경비/보안,1,120790000.0,120790000.0,2024-10-07 19:24:14,0.0,0.0002948216137176907,0.05067567567567567,1.02,데이터부족,7.0
서대문구,대학/의료/주거,기타/미분류,1,160000000.0,160000000.0,2024-10-04 13:50:03,0.0,0.0004057478462786059,0.05042016806722689,1.02,제외,7.0
금천구,제조/산업단지/중소기업,청소/환경미화,1,88000000.0,88000000.0,2024-08-19 09:36:49,0.0,0.00020205774823254895,0.04672897196261683,0.94,데이터부족,17.0
은평구,주거/문화/뉴타운,경비/보안,1,75517500.0,75517500.0,2024-07-11 15:32:58,0.0,0.0001667443919983836,0.044117647058823525,0.89,데이터부족,5.0
동대문구,전통시장/패션/대학,청소/환경미화,1,75600000.0,75600000.0,2024-07-04 14:34:49,0.0,0.0001669777869023947,0.04366812227074236,0.88,데이터부족,6.0
도봉구,주거/자연/교육,행사/운영용역,1,200000000.0,200000000.0,2024-06-25 10:07:39,0.0,0.0005189090118597487,0.0430416068866571,0.88,데이터부족,7.0
양천구,교육/주거/신도시,차량/운송,1,127139080.0,127139080.0,2024-06-25 16:36:53,0.0,0.00031278334604688875,0.04310344827586207,0.87,데이터부족,5.0
구로구,산업/디지털/제조,인쇄/홍보물,1,195000000.0,195000000.0,2024-05-28 16:21:38,0.0,0.0005047638661621058,0.04143646408839779,0.84,데이터부족,21.0
종로구,공공기관/전통상권/관광,경비/보안,1,160000000.0,160000000.0,2024-05-16 13:52:36,0.0,0.0004057478462786059,0.04076086956521739,0.83,데이터부족,28.0
송파구,가족주거/대형상권/복합문화,차량/운송,1,49014920.0,49014920.0,2024-05-07 13:50:06,0.0,9.176782090569655e-05,0.04026845637583893,0.81,데이터부족,9.0
마포구,홍대/관광/문화콘텐츠,건설/공사,1,90600000.0,90600000.0,2024-04-24 16:52:05,0.0,0.00020941322399532325,0.0395778364116095,0.8,제외,7.0
영등포구,오피스/금융/교통,전문용역/컨설팅,1,154370000.0,154370000.0,2024-04-25 15:16:10,0.0,0.0003898204122230601,0.03963011889035667,0.8,데이터부족,7.0
