district,inds_group,store_count,population,stores_per_10k
강남구,교육,3932,524942,74.9
강남구,기타,24454,524942,465.84
강남구,부동산,3260,524942,62.1
강남구,생활서비스,7306,524942,139.18
강남구,수리/개인서비스,1858,524942,35.39
강남구,숙박,9190,524942,175.07
강동구,교육,2046,461012,44.38
강동구,기타,5605,461012,121.58
강동구,부동산,1082,461012,23.47
강동구,생활서비스,4239,461012,91.95
강동구,수리/개인서비스,896,461012,19.44
강동구,숙박,5307,461012,115.12
강북구,교육,762,297441,25.62
강북구,기타,3740,297441,125.74
강북구,부동산,520,297441,17.48
강북구,생활서비스,2870,297441,96.49
강북구,수리/개인서비스,479,297441,16.1
강북구,숙박,3875,297441,130.28
관악구,교육,1554,487305,31.89
관악구,기타,6151,487305,126.22
관악구,부동산,882,487305,18.1
관악구,생활서비스,3869,487305,79.4
관악구,수리/개인서비스,682,487305,14.0
관악구,숙박,6191,487305,127.05
광진구,교육,1387,342481,40.5
광진구,기타,5848,342481,170.75
광진구,부동산,851,342481,24.85
광진구,생활서비스,4074,342481,118.96
광진구,수리/개인서비스,591,342481,17.26
광진구,숙박,5322,342481,155.4
구로구,교육,871,401907,21.67
구로구,기타,4223,401907,105.07
구로구,부동산,795,401907,19.78
구로구,생활서비스,3963,401907,98.6
구로구,수리/개인서비스,300,401907,7.46
구로구,숙박,5574,401907,138.69
금천구,교육,828,229348,36.1
금천구,기타,8704,229348,379.51
금천구,부동산,724,229348,31.57
금천구,생활서비스,3294,229348,143.62
금천구,수리/개인서비스,369,229348,16.09
금천구,숙박,3772,229348,164.47
노원구,교육,2016,505069,39.92
노원구,기타,4136,505069,81.89
노원구,부동산,573,505069,11.34
노원구,생활서비스,3523,505069,69.75
노원구,수리/개인서비스,724,505069,14.33
노원구,숙박,4485,505069,88.8
도봉구,교육,899,313149,28.71
도봉구,기타,3143,313149,100.37
도봉구,부동산,435,313149,13.89
도봉구,생활서비스,2664,313149,85.07
도봉구,수리/개인서비스,368,313149,11.75
도봉구,숙박,2868,313149,91.59
동대문구,교육,1272,342289,37.16
동대문구,기타,4679,342289,136.7
동대문구,부동산,807,342289,23.58
동대문구,생활서비스,4999,342289,146.05
동대문구,수리/개인서비스,620,342289,18.11
동대문구,숙박,5474,342289,159.92
동작구,교육,1183,380584,31.08
동작구,기타,6772,380584,177.94
동작구,부동산,764,380584,20.07
동작구,생활서비스,3437,380584,90.31
동작구,수리/개인서비스,444,380584,11.67
동작구,숙박,4754,380584,124.91
마포구,교육,576,369048,15.61
마포구,기타,7924,369048,214.71
마포구,부동산,624,369048,16.91
마포구,생활서비스,7694,369048,208.48
마포구,수리/개인서비스,575,369048,15.58
마포구,숙박,6869,369048,186.13
서대문구,교육,1338,301916,44.32
서대문구,기타,3912,301916,129.57
서대문구,부동산,609,301916,20.17
서대문구,생활서비스,2818,301916,93.34
서대문구,수리/개인서비스,435,301916,14.41
서대문구,숙박,4519,301916,149.68
서초구,교육,3816,446718,85.42
서초구,기타,17908,446718,400.88
서초구,부동산,2052,446718,45.94
서초구,생활서비스,6533,446718,146.24
서초구,수리/개인서비스,1561,446718,34.94
서초구,숙박,7076,446718,158.4
성동구,교육,2619,281402,93.07
성동구,기타,10912,281402,387.77
성동구,부동산,1134,281402,40.3
성동구,생활서비스,4960,281402,176.26
성동구,수리/개인서비스,757,281402,26.9
성동구,숙박,10261,281402,364.64
성북구,교육,1667,432127,38.58
성북구,기타,4321,432127,99.99
성북구,부동산,740,432127,17.12
성북구,생활서비스,3493,432127,80.83
성북구,수리/개인서비스,543,432127,12.57
성북구,숙박,4800,432127,111.08
송파구,교육,3137,663823,47.26
송파구,기타,12326,663823,185.68
송파구,부동산,1657,663823,24.96
송파구,생활서비스,6762,663823,101.86
송파구,수리/개인서비스,1218,663823,18.35
송파구,숙박,8500,663823,128.05
양천구,교육,2516,455390,55.25
양천구,기타,4559,455390,100.11
양천구,부동산,729,455390,16.01
양천구,생활서비스,3328,455390,73.08
양천구,수리/개인서비스,694,455390,15.24
양천구,숙박,3820,455390,83.88
영등포구,교육,1386,382246,36.26
영등포구,기타,3814,382246,99.78
영등포구,부동산,741,382246,19.39
영등포구,생활서비스,3033,382246,79.35
영등포구,수리/개인서비스,582,382246,15.23
영등포구,숙박,4188,382246,109.56
은평구,교육,1561,469094,33.28
은평구,기타,4556,469094,97.12
은평구,부동산,936,469094,19.95
은평구,생활서비스,3534,469094,75.34
은평구,수리/개인서비스,682,469094,14.54
은평구,숙박,4591,469094,97.87
종로구,교육,1058,141990,74.51
종로구,기타,5904,141990,415.8
종로구,부동산,546,141990,38.45
종로구,생활서비스,5607,141990,394.89
종로구,수리/개인서비스,479,141990,33.73
종로구,숙박,7338,141990,516.8
중랑구,교육,970,388558,24.96
중랑구,기타,4622,388558,118.95
중랑구,부동산,656,388558,16.88
중랑구,생활서비스,3456,388558,88.94
중랑구,수리/개인서비스,550,388558,14.15
중랑구,숙박,4345,388558,111.82
금정구,교육,538,0,0.0
금정구,기타,3017,0,0.0
금정구,부동산,380,0,0.0
금정구,생활서비스,2427,0,0.0
금정구,수리/개인서비스,127,0,0.0
금정구,숙박,3536,0,0.0
기장군,교육,544,0,0.0
기장군,기타,1998,0,0.0
기장군,부동산,345,0,0.0
기장군,생활서비스,2273,0,0.0
기장군,수리/개인서비스,85,0,0.0
기장군,숙박,3331,0,0.0
남구,교육,546,0,0.0
남구,기타,2875,0,0.0
남구,부동산,381,0,0.0
남구,생활서비스,1989,0,0.0
남구,수리/개인서비스,150,0,0.0
남구,숙박,3252,0,0.0
동래구,교육,910,0,0.0
동래구,기타,3271,0,0.0
동래구,부동산,485,0,0.0
동래구,생활서비스,2690,0,0.0
동래구,수리/개인서비스,240,0,0.0
동래구,숙박,4121,0,0.0
부산진구,교육,957,0,0.0
부산진구,기타,5901,0,0.0
부산진구,부동산,748,0,0.0
부산진구,생활서비스,5407,0,0.0
부산진구,수리/개인서비스,478,0,0.0
부산진구,숙박,6983,0,0.0
북구,교육,526,0,0.0
북구,기타,2375,0,0.0
북구,부동산,292,0,0.0
북구,생활서비스,2113,0,0.0
북구,수리/개인서비스,146,0,0.0
북구,숙박,3043,0,0.0
사상구,교육,264,0,0.0
사상구,기타,2915,0,0.0
사상구,부동산,282,0,0.0
사상구,생활서비스,2577,0,0.0
사상구,수리/개인서비스,93,0,0.0
사상구,숙박,3263,0,0.0
사하구,교육,480,0,0.0
사하구,기타,3098,0,0.0
사하구,부동산,354,0,0.0
사하구,생활서비스,2527,0,0.0
사하구,수리/개인서비스,164,0,0.0
사하구,숙박,4050,0,0.0
수영구,교육,532,0,0.0
수영구,기타,2702,0,0.0
수영구,부동산,399,0,0.0
수영구,생활서비스,2037,0,0.0
수영구,수리/개인서비스,143,0,0.0
수영구,숙박,3914,0,0.0
연제구,교육,508,0,0.0
연제구,기타,3669,0,0.0
연제구,부동산,510,0,0.0
연제구,생활서비스,1848,0,0.0
연제구,수리/개인서비스,180,0,0.0
연제구,숙박,3229,0,0.0
해운대구,교육,1185,0,0.0
해운대구,기타,5419,0,0.0
해운대구,부동산,821,0,0.0
해운대구,생활서비스,3784,0,0.0
해운대구,수리/개인서비스,325,0,0.0
해운대구,숙박,5578,0,0.0
남구,교육,546,0,0.0
남구,기타,2875,0,0.0
남구,부동산,381,0,0.0
남구,생활서비스,1989,0,0.0
남구,수리/개인서비스,150,0,0.0
남구,숙박,3252,0,0.0
달서구,교육,1431,0,0.0
달서구,기타,6986,0,0.0
달서구,부동산,768,0,0.0
달서구,생활서비스,5114,0,0.0
달서구,수리/개인서비스,300,0,0.0
달서구,숙박,7594,0,0.0
달성군,교육,559,0,0.0
달성군,기타,2398,0,0.0
달성군,부동산,385,0,0.0
달성군,생활서비스,2195,0,0.0
달성군,수리/개인서비스,88,0,0.0
달성군,숙박,3533,0,0.0
북구,교육,526,0,0.0
북구,기타,2375,0,0.0
북구,부동산,292,0,0.0
북구,생활서비스,2113,0,0.0
북구,수리/개인서비스,146,0,0.0
북구,숙박,3043,0,0.0
수성구,교육,2239,0,0.0
수성구,기타,6297,0,0.0
수성구,부동산,914,0,0.0
수성구,생활서비스,3945,0,0.0
수성구,수리/개인서비스,360,0,0.0
수성구,숙박,5791,0,0.0
계양구,교육,793,0,0.0
계양구,기타,3422,0,0.0
계양구,부동산,431,0,0.0
계양구,생활서비스,2513,0,0.0
계양구,수리/개인서비스,379,0,0.0
계양구,숙박,3304,0,0.0
남동구,교육,1731,0,0.0
남동구,기타,6872,0,0.0
남동구,부동산,810,0,0.0
남동구,생활서비스,5466,0,0.0
남동구,수리/개인서비스,794,0,0.0
남동구,숙박,6786,0,0.0
미추홀구,교육,1077,0,0.0
미추홀구,기타,5506,0,0.0
미추홀구,부동산,725,0,0.0
미추홀구,생활서비스,4679,0,0.0
미추홀구,수리/개인서비스,525,0,0.0
미추홀구,숙박,5842,0,0.0
부평구,교육,1446,0,0.0
부평구,기타,6307,0,0.0
부평구,부동산,780,0,0.0
부평구,생활서비스,5372,0,0.0
부평구,수리/개인서비스,661,0,0.0
부평구,숙박,5945,0,0.0
연수구,교육,1809,0,0.0
연수구,기타,5015,0,0.0
연수구,부동산,735,0,0.0
연수구,생활서비스,3088,0,0.0
연수구,수리/개인서비스,495,0,0.0
연수구,숙박,5147,0,0.0
광산구,교육,1072,0,0.0
광산구,기타,5943,0,0.0
광산구,부동산,976,0,0.0
광산구,생활서비스,4629,0,0.0
광산구,수리/개인서비스,246,0,0.0
광산구,숙박,6019,0,0.0
남구,교육,546,0,0.0
남구,기타,2875,0,0.0
남구,부동산,381,0,0.0
남구,생활서비스,1989,0,0.0
남구,수리/개인서비스,150,0,0.0
남구,숙박,3252,0,0.0
북구,교육,526,0,0.0
북구,기타,2375,0,0.0
북구,부동산,292,0,0.0
북구,생활서비스,2113,0,0.0
북구,수리/개인서비스,146,0,0.0
북구,숙박,3043,0,0.0
대덕구,교육,319,0,0.0
대덕구,기타,2734,0,0.0
대덕구,부동산,219,0,0.0
대덕구,생활서비스,2242,0,0.0
대덕구,수리/개인서비스,62,0,0.0
대덕구,숙박,2742,0,0.0
유성구,교육,1318,0,0.0
유성구,기타,5578,0,0.0
유성구,부동산,837,0,0.0
유성구,생활서비스,4475,0,0.0
유성구,수리/개인서비스,223,0,0.0
유성구,숙박,6288,0,0.0
남구,교육,546,0,0.0
남구,기타,2875,0,0.0
남구,부동산,381,0,0.0
남구,생활서비스,1989,0,0.0
남구,수리/개인서비스,150,0,0.0
남구,숙박,3252,0,0.0
북구,교육,526,0,0.0
북구,기타,2375,0,0.0
북구,부동산,292,0,0.0
북구,생활서비스,2113,0,0.0
북구,수리/개인서비스,146,0,0.0
북구,숙박,3043,0,0.0
울주군,교육,498,0,0.0
울주군,기타,2676,0,0.0
울주군,부동산,366,0,0.0
울주군,생활서비스,2301,0,0.0
울주군,수리/개인서비스,72,0,0.0
울주군,숙박,4418,0,0.0
세종시,교육,1713,0,0.0
세종시,기타,4302,0,0.0
세종시,부동산,1087,0,0.0
세종시,생활서비스,3031,0,0.0
세종시,수리/개인서비스,242,0,0.0
세종시,숙박,5048,0,0.0
