city,district,district_profile,item_category,bid_count,amount_sum,amount_mean,latest_posted_date,count_score,amount_score,recency_score,competition_score,opportunity_score,recommendation_flag,avg_lead_time_days,rank
경기도,가평군,전국 주요 지역,행사/운영용역,25,4085790700.0,163431628.0,2026-05-12 11:16:47,0.0213713268032057,0.004420877893299948,0.9375,1.0,35.03,추천,10.6,1
경기도,가평군,전국 주요 지역,기타/미분류,19,1918027380.0,100948809.4736842,2026-05-13 09:49:05,0.016028495102404273,0.0020753302030341444,0.9375,1.0,34.76,제외,7.1,2
경기도,가평군,전국 주요 지역,조경/녹지관리,4,232382000.0,58095500.0,2026-05-11 16:11:31,0.0026714158504007124,0.00025144030177581746,0.9090909090909091,1.0,33.75,데이터부족,7.8,3
울산광역시,강남구,업무지구/고소득/IT,차량/운송,163,13529072050.0,83000442.02453987,2026-05-12 11:47:58,0.14425645592163847,0.014638629321542881,0.9375,1.0,40.2,추천,6.2,1
서울특별시,강남구,업무지구/고소득/IT,폐기물/환경,69,353582236759.0,5124380242.884058,2026-03-19 13:51:52,0.060552092609082814,0.3825805110260326,0.3488372093023256,1.0,37.22,제외,7.0,2
울산광역시,강남구,업무지구/고소득/IT,기타/미분류,43,1964521860.0,45686554.88372093,2026-05-11 11:07:07,0.037399821905609976,0.0021256378261809874,0.8823529411764706,1.0,34.78,제외,7.9,3
부산광역시,강동구,주거/강변/문화,시설유지보수,3,4279850001.0,1426616667.0,2026-05-15 07:39:31,0.0017809439002671415,0.00463085254368528,1.0,1.0,35.19,데이터부족,10.0,1
부산광역시,강동구,주거/강변/문화,IT장비/전산,1,135300000.0,135300000.0,2026-05-15 07:38:43,0.0,0.00014639633375333763,1.0,1.0,35.0,데이터부족,6.0,2
부산광역시,강동구,주거/강변/문화,행사/운영용역,13,4384272727.0,337251748.2307692,2026-05-12 10:35:08,0.01068566340160285,0.004743839271304861,0.9090909090909091,1.0,34.18,추천,16.5,3
강원특별자치도,강릉시,전국 주요 지역,기타/미분류,128,22807688556.0,178185066.84375,2026-05-14 16:08:32,0.11308993766696349,0.02467821127853921,1.0,0.992,39.98,제외,6.6,1
강원특별자치도,강릉시,전국 주요 지역,폐기물/환경,171,139681794830.0,816852601.3450292,2026-04-27 17:50:41,0.15138023152270705,0.15113749190833636,0.6382978723404256,1.0,39.41,제외,5.2,2
강원특별자치도,강릉시,전국 주요 지역,IT장비/전산,81,62535217780.0,772039725.6790123,2026-05-13 10:03:08,0.07123775601068566,0.06766390697308598,0.9375,0.975,38.1,추천,7.9,3
울산광역시,강북구,주거/서민/교육,건설/공사,50,2880583300.0,57611666.0,2026-05-15 10:41:28,0.04363312555654497,0.003116828042801853,1.0,1.0,36.82,제외,8.3,1
울산광역시,강북구,주거/서민/교육,시설유지보수,73,6387903750.0,87505530.8219178,2026-05-12 14:53:41,0.06411398040961709,0.006911793713002195,0.9375,1.0,36.8,추천,4.8,2
울산광역시,강북구,주거/서민/교육,행사/운영용역,169,50294427642.0,297600163.56213015,2026-04-03 14:06:18,0.1495992876224399,0.05441921518855374,0.4225352112676056,1.0,33.68,추천,23.9,3
서울특별시,강서구,공항/산업단지/주거,폐기물/환경,56,268994796000.0,4803478500.0,2026-04-20 17:27:13,0.048975957257346395,0.29105581620936416,0.5555555555555556,1.0,37.57,제외,8.4,1
부산광역시,강서구,공항/산업단지/주거,기타/미분류,22,33392561180.0,1517843690.0,2026-05-12 17:58:18,0.018699910952804988,0.0361311790937622,0.9375,1.0,35.71,제외,5.6,2
부산광역시,강서구,공항/산업단지/주거,폐기물/환경,92,151647798520.0,1648345636.0869565,2026-04-20 09:31:30,0.08103294746215495,0.1640848612349802,0.5454545454545454,1.0,35.53,제외,10.2,3
강원특별자치도,강원특별자치도,전국 주요 지역,행사/운영용역,352,87992808403.0,249979569.32670453,2026-05-14 15:26:40,0.31255565449688333,0.0952093462443391,1.0,1.0,49.88,추천,12.0,1
강원특별자치도,강원특별자치도,전국 주요 지역,기타/미분류,273,48275701213.0,176834070.37728938,2026-05-10 07:55:22,0.24220837043633126,0.052234927324129744,0.8571428571428571,1.0,43.85,제외,10.2,2
강원특별자치도,강원특별자치도,전국 주요 지역,IT장비/전산,161,101662087107.0,631441534.826087,2026-05-11 17:09:18,0.14247551202137132,0.10999968096213787,0.9090909090909091,1.0,42.09,추천,12.2,3
광주광역시,강진군,전국 주요 지역,기타/미분류,20,860915530.0,43045776.5,2026-05-14 10:49:45,0.016918967052537846,0.0009315216353533744,0.9677419354838709,1.0,35.22,제외,5.4,1
광주광역시,강진군,전국 주요 지역,의료/복지용품,8,331195680.0,41399460.0,2026-05-14 09:55:40,0.006233303650934996,0.00035835796974828976,0.9677419354838709,1.0,34.77,데이터부족,6.0,2
대구광역시,강진군,전국 주요 지역,의료/복지용품,4,164568420.0,41142105.0,2026-05-13 11:11:55,0.0026714158504007124,0.00017806513924301142,0.9677419354838709,1.0,34.63,데이터부족,6.8,3
인천광역시,강화군,전국 주요 지역,시설유지보수,92,20501040053.0,222837391.88043478,2026-05-12 09:38:51,0.08103294746215495,0.02218238804057303,0.9090909090909091,0.989,37.21,추천,6.0,1
인천광역시,강화군,전국 주요 지역,행사/운영용역,48,27733052938.0,577771936.2083334,2026-05-11 18:06:52,0.041852181656277826,0.030007518654179076,0.9090909090909091,1.0,36.06,추천,13.4,2
부산광역시,강화군,전국 주요 지역,기타/미분류,11,896495620.0,81499601.81818181,2026-05-13 16:36:47,0.008904719501335707,0.0009700197486616803,0.9677419354838709,1.0,34.9,제외,9.5,3
부산광역시,거제시,전국 주요 지역,시설유지보수,5,1063461600.0,212692320.0,2026-04-08 14:08:55,0.003561887800534283,0.0011506790785473647,0.45454545454545453,1.0,26.99,데이터부족,12.4,1
부산광역시,거제시,전국 주요 지역,조경/녹지관리,10,1874518860.0,187451886.0,2026-01-30 13:56:02,0.008014247551202136,0.002028253426869815,0.22388059701492538,1.0,23.73,추천,8.2,2
부산광역시,거제시,전국 주요 지역,전문용역/컨설팅,2,160000000.0,80000000.0,2026-02-02 17:20:58,0.0008904719501335708,0.00017312205026263135,0.22900763358778622,1.0,23.48,데이터부족,6.0,3
대구광역시,거창군,전국 주요 지역,IT장비/전산,4,1389932000.0,347483000.0,2025-05-26 15:30:50,0.0026714158504007124,0.0015039242347852481,0.07832898172323759,1.0,21.32,데이터부족,9.0,1
부산광역시,거창군,전국 주요 지역,폐기물/환경,1,156752790.0,156752790.0,2025-04-17 14:33:23,0.0,0.0001696085274324231,0.07109004739336493,1.0,21.07,제외,11.0,2
경기도,경기도,전국 주요 지역,행사/운영용역,598,117472531162.0,196442359.80267558,2026-05-14 09:39:47,0.5316117542297417,0.1271067840269143,0.9677419354838709,1.0,58.96,추천,15.2,1
경기도,경기도,전국 주요 지역,기타/미분류,394,174559788453.0,443045148.357868,2026-05-14 15:53:06,0.3499554764024933,0.188875927939966,1.0,1.0,53.72,제외,13.0,2
경기도,경기도,전국 주요 지역,교육물품/교구,441,72293085410.0,163929898.8888889,2026-05-14 15:51:39,0.39180765805877116,0.078222044787442,1.0,1.0,52.63,추천,27.6,3
대구광역시,경산시,전국 주요 지역,행사/운영용역,83,5160778000.0,62178048.192771085,2026-05-14 09:31:45,0.0730186999109528,0.005584027926939263,0.9677419354838709,1.0,37.58,추천,9.3,1
대구광역시,경산시,전국 주요 지역,기타/미분류,29,1583751505.0,54612120.862068966,2026-05-13 13:58:14,0.024933214603739984,0.0017136394228258003,0.9677419354838709,1.0,35.56,제외,10.2,2
대구광역시,경산시,전국 주요 지역,IT장비/전산,13,2708508000.0,208346769.23076922,2026-05-11 16:37:07,0.01068566340160285,0.0029306403632046196,0.9090909090909091,1.0,34.14,추천,9.9,3
부산광역시,경주시,전국 주요 지역,행사/운영용역,4,544100000.0,136025000.0,2026-04-30 09:55:13,0.0026714158504007124,0.0005887231721743607,0.6666666666666666,1.0,30.12,데이터부족,14.8,1
대전광역시,경주시,전국 주요 지역,행사/운영용역,3,1294659840.0,431553280.0,2026-02-12 15:13:02,0.0017809439002671415,0.0014008385368343142,0.24793388429752067,1.0,23.83,데이터부족,16.3,2
대구광역시,경주시,전국 주요 지역,시설유지보수,2,88704000.0,44352000.0,2026-02-11 15:41:27,0.0008904719501335708,9.597886466560281e-05,0.24590163934426232,1.0,23.73,데이터부족,13.5,3
대전광역시,계룡시,전국 주요 지역,급수/전기/설비,1,6220000.0,6220000.0,2024-10-21 14:08:08,0.0,6.7301197039597935e-06,0.05,1.0,20.75,데이터부족,3.0,1
인천광역시,계양구,주거/교통,시설유지보수,39,2580376510.0,66163500.256410256,2026-05-14 17:00:56,0.03383793410507569,0.0027920004491295827,1.0,1.0,36.42,추천,5.8,1
인천광역시,계양구,주거/교통,급수/전기/설비,13,4571510988.0,351654691.38461536,2026-04-29 17:22:44,0.01068566340160285,0.004946433469004421,0.6666666666666666,1.0,30.55,추천,7.3,2
인천광역시,계양구,주거/교통,행사/운영용역,18,2978627000.0,165479277.7777778,2026-04-28 09:44:05,0.015138023152270703,0.0032229125825476925,0.6382978723404256,1.0,30.26,추천,11.8,3
대구광역시,고령군,전국 주요 지역,시설유지보수,8,593122000.0,74140250.0,2026-04-28 16:56:47,0.006233303650934996,0.0006417656043492027,0.6521739130434783,1.0,30.05,데이터부족,9.8,1
부산광역시,고령군,전국 주요 지역,폐기물/환경,1,9000000.0,9000000.0,2025-09-11 10:08:10,0.0,9.738115327273012e-06,0.10869565217391305,1.0,21.63,제외,6.0,2
광주광역시,고령군,전국 주요 지역,시설유지보수,1,13800000.0,13800000.0,2025-07-14 11:03:07,0.0,1.4931776835151954e-05,0.08955223880597016,1.0,21.34,데이터부족,0.0,3
강원특별자치도,고성군,전국 주요 지역,건설/공사,54,27881727408.0,516328285.3333333,2026-05-11 15:08:20,0.04719501335707925,0.030168386335854763,0.9090909090909091,1.0,36.28,제외,13.8,1
강원특별자치도,고성군,전국 주요 지역,행사/운영용역,27,9745388990.0,360940332.962963,2026-05-12 17:50:07,0.02315227070347284,0.010544635765972964,0.9375,1.0,35.25,추천,11.7,2
강원특별자치도,고성군,전국 주요 지역,폐기물/환경,47,4763012000.0,101340680.85106383,2026-05-07 14:57:38,0.04096170970614425,0.005153640017909476,0.8108108108108107,1.0,33.93,제외,4.9,3
경기도,고양시,신도시/주거/교통,폐기물/환경,103,49452490880.0,480121270.6796116,2026-05-12 14:03:44,0.09082813891362422,0.053508228823372986,0.9375,1.0,39.03,제외,5.1,1
경기도,고양시,신도시/주거/교통,기타/미분류,59,20191626490.0,342230957.4576271,2026-05-14 15:22:15,0.051647373107747106,0.021847598600537865,1.0,1.0,37.61,제외,8.6,2
경기도,고양시,신도시/주거/교통,행사/운영용역,74,13069370802.0,176613118.94594595,2026-05-14 10:26:20,0.06500445235975066,0.014141226680530066,0.9677419354838709,1.0,37.47,추천,19.0,3
경기도,고창군,전국 주요 지역,행사/운영용역,1,190740000.0,190740000.0,2025-11-24 13:31:50,0.0,0.0002063831241693394,0.14925373134328357,1.0,22.24,데이터부족,30.0,1
전라북도,고창군,전국 주요 지역,폐기물/환경,7,494894000.0,70699142.85714285,2024-06-18 14:52:24,0.005342831700801425,0.0005354816496417167,0.041379310344827586,1.0,20.85,제외,5.7,2
전라북도,고창군,전국 주요 지역,기타/미분류,3,1068292000.0,356097333.3333333,2024-06-20 17:49:24,0.0017809439002671415,0.0011559056332447934,0.04149377593360996,1.0,20.72,제외,11.0,3
충청남도,공주시,전국 주요 지역,보험/금융,2,42550000.0,21275000.0,2026-05-14 13:31:01,0.0008904719501335708,4.6039645241718526e-05,1.0,1.0,35.04,데이터부족,0.0,1
충청남도,공주시,전국 주요 지역,시설유지보수,18,744237090.0,41346505.0,2026-05-12 16:47:24,0.015138023152270703,0.0008052740681393406,0.9375,1.0,34.69,추천,2.0,2
대전광역시,공주시,전국 주요 지역,폐기물/환경,13,1640672448.0,126205572.92307693,2026-05-12 16:07:19,0.01068566340160285,0.001775228612544815,0.9375,1.0,34.53,제외,5.4,3
경기도,과천시,전국 주요 지역,행사/운영용역,14,3731008380.0,266500598.57142857,2026-04-30 15:31:56,0.01157613535173642,0.004036998876829117,0.6818181818181818,1.0,30.79,추천,13.4,1
경기도,과천시,전국 주요 지역,폐기물/환경,33,17795434000.0,539255575.7575758,2026-04-06 17:35:31,0.028495102404274265,0.019254887621208368,0.4411764705882353,1.0,28.24,제외,7.1,2
경기도,과천시,전국 주요 지역,청소/환경미화,7,1315911650.0,187987378.57142857,2026-04-03 15:29:31,0.005342831700801425,0.0014238332675780133,0.4225352112676056,1.0,26.59,데이터부족,7.0,3
서울특별시,관악구,청년/자취생/대학가,시설유지보수,26,6848272720.0,263395104.6153846,2026-04-22 11:12:54,0.02226179875333927,0.007409918837775294,0.5769230769230769,1.0,29.73,추천,11.1,1
서울특별시,관악구,청년/자취생/대학가,폐기물/환경,37,142663433680.0,3855768477.8378377,2024-11-25 18:15:48,0.032056990204808546,0.15436366335117832,0.05309734513274337,1.0,25.94,제외,9.0,2
서울특별시,관악구,청년/자취생/대학가,조경/녹지관리,2,450020000.0,225010000.0,2026-03-23 18:11:45,0.0008904719501335708,0.0004869274066199335,0.36585365853658536,1.0,25.54,데이터부족,7.5,3
경기도,광명시,전국 주요 지역,행사/운영용역,32,18460529320.0,576891541.25,2026-05-13 09:22:08,0.027604630454140695,0.01997452928007387,0.9375,1.0,35.67,추천,14.7,1
경기도,광명시,전국 주요 지역,청소/환경미화,19,1895272800.0,99751200.0,2026-04-30 09:14:45,0.016028495102404273,0.0020507094558937376,0.6666666666666666,1.0,30.69,추천,7.4,2
경기도,광명시,전국 주요 지역,IT장비/전산,11,3112965480.0,282996861.8181818,2026-04-28 17:25:45,0.008904719501335707,0.003368268539339977,0.6521739130434783,1.0,30.22,추천,9.9,3
광주광역시,광산구,전국 주요 지역,시설유지보수,46,9736862950.0,211670933.6956522,2026-05-13 16:01:56,0.04007123775601069,0.01053541048143908,0.9677419354838709,1.0,36.38,추천,7.7,1
광주광역시,광산구,전국 주요 지역,행사/운영용역,17,2487066000.0,146298000.0,2026-05-14 13:20:15,0.014247551202137132,0.0026910372816155094,1.0,1.0,35.64,추천,13.2,2
광주광역시,광산구,전국 주요 지역,보험/금융,9,1973485860.0,219276206.66666666,2026-05-13 16:04:44,0.007123775601068566,0.0021353369890469514,0.9677419354838709,1.0,34.85,데이터부족,6.3,3
광주광역시,광주시,전국 주요 지역,시설유지보수,878,411558069545.0,468744953.9236902,2026-05-13 13:18:54,0.7809439002671416,0.44531110501100635,0.9677419354838709,0.991,76.71,추천,6.6,1
광주광역시,광주시,전국 주요 지역,행사/운영용역,973,166625367632.0,171249093.14696813,2026-05-15 09:27:48,0.8655387355298308,0.1802907829388533,1.0,0.999,74.11,추천,11.1,2
광주광역시,광주시,전국 주요 지역,기타/미분류,600,131420442698.0,219034071.16333333,2026-05-14 16:38:08,0.5333926981300089,0.14219860303937762,1.0,1.0,59.89,제외,9.7,3
서울특별시,광진구,대학/강변/상업,IT장비/전산,18,7166276170.0,398126453.8888889,2026-03-30 14:29:54,0.015138023152270703,0.0077540026456164824,0.4,1.0,26.8,추천,10.2,1
서울특별시,광진구,대학/강변/상업,건설/공사,6,8343595574.0,1390599262.3333333,2026-03-31 16:48:19,0.004452359750667854,0.009027877327081853,0.4054054054054054,1.0,26.48,제외,13.8,2
서울특별시,광진구,대학/강변/상업,폐기물/환경,24,16888331000.0,703680458.3333334,2026-03-18 14:58:32,0.020480854853072127,0.01827339055146222,0.3448275862068966,1.0,26.45,제외,5.3,3
대전광역시,괴산군,전국 주요 지역,시설유지보수,9,960600000.0,106733333.33333333,2026-05-12 16:56:24,0.007123775601068566,0.001039381509264273,0.9375,1.0,34.37,데이터부족,5.7,1
대전광역시,괴산군,전국 주요 지역,기타/미분류,3,623700000.0,207900000.0,2026-05-07 18:03:01,0.0017809439002671415,0.0006748513921800198,0.8108108108108107,1.0,32.25,제외,5.3,2
대전광역시,괴산군,전국 주요 지역,조경/녹지관리,6,1956388400.0,326064733.3333333,2026-05-06 16:48:47,0.004452359750667854,0.002116837318237681,0.7894736842105263,1.0,32.07,데이터부족,5.3,3
서울특별시,구로구,산업/디지털/제조,IT장비/전산,9,3085648100.0,342849788.8888889,2026-04-20 09:46:05,0.007123775601068566,0.0033387107841312057,0.5454545454545454,1.0,28.55,데이터부족,11.1,1
서울특별시,구로구,산업/디지털/제조,조경/녹지관리,1,98824000.0,98824000.0,2026-04-20 13:25:35,0.0,0.00010692883434471425,0.5555555555555556,1.0,28.34,데이터부족,29.0,2
서울특별시,구로구,산업/디지털/제조,시설유지보수,13,36296000520.0,2792000040.0,2026-04-09 16:10:55,0.01068566340160285,0.03927273766472458,0.46153846153846145,1.0,28.33,추천,12.6,3
경기도,구리시,전국 주요 지역,보험/금융,10,2836974000.0,283697400.0,2026-05-11 09:11:26,0.008014247551202136,0.0030696422213861143,0.8823529411764706,1.0,33.63,추천,2.9,1
경기도,구리시,전국 주요 지역,폐기물/환경,39,4148520600.0,106372323.07692307,2026-05-06 17:29:29,0.03383793410507569,0.00448875244892976,0.7894736842105263,1.0,33.31,제외,5.2,2
경기도,구리시,전국 주요 지역,IT장비/전산,16,3103710120.0,193981882.5,2026-05-06 17:11:06,0.013357079252003561,0.003358254121220485,0.7894736842105263,1.0,32.46,추천,7.9,3
대구광역시,구미시,전국 주요 지역,행사/운영용역,7,1166799000.0,166685571.42857143,2026-04-27 13:31:37,0.005342831700801425,0.0012624914695274249,0.6382978723404256,1.0,29.82,데이터부족,7.6,1
대구광역시,구미시,전국 주요 지역,시설유지보수,15,11004255000.0,733617000.0,2026-04-20 16:31:09,0.012466607301869992,0.011906744920080077,0.5555555555555556,1.0,29.13,추천,13.3,2
대구광역시,구미시,전국 주요 지역,기타/미분류,23,17783739950.0,773206084.7826087,2025-12-16 17:16:59,0.019590382902938557,0.019242234509259156,0.16759776536312848,1.0,23.78,제외,11.7,3
광주광역시,군산시,전국 주요 지역,IT장비/전산,2,158982170.0,79491085.0,2026-05-11 10:03:19,0.0008904719501335708,0.00017202074516001377,0.8823529411764706,1.0,33.28,데이터부족,8.0,1
광주광역시,군산시,전국 주요 지역,폐기물/환경,2,542413140.0,271206570.0,2025-06-12 14:51:40,0.0008904719501335708,0.0005868979680386981,0.0819672131147541,1.0,21.28,제외,9.5,2
전라북도,군산시,전국 주요 지역,폐기물/환경,11,1392612000.0,126601090.9090909,2024-06-24 17:51:00,0.008904719501335707,0.0015068240291271472,0.04172461752433936,1.0,21.02,제외,5.1,3
대구광역시,군위군,전국 주요 지역,건설/공사,47,21333100600.0,453895757.4468085,2026-05-13 13:52:05,0.04096170970614425,0.02308268821456857,0.9677419354838709,0.936,35.45,제외,11.8,1
대구광역시,군위군,전국 주요 지역,교육물품/교구,4,1007400930.0,251850232.5,2026-05-14 14:44:07,0.0026714158504007124,0.0010900207152380098,1.0,1.0,35.13,데이터부족,13.0,2
대구광역시,군위군,전국 주요 지역,IT장비/전산,24,2930872100.0,122119670.83333333,2026-05-07 17:49:27,0.020480854853072127,0.0031712411688096494,0.8108108108108107,1.0,33.06,추천,6.7,3
경기도,군포시,전국 주요 지역,폐기물/환경,21,1506751000.0,71750047.61904761,2026-05-07 16:30:54,0.017809439002671415,0.0016303238897204377,0.8108108108108107,1.0,32.92,제외,5.6,1
경기도,군포시,전국 주요 지역,기타/미분류,4,315734700.0,78933675.0,2026-04-29 13:33:04,0.0026714158504007124,0.0003416289912691052,0.6666666666666666,1.0,30.12,제외,6.0,2
경기도,군포시,전국 주요 지역,인쇄/홍보물,5,750000000.0,150000000.0,2026-04-08 14:25:34,0.003561887800534283,0.0008115096106060844,0.45454545454545453,1.0,26.98,데이터부족,16.8,3
대전광역시,금산군,전국 주요 지역,IT장비/전산,2,181490000.0,90745000.0,2026-05-12 14:22:12,0.0008904719501335708,0.00019637450563853102,0.9375,1.0,34.1,데이터부족,4.0,1
대전광역시,금산군,전국 주요 지역,기타/미분류,20,2739187000.0,136959350.0,2026-05-07 18:01:01,0.016918967052537846,0.002963835434329665,0.8108108108108107,1.0,32.91,제외,10.0,2
대전광역시,금산군,전국 주요 지역,시설유지보수,16,368917950.0,23057371.875,2026-04-28 14:25:54,0.013357079252003561,0.0003991739492667932,0.6521739130434783,1.0,30.33,추천,0.9,3
부산광역시,금정구,대학/주거/산,폐기물/환경,27,39182700720.0,1451211137.7777777,2026-04-14 16:04:42,0.02315227070347284,0.042396184271709256,0.5,1.0,29.49,제외,10.3,1
부산광역시,금정구,대학/주거/산,행사/운영용역,16,2055562160.0,128472635.0,2026-04-17 15:58:00,0.013357079252003561,0.002224144597384269,0.5263157894736842,1.0,28.48,추천,16.9,2
부산광역시,금정구,대학/주거/산,조경/녹지관리,7,561816400.0,80259485.71428572,2026-04-15 14:06:43,0.005342831700801425,0.0006078925439948163,0.5084745762711864,1.0,27.86,데이터부족,5.7,3
서울특별시,금천구,제조/산업단지/중소기업,보험/금융,8,1903061300.0,237882662.5,2026-04-20 17:40:16,0.006233303650934996,0.0020591367126966786,0.5555555555555556,1.0,28.63,데이터부족,6.4,1
서울특별시,금천구,제조/산업단지/중소기업,전문용역/컨설팅,8,1927700000.0,240962500.0,2026-04-16 20:46:38,0.006233303650934996,0.0020857961018204653,0.5172413793103449,1.0,28.06,데이터부족,9.5,2
서울특별시,금천구,제조/산업단지/중소기업,시설유지보수,7,2936424000.0,419489142.85714287,2026-03-23 17:59:18,0.005342831700801425,0.0031772483957524813,0.36585365853658536,1.0,25.78,데이터부족,18.1,3
부산광역시,기장군,농어촌/관광/신도시,폐기물/환경,101,9253849140.0,91622268.71287128,2026-05-11 17:46:15,0.08904719501335707,0.010012783349611799,0.9090909090909091,1.0,37.45,제외,5.4,1
울산광역시,기장군,농어촌/관광/신도시,전문용역/컨설팅,2,561000000.0,280500000.0,2026-05-13 09:21:05,0.0008904719501335708,0.0006070091887333511,0.9375,1.0,34.11,데이터부족,13.0,2
대구광역시,기장군,농어촌/관광/신도시,폐기물/환경,7,369270009.0,52752858.428571425,2026-05-11 17:50:59,0.005342831700801425,0.00039955488161612704,0.9090909090909091,1.0,33.86,제외,4.0,3
전라북도,김제시,전국 주요 지역,건설/공사,7,1175826000.0,167975142.85714287,2024-06-07 15:57:08,0.005342831700801425,0.0012722587992006797,0.04076086956521739,1.0,20.86,제외,28.3,1
전라북도,김제시,전국 주요 지역,폐기물/환경,5,866192000.0,173238400.0,2024-06-21 14:49:01,0.003561887800534283,0.0009372308435068073,0.04155124653739612,1.0,20.79,제외,6.4,2
전라북도,김제시,전국 주요 지역,시설유지보수,2,5113300000.0,2556650000.0,2024-06-05 14:50:36,0.0008904719501335708,0.005532656122549455,0.04065040650406504,1.0,20.78,데이터부족,7.0,3
대구광역시,김천시,전국 주요 지역,시설유지보수,4,838459000.0,209614750.0,2026-05-12 13:22:35,0.0026714158504007124,0.0009072233821322225,0.9375,1.0,34.19,데이터부족,17.5,1
대구광역시,김천시,전국 주요 지역,차량/운송,1,32160000.0,32160000.0,2026-04-07 14:55:54,0.0,3.47975321027889e-05,0.44776119402985076,1.0,26.72,데이터부족,7.0,2
대구광역시,김천시,전국 주요 지역,폐기물/환경,2,96000000.0,48000000.0,2024-08-13 08:26:33,0.0008904719501335708,0.00010387323015757881,0.04477611940298508,1.0,20.71,제외,7.5,3
경기도,김포시,신도시/공항/주거,폐기물/환경,69,58688454196.0,850557307.1884058,2026-05-11 16:35:22,0.060552092609082814,0.0635016594822253,0.9090909090909091,1.0,37.65,제외,5.8,1
경기도,김포시,신도시/공항/주거,행사/운영용역,57,13097259093.0,229776475.31578946,2026-05-13 18:14:01,0.04986642920747997,0.01417140216875657,0.9677419354838709,1.0,36.87,추천,16.8,2
경기도,김포시,신도시/공항/주거,교육물품/교구,41,4625975710.0,112828675.85365854,2026-05-07 10:45:25,0.03561887800534283,0.005005364996127073,0.7894736842105263,1.0,33.39,추천,23.5,3
부산광역시,김해시,전국 주요 지역,시설유지보수,53,3108759020.0,58655830.56603774,2026-05-11 16:11:54,0.04630454140694568,0.0033637170957178035,0.9090909090909091,1.0,35.57,추천,3.5,1
부산광역시,김해시,전국 주요 지역,폐기물/환경,125,9446129295.0,75569034.36,2026-04-29 08:22:31,0.11041852181656278,0.010220832941226903,0.6521739130434783,1.0,34.45,제외,5.5,2
부산광역시,김해시,전국 주요 지역,기타/미분류,94,4782745799.0,50880274.457446806,2026-04-30 10:01:36,0.08281389136242208,0.005174992241299168,0.6666666666666666,1.0,33.44,제외,2.3,3
광주광역시,나주시,전국 주요 지역,시설유지보수,2,394200000.0,197100000.0,2026-02-10 15:27:43,0.0008904719501335708,0.000426529451334558,0.24390243902439027,1.0,23.7,데이터부족,7.0,1
광주광역시,나주시,전국 주요 지역,조경/녹지관리,2,732880000.0,366440000.0,2025-09-23 14:49:54,0.0008904719501335708,0.0007929855512279829,0.1140684410646388,1.0,21.77,데이터부족,13.5,2
광주광역시,나주시,전국 주요 지역,폐기물/환경,4,344175000.0,86043750.0,2025-07-04 14:56:26,0.0026714158504007124,0.00037240176030713215,0.0872093023255814,1.0,21.42,제외,3.8,3
광주광역시,남구,대학/항만/주거,폐기물/환경,23,5823060400.0,253176539.13043478,2026-05-12 17:06:30,0.019590382902938557,0.0063006259703196135,0.9375,1.0,35.0,제외,6.4,1
울산광역시,남구,대학/항만/주거,기타/미분류,16,3663927999.0,228995499.9375,2026-05-12 11:43:06,0.013357079252003561,0.003964417045009627,0.9375,1.0,34.7,제외,10.5,2
울산광역시,남구,대학/항만/주거,IT장비/전산,20,6212131000.0,310606550.0,2026-05-11 18:19:09,0.016918967052537846,0.006721605345125315,0.9090909090909091,1.0,34.48,추천,8.6,3
인천광역시,남동구,산업단지/주거,폐기물/환경,111,71669826474.0,645674112.3783784,2026-05-12 16:06:50,0.09795191451469279,0.07754767063216184,0.9375,1.0,39.92,제외,5.3,1
인천광역시,남동구,산업단지/주거,건설/공사,28,59529343434.0,2126047979.7857144,2026-05-12 17:27:59,0.02404274265360641,0.06441151241301495,0.9375,0.964,35.91,제외,7.8,2
인천광역시,남동구,산업단지/주거,차량/운송,6,1267498710.0,211249785.0,2026-05-13 17:42:19,0.004452359750667854,0.0013714498461277523,0.9677419354838709,1.0,34.73,데이터부족,4.7,3
경기도,남양주시,주거/자연/신도시,폐기물/환경,67,32147108080.0,479807583.2835821,2026-05-13 11:08:26,0.058771148708815675,0.034783582880150016,0.9375,1.0,37.28,제외,6.2,1
경기도,남양주시,주거/자연/신도시,시설유지보수,25,2600012260.0,104000490.4,2026-05-04 13:37:13,0.0213713268032057,0.0028132465822448605,0.75,1.0,32.18,추천,6.8,2
경기도,남양주시,주거/자연/신도시,건설/공사,2,148313000.0,74156500.0,2026-05-04 13:21:29,0.0008904719501335708,0.00016047656650376027,0.75,1.0,31.29,제외,6.0,3
강원특별자치도,남원시,전국 주요 지역,IT장비/전산,2,407040000.0,203520000.0,2026-01-13 09:24:54,0.0008904719501335708,0.00044042249586813414,0.19736842105263158,1.0,23.01,데이터부족,9.5,1
강원특별자치도,남원시,전국 주요 지역,시설유지보수,2,160481000.0,80240500.0,2025-12-12 17:57:53,0.0008904719501335708,0.00017364249842623337,0.1639344262295082,1.0,22.5,데이터부족,4.0,2
강원특별자치도,남원시,전국 주요 지역,기타/미분류,2,66642000.0,33321000.0,2025-11-07 17:36:41,0.0008904719501335708,7.210749796001424e-05,0.13761467889908258,1.0,22.1,제외,5.0,3
부산광역시,남해군,전국 주요 지역,경비/보안,3,73270000.0,24423333.333333332,2026-05-13 15:15:25,0.0017809439002671415,7.927907889214374e-05,0.9677419354838709,1.0,34.59,데이터부족,6.7,1
부산광역시,남해군,전국 주요 지역,폐기물/환경,14,852163220.0,60868801.428571425,2026-04-27 13:56:40,0.01157613535173642,0.0009220515237800361,0.6382978723404256,1.0,30.06,제외,5.4,2
부산광역시,남해군,전국 주요 지역,건설/공사,14,17528193000.0,1252013785.7142856,2025-11-03 14:03:43,0.01157613535173642,0.018965729434744394,0.13513513513513511,1.0,22.96,제외,4.9,3
서울특별시,노원구,주거/교육/대학,시설유지보수,7,6564710000.0,937815714.2857143,2026-04-22 13:17:33,0.005342831700801425,0.007103100341122492,0.5769230769230769,1.0,29.05,데이터부족,10.3,1
서울특별시,노원구,주거/교육/대학,폐기물/환경,24,79915730000.0,3329822083.3333335,2024-12-03 13:56:02,0.020480854853072127,0.08646984391146798,0.05385996409335727,1.0,23.79,제외,19.8,2
서울특별시,노원구,주거/교육/대학,건설/공사,7,58090922000.0,8298703142.857142,2024-09-25 15:51:17,0.005342831700801425,0.06285512198929123,0.04792332268370607,1.0,22.5,제외,21.1,3
충청남도,논산시,전국 주요 지역,폐기물/환경,34,3154161000.0,92769441.1764706,2026-05-14 10:26:34,0.029385574354407838,0.003412842619865197,0.9677419354838709,1.0,35.78,제외,3.6,1
충청남도,논산시,전국 주요 지역,기타/미분류,18,417513000.0,23195166.666666668,2026-05-13 14:10:50,0.015138023152270703,0.0004517544160706375,0.9677419354838709,1.0,35.13,제외,2.2,2
충청남도,논산시,전국 주요 지역,건설/공사,16,334550800.0,20909425.0,2026-05-13 13:09:42,0.013357079252003561,0.000361988252581272,0.9677419354838709,1.0,35.06,제외,0.9,3
대구광역시,달서구,주거/산업/신시가지,기타/미분류,13,1768667340.0,136051333.84615386,2026-04-08 11:16:52,0.01068566340160285,0.0019137207258334654,0.45454545454545453,1.0,27.29,제외,7.2,1
대구광역시,달서구,주거/산업/신시가지,교육물품/교구,4,472911500.0,118227875.0,2026-04-09 09:26:50,0.0026714158504007124,0.0005116963029548524,0.45454545454545453,1.0,26.94,데이터부족,12.0,2
대구광역시,달서구,주거/산업/신시가지,폐기물/환경,28,53532471000.0,1911873964.2857144,2025-12-08 13:13:52,0.02404274265360641,0.05792281959465534,0.16042780748663102,1.0,24.82,제외,14.6,3
대구광역시,달성군,농촌/산업단지,건설/공사,110,831059940001.0,7555090363.645454,2026-04-30 15:01:58,0.09706144256455922,0.8992175044007032,0.6818181818181818,0.936,55.31,제외,22.7,1
대구광역시,달성군,농촌/산업단지,폐기물/환경,105,54121697470.0,515444737.8095238,2026-05-07 16:36:33,0.09260908281389137,0.058560370185626674,0.8108108108108107,1.0,37.33,제외,5.8,2
대구광역시,달성군,농촌/산업단지,시설유지보수,78,25543354820.0,327478907.94871795,2026-05-12 13:26:13,0.06856634016028496,0.027638237231401665,0.9375,0.987,37.24,추천,5.4,3
광주광역시,담양군,전국 주요 지역,조경/녹지관리,2,689770000.0,344885000.0,2025-09-23 14:51:55,0.0008904719501335708,0.0007463399788103451,0.1140684410646388,1.0,21.77,데이터부족,13.5,1
충청남도,당진시,전국 주요 지역,시설유지보수,55,2774813400.0,50451152.72727273,2026-05-15 09:51:28,0.04808548530721282,0.0030023836556513934,1.0,1.0,37.0,추천,1.0,1
충청남도,당진시,전국 주요 지역,IT장비/전산,2,32306000.0,16153000.0,2026-05-15 09:17:15,0.0008904719501335708,3.495550597365355e-05,1.0,1.0,35.04,데이터부족,0.0,2
충청남도,당진시,전국 주요 지역,행사/운영용역,2,99600000.0,49800000.0,2026-04-21 13:47:55,0.0008904719501335708,0.00010776847628848801,0.5660377358490566,1.0,28.53,데이터부족,0.0,3
대구광역시,대구광역시,전국 주요 지역,행사/운영용역,799,136109187258.0,170349420.8485607,2026-05-14 10:53:44,0.7105966162065895,0.1472718847355336,0.9677419354838709,0.992,66.46,추천,15.4,1
대구광역시,대구광역시,전국 주요 지역,기타/미분류,557,184336339292.0,330944953.84560144,2026-05-14 17:45:10,0.4951024042742654,0.1994542812258693,1.0,0.993,59.65,제외,10.7,2
대구광역시,대구광역시,전국 주요 지역,폐기물/환경,558,43637099077.0,78202686.51792115,2026-05-15 09:58:32,0.4959928762243989,0.04721590037327386,1.0,0.998,55.98,제외,5.5,3
대전광역시,대덕구,전국 주요 지역,건설/공사,39,17221020000.0,441564615.38461536,2026-05-14 09:03:04,0.03383793410507569,0.018633364312586123,0.9677419354838709,1.0,36.34,제외,7.2,1
대전광역시,대덕구,전국 주요 지역,급수/전기/설비,5,173906000.0,34781200.0,2026-05-13 17:48:08,0.003561887800534283,0.0001881685204560823,0.9677419354838709,1.0,34.66,데이터부족,3.6,2
대전광역시,대덕구,전국 주요 지역,폐기물/환경,64,30463126740.0,475986355.3125,2026-04-17 09:54:49,0.05609973285841496,0.03296149349149493,0.5172413793103449,1.0,30.83,제외,5.8,3
대전광역시,대전광역시,전국 주요 지역,행사/운영용역,610,102937282354.0,168749643.2032787,2026-05-14 14:59:59,0.5422974176313446,0.11137945855992414,1.0,1.0,59.48,추천,13.4,1
대전광역시,대전광역시,전국 주요 지역,건설/공사,414,325074966160.0,785205232.2705314,2026-05-14 16:12:41,0.36776491540516476,0.3517352789417169,1.0,0.993,58.36,제외,7.2,2
대전광역시,대전광역시,전국 주요 지역,시설유지보수,551,81535179876.0,147976732.98729584,2026-05-11 10:48:17,0.4897595725734639,0.08822210942915974,0.8823529411764706,0.991,54.85,추천,5.9,3
서울특별시,도봉구,주거/자연/교육,시설유지보수,14,4903073000.0,350219500.0,2026-04-21 09:52:40,0.01157613535173642,0.005305187814670941,0.5555555555555556,1.0,28.93,추천,16.1,1
서울특별시,도봉구,주거/자연/교육,보험/금융,1,185000000.0,185000000.0,2026-04-16 10:32:12,0.0,0.00020017237061616748,0.5084745762711864,1.0,27.63,데이터부족,8.0,2
서울특별시,도봉구,주거/자연/교육,건설/공사,10,1786130400.0,178613040.0,2026-04-07 09:31:23,0.008014247551202136,0.0019326159805275864,0.4411764705882353,1.0,26.99,제외,8.9,3
울산광역시,동구,전국 주요 지역,폐기물/환경,53,24355308828.0,459534128.8301887,2026-05-14 17:58:52,0.04630454140694568,0.02635275624426828,1.0,1.0,37.51,제외,5.3,1
대전광역시,동구,전국 주요 지역,폐기물/환경,48,33479839880.0,697496664.1666666,2026-05-11 17:10:11,0.041852181656277826,0.03622561576556381,0.9090909090909091,1.0,36.22,제외,5.9,2
광주광역시,동구,전국 주요 지역,행사/운영용역,21,14650979980.0,697665713.3333334,2026-05-13 14:53:56,0.017809439002671415,0.015852548078089786,0.9677419354838709,1.0,35.62,추천,17.5,3
서울특별시,동대문구,전통시장/패션/대학,시설유지보수,28,11611571161.0,414698970.03571427,2026-04-16 14:36:20,0.02404274265360641,0.012563868788517266,0.5172413793103449,1.0,29.03,추천,9.1,1
서울특별시,동대문구,전통시장/패션/대학,건설/공사,12,17015154810.0,1417929567.5,2026-04-16 11:13:10,0.009795191451469279,0.01841061553902046,0.5172413793103449,1.0,28.61,제외,12.2,2
서울특별시,동대문구,전통시장/패션/대학,폐기물/환경,27,61013195000.0,2259747962.962963,2026-03-24 09:17:16,0.02315227070347284,0.0660170588217108,0.36585365853658536,1.0,28.06,제외,7.6,3
경기도,동두천시,전국 주요 지역,행사/운영용역,42,3991872500.0,95044583.33333333,2026-04-29 16:53:54,0.0365093499554764,0.004319257197418849,0.6666666666666666,1.0,31.57,추천,14.0,1
경기도,동두천시,전국 주요 지역,기타/미분류,15,1513495370.0,100899691.33333333,2026-04-07 18:20:22,0.012466607301869992,0.001637621384483749,0.44776119402985076,1.0,27.26,제외,10.6,2
경기도,동두천시,전국 주요 지역,전문용역/컨설팅,6,549000000.0,91500000.0,2026-04-09 14:12:20,0.004452359750667854,0.0005940250349636538,0.46153846153846145,1.0,27.12,데이터부족,12.2,3
부산광역시,동래구,교육/주거/전통,전문용역/컨설팅,7,445000000.0,63571428.571428575,2026-05-11 14:54:57,0.005342831700801425,0.00048149570229294344,0.9090909090909091,1.0,33.86,데이터부족,6.1,1
부산광역시,동래구,교육/주거/전통,급수/전기/설비,11,5989090730.0,544462793.6363636,2026-05-11 10:16:22,0.008904719501335707,0.006480272914915747,0.8823529411764706,1.0,33.75,추천,6.5,2
부산광역시,동래구,교육/주거/전통,시설유지보수,38,11170655770.0,293964625.5263158,2026-05-11 10:59:59,0.03294746215494212,0.01208679268550308,0.8823529411764706,0.842,31.7,추천,6.8,3
서울특별시,동작구,대학/주거/공원,행사/운영용역,28,3907049000.0,139537464.2857143,2026-04-16 16:38:38,0.02404274265360641,0.004227477083478522,0.5172413793103449,1.0,28.83,추천,14.2,1
서울특별시,동작구,대학/주거/공원,폐기물/환경,14,18196674000.0,1299762428.5714285,2026-04-07 16:45:08,0.01157613535173642,0.01968903444275448,0.44776119402985076,1.0,27.67,제외,7.1,2
서울특별시,동작구,대학/주거/공원,시설유지보수,37,24164081431.0,653083281.918919,2025-07-16 13:23:42,0.032056990204808546,0.02614584575029937,0.09036144578313253,1.0,23.29,추천,16.2,3
강원특별자치도,동해시,전국 주요 지역,차량/운송,38,2106531800.0,55435047.368421055,2026-05-12 17:30:07,0.03294746215494212,0.0022792944009964455,0.9375,1.0,35.44,추천,5.5,1
강원특별자치도,동해시,전국 주요 지역,행사/운영용역,39,5305729000.0,136044333.33333334,2026-05-06 17:46:56,0.03383793410507569,0.00574086676636188,0.7894736842105263,1.0,33.34,추천,8.7,2
강원특별자치도,동해시,전국 주요 지역,시설유지보수,32,32348540412.0,1010891887.875,2026-05-12 17:20:03,0.027604630454140695,0.03500153524455641,0.9375,0.844,32.92,추천,6.2,3
서울특별시,마포구,홍대/관광/문화콘텐츠,전문용역/컨설팅,10,1596010000.0,159601000.0,2026-04-21 14:10:54,0.008014247551202136,0.0017269032714978892,0.5660377358490566,1.0,28.85,추천,10.8,1
서울특별시,마포구,홍대/관광/문화콘텐츠,청소/환경미화,15,3431276590.0,228751772.66666666,2026-04-14 17:07:50,0.012466607301869992,0.0037126852392435645,0.5,1.0,28.09,추천,6.1,2
서울특별시,마포구,홍대/관광/문화콘텐츠,시설유지보수,22,4822277610.0,219194436.8181818,2026-04-07 09:37:23,0.018699910952804988,0.005217766167367386,0.4411764705882353,1.0,27.5,추천,14.6,3
광주광역시,목포시,전국 주요 지역,폐기물/환경,8,547535000.0,68441875.0,2026-04-29 10:24:41,0.006233303650934996,0.0005924398861909365,0.6521739130434783,1.0,30.05,제외,7.9,1
광주광역시,목포시,전국 주요 지역,시설유지보수,2,74767000.0,37383500.0,2026-02-13 06:57:33,0.0008904719501335708,8.089885207491349e-05,0.24793388429752067,1.0,23.76,데이터부족,12.5,2
광주광역시,목포시,전국 주요 지역,행사/운영용역,3,435782545.0,145260848.33333334,2026-02-10 17:01:12,0.0017809439002671415,0.00047152229786917127,0.24390243902439027,1.0,23.74,데이터부족,11.0,3
광주광역시,무안군,전국 주요 지역,시설유지보수,4,421330000.0,105332500.0,2025-10-20 11:25:57,0.0026714158504007124,0.0004558844589822154,0.1271186440677966,1.0,22.03,데이터부족,5.8,1
부산광역시,무안군,전국 주요 지역,폐기물/환경,5,214327000.0,42865400.0,2025-10-14 10:04:47,0.003561887800534283,0.00023190456041649368,0.1234567901234568,1.0,22.0,제외,6.2,2
광주광역시,무안군,전국 주요 지역,조경/녹지관리,2,953360000.0,476680000.0,2025-09-23 14:44:50,0.0008904719501335708,0.0010315477364898889,0.1140684410646388,1.0,21.77,데이터부족,13.5,3
인천광역시,무주군,전국 주요 지역,조경/녹지관리,2,162218000.0,81109000.0,2026-04-02 10:44:24,0.0008904719501335708,0.00017552195468439706,0.410958904109589,1.0,26.2,데이터부족,6.5,1
전라북도,무주군,전국 주요 지역,건설/공사,5,928541000.0,185708200.0,2024-05-31 15:59:38,0.003561887800534283,0.0010046932604557124,0.04037685060565276,1.0,20.77,제외,6.4,2
전라북도,무주군,전국 주요 지역,시설유지보수,4,142110000.0,35527500.0,2024-05-31 09:30:17,0.0026714158504007124,0.00015376484101764086,0.04032258064516129,1.0,20.72,데이터부족,5.0,3
대구광역시,문경시,전국 주요 지역,차량/운송,2,304235677.0,152117838.5,2026-01-16 10:55:02,0.0008904719501335708,0.00032918690103299797,0.20134228187919462,1.0,23.06,데이터부족,12.5,1
충청남도,문경시,전국 주요 지역,인쇄/홍보물,1,118000000.0,118000000.0,2025-11-07 16:20:18,0.0,0.00012767751206869062,0.13761467889908258,1.0,22.07,데이터부족,13.0,2
부산광역시,문경시,전국 주요 지역,건설/공사,4,10833000000.0,2708250000.0,2025-09-15 15:32:31,0.0026714158504007124,0.011721444815594284,0.11070110701107011,1.0,22.06,제외,26.5,3
인천광역시,미추홀구,전국 주요 지역,건설/공사,15,83125224553.0,5541681636.866667,2026-05-14 11:34:48,0.012466607301869992,0.08994255814473115,1.0,1.0,37.75,제외,12.3,1
인천광역시,미추홀구,전국 주요 지역,급수/전기/설비,14,18339035528.0,1309931109.142857,2026-05-14 11:49:28,0.01157613535173642,0.019843071440291238,1.0,1.0,35.96,추천,10.6,2
인천광역시,미추홀구,전국 주요 지역,교육물품/교구,4,1392475000.0,348118750.0,2026-05-14 13:15:47,0.0026714158504007124,0.0015066757933716098,1.0,1.0,35.14,데이터부족,21.8,3
부산광역시,밀양시,전국 주요 지역,폐기물/환경,8,1260606280.0,157575785.0,2026-04-06 16:13:25,0.006233303650934996,0.0013639921485471796,0.4411764705882353,1.0,26.9,제외,7.9,1
부산광역시,밀양시,전국 주요 지역,시설유지보수,2,2449006120.0,1224503060.0,2026-01-20 09:18:58,0.0008904719501335708,0.0026498560037508233,0.2068965517241379,1.0,23.21,데이터부족,10.5,2
울산광역시,밀양시,전국 주요 지역,급수/전기/설비,1,8316000.0,8316000.0,2026-01-22 14:19:36,0.0,8.998018562400265e-06,0.2112676056338028,1.0,23.17,데이터부족,3.0,3
충청남도,보령시,전국 주요 지역,건설/공사,47,1701254420.0,36196902.55319149,2026-05-12 09:51:35,0.04096170970614425,0.0018407790825547734,0.9090909090909091,1.0,35.32,제외,2.3,1
충청남도,보령시,전국 주요 지역,기타/미분류,19,7181903400.0,377994915.7894737,2026-05-11 17:00:47,0.016028495102404273,0.007770911508726018,0.9090909090909091,1.0,34.47,제외,10.4,2
충청남도,보령시,전국 주요 지역,폐기물/환경,21,2379938000.0,113330380.95238096,2026-05-12 10:24:16,0.017809439002671415,0.0025751234128621645,0.9090909090909091,1.0,34.41,제외,3.2,3
대전광역시,보성군,전국 주요 지역,시설유지보수,2,115200000.0,57600000.0,2024-12-10 11:01:50,0.0008904719501335708,0.00012464787618909456,0.0544464609800363,1.0,20.86,데이터부족,6.5,1
대전광역시,보은군,전국 주요 지역,IT장비/전산,7,5970000000.0,852857142.8571428,2026-05-14 17:08:26,0.005342831700801425,0.006459616500424432,1.0,1.0,35.38,데이터부족,8.3,1
대전광역시,보은군,전국 주요 지역,폐기물/환경,17,755841500.0,44461264.705882356,2026-04-17 08:09:11,0.014247551202137132,0.0008178301884598916,0.5172413793103449,1.0,28.35,제외,5.5,2
대전광역시,보은군,전국 주요 지역,시설유지보수,27,9772348454.0,361938831.6296296,2026-04-10 07:35:56,0.02315227070347284,0.010573806251483348,0.46153846153846145,0.926,26.63,추천,4.7,3
충청남도,봉화군,전국 주요 지역,시설유지보수,6,71144300.0,11857383.333333334,2026-02-03 15:17:09,0.004452359750667854,7.697904425312327e-05,0.23076923076923073,1.0,23.64,데이터부족,0.5,1
인천광역시,봉화군,전국 주요 지역,행사/운영용역,2,183754000.0,91877000.0,2026-01-16 12:20:45,0.0008904719501335708,0.00019882418264974725,0.2027027027027027,1.0,23.08,데이터부족,15.5,2
대구광역시,봉화군,전국 주요 지역,폐기물/환경,1,53999000.0,53999000.0,2025-11-18 17:36:03,0.0,5.842760995082394e-05,0.14492753623188406,1.0,22.18,제외,0.0,3
부산광역시,부산광역시,전국 주요 지역,행사/운영용역,1035,419047039122.0,404876366.3014493,2026-05-14 14:36:51,0.9207479964381122,0.4534142660580358,1.0,1.0,83.17,추천,14.3,1
부산광역시,부산광역시,전국 주요 지역,기타/미분류,770,202986842777.0,263619276.33376622,2026-05-15 08:58:12,0.684772929652716,0.219634364986829,1.0,0.997,67.82,제외,10.8,2
부산광역시,부산광역시,전국 주요 지역,시설유지보수,589,137702100775.0,233789644.77928692,2026-05-14 15:33:25,0.5235975066785397,0.14899543757274672,1.0,0.966,58.99,추천,7.6,3
부산광역시,부산진구,상업/교통/중심가,급식/식자재,8,43672380.0,5459047.5,2026-05-14 11:20:51,0.006233303650934996,4.72540747840546e-05,1.0,1.0,35.25,데이터부족,15.0,1
부산광역시,부산진구,상업/교통/중심가,폐기물/환경,56,21437399540.0,382810706.0714286,2026-04-17 13:30:43,0.048975957257346395,0.023195541004149937,0.5263157894736842,1.0,30.43,제외,5.3,2
부산광역시,부산진구,상업/교통/중심가,차량/운송,10,635590550.0,63559055.0,2026-04-17 14:07:54,0.008014247551202136,0.0006877171196472094,0.5263157894736842,1.0,28.23,추천,6.8,3
부산광역시,부안군,전국 주요 지역,기타/미분류,5,937780460.0,187556092.0,2025-08-29 10:10:47,0.003561887800534283,0.0010146904745714596,0.10380622837370243,1.0,21.72,제외,12.0,1
전라북도,부안군,전국 주요 지역,전문용역/컨설팅,5,2037508000.0,407501600.0,2024-06-07 14:47:12,0.003561887800534283,0.002204609764915709,0.04076086956521739,1.0,20.81,데이터부족,42.0,2
전라북도,부안군,전국 주요 지역,기타/미분류,5,1306266002.0,261253200.4,2024-06-13 20:29:17,0.003561887800534283,0.0014133965528413156,0.04109589041095891,1.0,20.79,제외,8.0,3
충청남도,부여군,전국 주요 지역,시설유지보수,61,956669491.0,15683106.409836065,2026-05-11 14:53:20,0.053428317008014245,0.0010351286481601746,0.9090909090909091,1.0,35.8,추천,0.0,1
대전광역시,부여군,전국 주요 지역,기타/미분류,1,243700000.0,243700000.0,2026-05-12 15:15:31,0.0,0.00026368652280627034,0.9375,1.0,34.07,제외,5.0,2
충청남도,부여군,전국 주요 지역,폐기물/환경,59,4804508302.0,81432344.10169491,2026-05-06 16:23:51,0.051647373107747106,0.005198539548412959,0.7894736842105263,1.0,34.04,제외,1.8,3
경기도,부천시,제조/주거/교통,폐기물/환경,50,16915940180.0,338318803.6,2026-05-12 13:24:22,0.04363312555654497,0.018303264038010157,0.9375,1.0,36.27,제외,5.6,1
경기도,부천시,제조/주거/교통,행사/운영용역,39,43932056900.0,1126462997.4358974,2026-05-11 17:29:41,0.03383793410507569,0.047535048517391126,0.9090909090909091,1.0,36.18,추천,16.4,2
경기도,부천시,제조/주거/교통,교육물품/교구,8,762549300.0,95318662.5,2026-05-13 10:50:55,0.006233303650934996,0.0008250881140145896,0.9375,1.0,34.33,데이터부족,30.2,3
인천광역시,부평구,주거/상업/교통,건설/공사,97,239709332466.0,2471230231.6082473,2026-05-14 10:15:46,0.0854853072128228,0.25936856939750413,0.9677419354838709,0.928,42.98,제외,21.5,1
인천광역시,부평구,주거/상업/교통,폐기물/환경,99,88176916150.0,890675920.7070707,2026-05-14 14:11:35,0.08726625111308994,0.0954085531857758,1.0,1.0,40.88,제외,5.9,2
인천광역시,부평구,주거/상업/교통,시설유지보수,67,34883294378.0,520646184.74626863,2026-05-14 11:18:07,0.058771148708815675,0.03774417151646426,1.0,1.0,38.29,추천,8.8,3
대구광역시,북구,대학/주거/상업,폐기물/환경,26,58366885200.0,2244880200.0,2026-05-13 15:05:34,0.02226179875333927,0.0631537177079227,0.9677419354838709,1.0,36.99,제외,21.5,1
광주광역시,북구,대학/주거/상업,폐기물/환경,38,14572838100.0,383495739.4736842,2026-05-14 15:51:17,0.03294746215494212,0.01576799756260868,1.0,1.0,36.71,제외,7.7,2
광주광역시,북구,대학/주거/상업,기타/미분류,33,5896652000.0,178686424.24242425,2026-05-12 16:49:25,0.028495102404274265,0.006380253024532785,0.9375,1.0,35.36,제외,7.5,3
부산광역시,사상구,공단/제조/교통,폐기물/환경,38,31186768405.0,820704431.7105263,2026-05-13 14:17:28,0.03294746215494212,0.03374448304587158,0.9677419354838709,1.0,36.68,제외,6.2,1
부산광역시,사상구,공단/제조/교통,급수/전기/설비,11,15951778075.0,1450161643.1818182,2026-05-14 09:35:23,0.008904719501335707,0.017260028285490565,0.9677419354838709,1.0,35.3,추천,14.4,2
부산광역시,사상구,공단/제조/교통,기타/미분류,21,2781846000.0,132468857.14285715,2026-04-08 16:37:39,0.017809439002671415,0.0030099930189681247,0.45454545454545453,1.0,27.61,제외,12.0,3
경기도,사천시,전국 주요 지역,폐기물/환경,1,385350000.0,385350000.0,2026-05-12 20:07:26,0.0,0.0004169536379294062,0.9375,1.0,34.07,제외,14.0,1
부산광역시,사천시,전국 주요 지역,행사/운영용역,4,95124000.0,23781000.0,2025-12-03 17:21:13,0.0026714158504007124,0.0001029253869323909,0.15625,1.0,22.45,데이터부족,9.8,2
부산광역시,사천시,전국 주요 지역,건설/공사,1,110000000.0,110000000.0,2024-07-31 15:51:57,0.0,0.00011902140955555905,0.0439882697947214,1.0,20.66,제외,5.0,3
부산광역시,사하구,공단/항만/주거,폐기물/환경,46,90339551795.0,1963903299.8913043,2026-05-07 06:54:49,0.04007123775601069,0.09774855266598487,0.7894736842105263,1.0,35.89,제외,6.2,1
부산광역시,사하구,공단/항만/주거,건설/공사,20,15087667807.0,754383390.35,2026-05-11 19:05:25,0.016918967052537846,0.016325049902683367,0.9090909090909091,1.0,34.72,제외,19.6,2
부산광역시,사하구,공단/항만/주거,차량/운송,7,1256540400.0,179505771.42857143,2026-04-08 13:27:53,0.005342831700801425,0.001359592814286418,0.45454545454545453,1.0,27.07,데이터부족,2.7,3
울산광역시,산청군,전국 주요 지역,경비/보안,13,728721040.0,56055464.615384616,2026-05-13 13:14:58,0.01068566340160285,0.0007884855032144812,0.9677419354838709,1.0,34.96,추천,5.1,1
부산광역시,산청군,전국 주요 지역,시설유지보수,19,2828370000.0,148861578.9473684,2026-05-12 16:05:13,0.016028495102404273,0.003060332583133241,0.9375,1.0,34.78,추천,5.5,2
부산광역시,산청군,전국 주요 지역,전문용역/컨설팅,5,1629430000.0,325886000.0,2026-05-07 14:40:22,0.003561887800534283,0.0017630641397464962,0.8108108108108107,1.0,32.35,데이터부족,5.0,3
강원특별자치도,삼척시,전국 주요 지역,행사/운영용역,83,12171929380.0,146649751.56626505,2026-05-14 10:01:21,0.0730186999109528,0.013170183561984745,0.9677419354838709,1.0,37.77,추천,9.4,1
강원특별자치도,삼척시,전국 주요 지역,교육물품/교구,23,1950384910.0,84799343.91304348,2026-05-14 10:30:07,0.019590382902938557,0.002110341465128111,0.9677419354838709,1.0,35.35,추천,9.6,2
강원특별자치도,삼척시,전국 주요 지역,건설/공사,68,45066843174.0,662747693.7352941,2026-05-06 15:40:11,0.05966162065894924,0.04876290180717095,0.7894736842105263,0.941,34.27,제외,7.1,3
인천광역시,상주시,전국 주요 지역,시설유지보수,11,862530280.0,78411843.63636364,2026-05-12 13:25:49,0.008904719501335707,0.0009332688155450092,0.9375,1.0,34.44,추천,7.8,1
대구광역시,상주시,전국 주요 지역,건설/공사,7,2675024686.0,382146383.71428573,2026-05-02 11:41:36,0.005342831700801425,0.002894410988396698,0.7142857142857143,1.0,31.0,제외,11.3,2
인천광역시,상주시,전국 주요 지역,건설/공사,10,722340000.0,72234000.0,2026-04-30 10:03:49,0.008014247551202136,0.0007815811361669321,0.6666666666666666,1.0,30.34,제외,4.9,3
인천광역시,서구,신도시/항만/산업,폐기물/환경,130,120816263030.0,929355869.4615384,2026-05-11 16:11:32,0.11487088156723063,0.13072474475514342,0.9090909090909091,1.0,41.5,제외,5.3,1
인천광역시,서구,신도시/항만/산업,시설유지보수,29,6026103652.0,207796677.6551724,2026-05-14 16:34:44,0.024933214603739984,0.006520321370808564,1.0,1.0,36.16,추천,7.5,2
인천광역시,서구,신도시/항만/산업,행사/운영용역,21,3020681000.0,143841952.3809524,2026-05-14 17:52:15,0.017809439002671415,0.003268415549433597,1.0,1.0,35.79,추천,14.8,3
부산광역시,서귀포시,전국 주요 지역,시설유지보수,3,85360000.0,28453333.333333332,2025-07-30 13:27:13,0.0017809439002671415,9.236061381511383e-05,0.09433962264150944,1.0,21.49,데이터부족,8.0,1
서울특별시,서대문구,대학/의료/주거,시설유지보수,5,2422911800.0,484582360.0,2026-04-23 10:50:56,0.003561887800534283,0.002621621615134516,0.5769230769230769,1.0,28.86,데이터부족,9.4,1
서울특별시,서대문구,대학/의료/주거,전문용역/컨설팅,1,268992000.0,268992000.0,2026-04-21 16:28:43,0.0,0.0002910527909015358,0.5660377358490566,1.0,28.5,데이터부족,5.0,2
서울특별시,서대문구,대학/의료/주거,폐기물/환경,33,13997312001.0,424160969.72727275,2026-04-06 17:24:52,0.028495102404274265,0.015145270948617843,0.4411764705882353,1.0,28.14,제외,4.0,3
충청남도,서산시,전국 주요 지역,조경/녹지관리,1,22000000.0,22000000.0,2026-05-12 19:53:44,0.0,2.380428191111181e-05,0.9375,1.0,34.06,데이터부족,0.0,1
충청남도,서산시,전국 주요 지역,건설/공사,25,471447883.0,18857915.32,2026-05-08 10:20:15,0.0213713268032057,0.0005101126506058571,0.8108108108108107,1.0,33.03,제외,0.5,2
대전광역시,서산시,전국 주요 지역,폐기물/환경,7,660019000.0,94288428.57142857,2026-05-06 16:19:21,0.005342831700801425,0.000714149015576823,0.7894736842105263,1.0,32.07,제외,7.1,3
충청남도,서천군,전국 주요 지역,건설/공사,9,267776000.0,29752888.888888888,2026-05-13 10:39:00,0.007123775601068566,0.0002897370633195398,0.9375,1.0,34.35,제외,3.2,1
대전광역시,서천군,전국 주요 지역,기타/미분류,1,148000000.0,148000000.0,2026-05-12 15:58:56,0.0,0.00016013789649293398,0.9375,1.0,34.07,제외,5.0,2
충청남도,서천군,전국 주요 지역,시설유지보수,21,309890420.0,14756686.666666666,2026-05-07 13:18:05,0.017809439002671415,0.0003353054054196746,0.8108108108108107,1.0,32.88,추천,0.4,3
대구광역시,서초구,법조/교육/고소득,건설/공사,7,329339000.0,47048428.571428575,2026-05-11 07:58:47,0.005342831700801425,0.0003563490181965297,0.8823529411764706,1.0,33.46,제외,10.1,1
부산광역시,서초구,법조/교육/고소득,시설유지보수,2,19668000.0,9834000.0,2026-05-11 10:18:32,0.0008904719501335708,2.1281028028533957e-05,0.8823529411764706,1.0,33.27,데이터부족,4.0,2
서울특별시,서초구,법조/교육/고소득,시설유지보수,18,22295967650.0,1238664869.4444444,2026-04-21 15:17:41,0.015138023152270703,0.024124522700983142,0.5660377358490566,1.0,29.7,추천,9.2,3
경기도,성남시,IT/판교/주거,폐기물/환경,124,12827867710.0,103450546.0483871,2026-05-14 14:24:58,0.10952804986642921,0.013879917240331285,1.0,1.0,39.73,제외,5.8,1
경기도,성남시,IT/판교/주거,행사/운영용역,65,12244757300.0,188380881.53846154,2026-05-12 21:19:52,0.05699020480854853,0.013248984304652014,0.9375,1.0,36.67,추천,14.7,2
경기도,성남시,IT/판교/주거,기타/미분류,53,11158008620.0,210528464.5283019,2026-05-13 09:24:41,0.04630454140694568,0.012073108307140711,0.9375,1.0,36.22,제외,7.9,3
서울특별시,성동구,성수/브랜드/라이프스타일,폐기물/환경,17,77133369940.0,4537257055.294118,2026-04-17 08:52:03,0.014247551202137132,0.08345929467299261,0.5172413793103449,1.0,30.42,제외,5.4,1
대구광역시,성동구,성수/브랜드/라이프스타일,건설/공사,3,53152000.0,17717333.333333332,2026-04-28 13:33:32,0.0017809439002671415,5.7511145097246134e-05,0.6521739130434783,1.0,29.86,제외,6.0,2
서울특별시,성동구,성수/브랜드/라이프스타일,방역/소독,2,223952680.0,111976340.0,2026-04-09 10:41:16,0.0008904719501335708,0.0002423196695213187,0.45454545454545453,1.0,26.86,데이터부족,5.5,3
서울특별시,성북구,대학/문화/주거,보험/금융,1,45003260.0,45003260.0,2026-04-16 11:13:28,0.0,4.8694103998139166e-05,0.5172413793103449,1.0,27.76,데이터부족,5.0,1
서울특별시,성북구,대학/문화/주거,전문용역/컨설팅,3,349755000.0,116585000.0,2026-04-15 18:00:17,0.0017809439002671415,0.0003784393918100414,0.5084745762711864,1.0,27.71,데이터부족,12.7,2
서울특별시,성북구,대학/문화/주거,행사/운영용역,4,1695661000.0,423915250.0,2026-04-06 15:37:41,0.0026714158504007124,0.0018347269304398984,0.4411764705882353,1.0,26.77,데이터부족,7.8,3
충청남도,성주군,전국 주요 지역,전문용역/컨설팅,1,630060000.0,630060000.0,2026-05-14 15:43:59,0.0,0.0006817329936779594,1.0,1.0,35.02,데이터부족,21.0,1
대구광역시,성주군,전국 주요 지역,시설유지보수,5,871988000.0,174397600.0,2026-04-22 14:25:44,0.003561887800534283,0.0009435021897775711,0.5769230769230769,1.0,28.82,데이터부족,9.6,2
대전광역시,성주군,전국 주요 지역,차량/운송,2,113452000.0,56726000.0,2026-02-04 08:59:08,0.0008904719501335708,0.00012275651778997533,0.23076923076923073,1.0,23.5,데이터부족,6.0,3
세종특별자치시,세종시,전국 주요 지역,시설유지보수,267,68349831680.0,255991878.95131087,2026-05-14 11:20:13,0.23686553873552982,0.07395539372217096,1.0,0.985,46.02,추천,7.0,1
세종특별자치시,세종시,전국 주요 지역,기타/미분류,222,100986064423.0,454892182.0855856,2026-05-14 11:18:32,0.19679430097951914,0.10926821575539958,1.0,1.0,45.6,제외,8.6,2
세종특별자치시,세종시,전국 주요 지역,행사/운영용역,224,64746099608.0,289045087.53571427,2026-05-14 09:35:24,0.19857524487978628,0.07005610944153445,0.9677419354838709,1.0,44.21,추천,13.3,3
강원특별자치도,속초시,전국 주요 지역,IT장비/전산,32,2187052003.0,68345375.09375,2026-05-14 09:45:25,0.027604630454140695,0.002366418292439716,0.9677419354838709,1.0,35.68,추천,5.2,1
강원특별자치도,속초시,전국 주요 지역,행사/운영용역,41,3020321204.0,73666370.82926829,2026-05-12 14:36:35,0.03561887800534283,0.00326802624555112,0.9375,1.0,35.57,추천,10.2,2
강원특별자치도,속초시,전국 주요 지역,시설유지보수,58,15607225922.0,269090102.1034483,2026-05-13 17:07:13,0.05075690115761353,0.01688721844080454,0.9677419354838709,0.914,35.25,추천,5.4,3
서울특별시,송파구,가족주거/대형상권/복합문화,시설유지보수,35,14079656000.0,402275885.71428573,2026-04-20 16:30:10,0.030276046304541407,0.015234368210703494,0.5555555555555556,0.857,27.07,추천,83236.7,1
서울특별시,송파구,가족주거/대형상권/복합문화,폐기물/환경,13,3693303000.0,284100230.7692308,2024-12-13 17:25:43,0.01068566340160285,0.003996201172507045,0.054844606946983544,1.0,21.35,제외,6.3,2
서울특별시,송파구,가족주거/대형상권/복합문화,행사/운영용역,12,3323900000.0,276991666.6666667,2024-12-09 20:23:45,0.009795191451469279,0.003596502392924752,0.0544464609800363,1.0,21.3,추천,10.1,3
대구광역시,수성구,교육/고소득/주거,차량/운송,6,461278200.0,76879700.0,2026-05-14 14:13:46,0.004452359750667854,0.0004991089232841007,1.0,1.0,35.19,데이터부족,9.0,1
대구광역시,수성구,교육/고소득/주거,행사/운영용역,12,892450450.0,74370870.83333333,2026-05-06 17:15:21,0.009795191451469279,0.0009656428228862997,0.7894736842105263,1.0,32.26,추천,10.5,2
대구광역시,수성구,교육/고소득/주거,급수/전기/설비,6,237640660.0,39606776.666666664,2026-05-07 10:31:13,0.004452359750667854,0.00025713023928103054,0.7894736842105263,1.0,32.03,데이터부족,5.3,3
대구광역시,수영구,해변/문화/청년,시설유지보수,1,14383000.0,14383000.0,2026-05-14 15:21:37,0.0,1.5562590305796416e-05,1.0,1.0,35.0,데이터부족,5.0,1
경기도,수영구,해변/문화/청년,행사/운영용역,16,1803833800.0,112739612.5,2026-05-12 13:52:09,0.013357079252003561,0.001951771286181458,0.9375,1.0,34.65,추천,14.6,2
대전광역시,수영구,해변/문화/청년,시설유지보수,3,608964000.0,202988000.0,2026-05-12 09:35:22,0.0017809439002671415,0.0006589068513508314,0.9090909090909091,1.0,33.72,데이터부족,8.3,3
경기도,수원시,행정/산업/대학,폐기물/환경,129,20906781300.0,162068072.09302327,2026-05-14 09:33:18,0.11398040961709706,0.022621405269052756,0.9677419354838709,1.0,39.64,제외,5.5,1
경기도,수원시,행정/산업/대학,행사/운영용역,84,11813946223.0,140642216.94047618,2026-05-13 10:49:54,0.07390917186108638,0.012782841198863935,0.9375,1.0,37.34,추천,11.6,2
경기도,수원시,행정/산업/대학,차량/운송,48,11270367190.0,234799316.45833334,2026-05-14 15:03:01,0.041852181656277826,0.01219468171965932,1.0,1.0,36.98,추천,11.4,3
전라북도,순창군,전국 주요 지역,폐기물/환경,6,1490285000.0,248380833.33333334,2024-06-19 14:01:05,0.004452359750667854,0.0016125074667227848,0.04143646408839779,1.0,20.84,제외,5.2,1
전라북도,순창군,전국 주요 지역,교육물품/교구,5,567573080.0,113514616.0,2024-06-05 10:40:58,0.003561887800534283,0.000614121345521728,0.04059539918809202,1.0,20.77,데이터부족,18.0,2
전라북도,순창군,전국 주요 지역,행사/운영용역,2,800000000.0,400000000.0,2024-06-10 18:30:11,0.0008904719501335708,0.0008656102513131568,0.04092769440654843,1.0,20.67,데이터부족,15.5,3
경기도,시흥시,전국 주요 지역,폐기물/환경,44,5817807000.0,132222886.36363636,2026-05-07 09:58:35,0.03829029385574354,0.006294941724201803,0.7894736842105263,1.0,33.53,제외,6.0,1
경기도,시흥시,전국 주요 지역,행사/운영용역,39,3543436200.0,90857338.46153846,2026-04-28 17:36:12,0.03383793410507569,0.0038340433744926713,0.6521739130434783,1.0,31.23,추천,10.2,2
경기도,시흥시,전국 주요 지역,차량/운송,18,2130257853.0,118347658.5,2026-04-09 09:31:10,0.015138023152270703,0.0023049662943714446,0.45454545454545453,1.0,27.48,추천,6.6,3
경기도,신안군,전국 주요 지역,차량/운송,1,53547000.0,53547000.0,2026-01-29 14:51:47,0.0,5.7938540158832004e-05,0.2222222222222222,1.0,23.33,데이터부족,6.0,1
광주광역시,신안군,전국 주요 지역,조경/녹지관리,2,689770000.0,344885000.0,2025-09-23 14:53:55,0.0008904719501335708,0.0007463399788103451,0.1140684410646388,1.0,21.77,데이터부족,13.5,2
대전광역시,신안군,전국 주요 지역,조경/녹지관리,1,80260000.0,80260000.0,2025-09-26 13:46:58,0.0,8.684234846299245e-05,0.11538461538461536,1.0,21.73,데이터부족,20.0,3
대전광역시,아산시,전국 주요 지역,폐기물/환경,22,4759808000.0,216354909.0909091,2026-04-30 09:09:50,0.018699910952804988,0.005150173248852967,0.6666666666666666,1.0,30.88,제외,5.8,1
울산광역시,아산시,전국 주요 지역,건설/공사,3,165600000.0,55200000.0,2026-04-29 15:45:55,0.0017809439002671415,0.00017918132202182345,0.6666666666666666,1.0,30.08,제외,6.7,2
충청남도,아산시,전국 주요 지역,시설유지보수,14,192267880.0,13733420.0,2026-04-23 11:04:23,0.01157613535173642,0.00020803630990780982,0.5769230769230769,1.0,29.12,추천,0.1,3
대구광역시,안동시,전국 주요 지역,시설유지보수,2,641300000.0,320650000.0,2026-05-14 10:00:38,0.0008904719501335708,0.0006938948177089093,0.9677419354838709,1.0,34.57,데이터부족,7.5,1
대구광역시,안동시,전국 주요 지역,행사/운영용역,6,200000000.0,33333333.333333332,2026-02-06 13:52:51,0.004452359750667854,0.0002164025628282892,0.23622047244094488,1.0,23.73,데이터부족,8.5,2
대구광역시,안동시,전국 주요 지역,폐기물/환경,4,267869410.0,66967352.5,2025-09-11 13:18:05,0.0026714158504007124,0.00028983813413650876,0.1090909090909091,1.0,21.75,제외,2.2,3
경기도,안산시,외국인/공단/주거,행사/운영용역,39,17335196200.0,444492210.25641024,2026-05-13 15:52:38,0.03383793410507569,0.0187569044240561,0.9677419354838709,1.0,36.34,추천,7.3,1
경기도,안산시,외국인/공단/주거,청소/환경미화,60,7665052000.0,127750866.66666667,2026-05-11 09:05:26,0.05253784505788068,0.008293684485060519,0.8823529411764706,1.0,35.54,추천,5.3,2
경기도,안산시,외국인/공단/주거,폐기물/환경,79,20370442000.0,257853696.20253164,2026-05-06 10:01:58,0.06945681211041853,0.022041079273725103,0.7692307692307692,1.0,34.87,제외,5.8,3
경기도,안성시,전국 주요 지역,기타/미분류,68,11554040320.0,169912357.6470588,2026-05-14 14:25:02,0.05966162065894924,0.012501619681346932,1.0,1.0,37.7,제외,8.7,1
경기도,안성시,전국 주요 지역,시설유지보수,31,1961939740.0,63288378.70967742,2026-05-14 17:18:24,0.026714158504007122,0.0021228439392533367,1.0,1.0,36.12,추천,6.0,2
경기도,안성시,전국 주요 지역,폐기물/환경,67,6570885056.0,98072911.28358209,2026-05-06 13:56:16,0.058771148708815675,0.007109781830842533,0.7894736842105263,1.0,34.37,제외,6.0,3
경기도,안양시,전국 주요 지역,기타/미분류,17,4207168040.0,247480472.94117647,2026-05-12 16:48:56,0.014247551202137132,0.004552209730526351,0.9375,1.0,34.75,제외,7.5,1
경기도,안양시,전국 주요 지역,폐기물/환경,45,6370712000.0,141571377.7777778,2026-05-08 15:22:33,0.039180765805877114,0.006893192019204679,0.8333333333333334,1.0,34.24,제외,5.2,2
경기도,안양시,전국 주요 지역,행사/운영용역,15,26612376200.0,1774158413.3333333,2026-04-06 11:01:27,0.012466607301869992,0.02879493206315284,0.4347826086956522,1.0,27.74,추천,11.3,3
강원특별자치도,양구군,전국 주요 지역,폐기물/환경,74,12883230880.0,174097714.5945946,2026-05-04 14:57:11,0.06500445235975066,0.013939820899702776,0.75,1.0,34.2,제외,4.7,1
강원특별자치도,양구군,전국 주요 지역,건설/공사,31,13504821700.0,435639409.67741936,2026-05-13 16:42:52,0.026714158504007122,0.014612390132095466,0.9677419354838709,0.903,34.01,제외,10.2,2
강원특별자치도,양구군,전국 주요 지역,IT장비/전산,10,898543000.0,89854300.0,2026-05-06 16:51:37,0.008014247551202136,0.0009722350400570972,0.7894736842105263,1.0,32.19,추천,6.3,3
부산광역시,양산시,전국 주요 지역,기타/미분류,17,4467397369.0,262788080.52941176,2026-05-14 10:08:42,0.014247551202137132,0.004833781199119781,0.9677419354838709,1.0,35.21,제외,8.8,1
부산광역시,양산시,전국 주요 지역,IT장비/전산,4,1798893170.0,449723292.5,2026-05-14 09:28:36,0.0026714158504007124,0.0019464254612115265,0.9677419354838709,1.0,34.67,데이터부족,16.0,2
부산광역시,양산시,전국 주요 지역,행사/운영용역,19,15166608247.0,798242539.3157895,2026-03-31 14:52:48,0.016028495102404273,0.016410464470317333,0.4054054054054054,1.0,27.13,추천,8.8,3
강원특별자치도,양양군,전국 주요 지역,기타/미분류,35,10524049510.0,300687128.85714287,2026-05-12 09:32:10,0.030276046304541407,0.011387156426479006,0.9090909090909091,0.971,34.55,제외,9.2,1
강원특별자치도,양양군,전국 주요 지역,급수/전기/설비,10,2834976171.0,283497617.1,2026-05-13 09:29:45,0.008014247551202136,0.003067480544807651,0.9375,1.0,34.46,추천,6.0,2
강원특별자치도,양양군,전국 주요 지역,시설유지보수,38,36793971000.0,968262394.7368422,2026-05-11 16:04:07,0.03294746215494212,0.03981154810514875,0.9090909090909091,0.921,34.37,추천,8.1,3
경기도,양주시,전국 주요 지역,폐기물/환경,35,12329955730.0,352284449.4285714,2026-05-12 18:08:34,0.030276046304541407,0.013341170097656747,0.9375,1.0,35.61,제외,6.5,1
경기도,양주시,전국 주요 지역,기타/미분류,18,5125230542.0,284735030.1111111,2026-05-12 09:39:15,0.015138023152270703,0.005545565121873108,0.9090909090909091,1.0,34.38,제외,8.7,2
경기도,양주시,전국 주요 지역,교육물품/교구,5,703603500.0,140720700.0,2026-05-07 09:56:17,0.003561887800534283,0.0007613080030747708,0.7894736842105263,1.0,32.0,데이터부족,16.8,3
부산광역시,양천구,교육/주거/신도시,시설유지보수,2,31835000.0,15917500.0,2026-05-13 17:25:36,0.0008904719501335708,3.444587793819293e-05,0.9677419354838709,1.0,34.55,데이터부족,5.5,1
서울특별시,양천구,교육/주거/신도시,시설유지보수,26,23243415590.0,893977522.6923077,2026-04-16 10:42:59,0.02226179875333927,0.025149673512795057,0.5084745762711864,1.0,29.15,추천,16.5,2
서울특별시,양천구,교육/주거/신도시,폐기물/환경,33,119639249040.0,3625431789.090909,2026-03-06 11:05:38,0.028495102404274265,0.12945120053553968,0.3,1.0,28.88,제외,18.1,3
광주광역시,양평군,전국 주요 지역,기타/미분류,23,15431204000.0,670921913.0434783,2026-05-13 17:05:52,0.019590382902938557,0.016696760465630737,0.9677419354838709,1.0,35.72,제외,9.0,1
경기도,양평군,전국 주요 지역,방역/소독,11,513686530.0,46698775.45454545,2026-05-13 14:03:21,0.008904719501335707,0.0005558154079118542,0.9677419354838709,1.0,34.89,추천,4.9,2
경기도,양평군,전국 주요 지역,폐기물/환경,31,8104004289.0,261419493.19354838,2026-05-08 16:23:48,0.026714158504007122,0.008768636486555237,0.8333333333333334,1.0,33.79,제외,7.8,3
광주광역시,여수시,전국 주요 지역,시설유지보수,5,3730717770.0,746143554.0,2026-05-06 11:18:48,0.003561887800534283,0.004036684433085199,0.7894736842105263,1.0,32.09,데이터부족,15.2,1
부산광역시,여수시,전국 주요 지역,폐기물/환경,4,1646741680.0,411685420.0,2026-02-05 08:59:43,0.0026714158504007124,0.0017817955993408123,0.23255813953488372,1.0,23.64,제외,5.8,2
광주광역시,여수시,전국 주요 지역,기타/미분류,2,808544120.0,404272060.0,2025-07-28 09:47:33,0.0008904719501335708,0.000874855098638719,0.09345794392523366,1.0,21.46,제외,33.5,3
경기도,여주시,전국 주요 지역,폐기물/환경,70,7548725000.0,107838928.57142857,2026-05-12 20:00:37,0.06144256455921639,0.008167817180429885,0.9375,1.0,36.72,제외,5.6,1
경기도,여주시,전국 주요 지역,IT장비/전산,9,2219945490.0,246660610.0,2026-05-13 16:07:30,0.007123775601068566,0.002402009466875511,0.9677419354838709,1.0,34.86,데이터부족,11.1,2
경기도,여주시,전국 주요 지역,기타/미분류,18,3081925000.0,171218055.55555555,2026-05-06 18:06:56,0.015138023152270703,0.0033346823422228757,0.7894736842105263,1.0,32.53,제외,8.7,3
인천광역시,연수구,신도시/IT/주거,행사/운영용역,91,25131200501.0,276167038.47252744,2026-05-11 23:48:08,0.08014247551202137,0.027192280976839924,0.9090909090909091,1.0,37.52,추천,15.4,1
인천광역시,연수구,신도시/IT/주거,기타/미분류,33,3588225240.0,108734098.18181819,2026-05-13 16:57:01,0.028495102404274265,0.0038825056897057652,0.9677419354838709,1.0,35.75,제외,9.0,2
부산광역시,연수구,신도시/IT/주거,행사/운영용역,68,14208419800.0,208947350.0,2026-05-08 15:32:16,0.05966162065894924,0.01537369229230104,0.8333333333333334,1.0,35.27,추천,14.3,3
부산광역시,연제구,행정/주거/교육,청소/환경미화,1,1700000000.0,1700000000.0,2026-05-13 13:13:52,0.0,0.001839421784040458,0.9677419354838709,1.0,34.56,데이터부족,27.0,1
부산광역시,연제구,행정/주거/교육,폐기물/환경,33,18498876904.0,560572027.3939394,2026-05-04 13:36:04,0.028495102404274265,0.02001602185735324,0.75,1.0,32.89,제외,7.8,2
부산광역시,연제구,행정/주거/교육,IT장비/전산,7,1844322440.0,263474634.2857143,2026-04-22 15:33:54,0.005342831700801425,0.001995580513488618,0.5769230769230769,1.0,28.92,데이터부족,13.3,3
경기도,연천군,전국 주요 지역,폐기물/환경,40,5595856960.0,139896424.0,2026-05-08 18:22:43,0.034728406055209264,0.006054788936822596,0.8333333333333334,1.0,34.04,제외,5.2,1
경기도,연천군,전국 주요 지역,기타/미분류,10,5673524181.0,567352418.1,2026-05-04 11:30:42,0.008014247551202136,0.006138825865183352,0.75,1.0,31.72,제외,13.2,2
경기도,연천군,전국 주요 지역,보험/금융,3,165000000.0,55000000.0,2026-04-30 17:17:33,0.0017809439002671415,0.00017853211433333858,0.6818181818181818,1.0,30.3,데이터부족,6.7,3
경기도,영광군,전국 주요 지역,차량/운송,1,31359600.0,31359600.0,2026-05-08 15:58:38,0.0,3.3931489046350085e-05,0.8333333333333334,1.0,32.5,데이터부족,6.0,1
광주광역시,영광군,전국 주요 지역,조경/녹지관리,2,865830000.0,432915000.0,2025-09-23 14:45:43,0.0008904719501335708,0.0009368391548680882,0.1140684410646388,1.0,21.77,데이터부족,13.5,2
광주광역시,영광군,전국 주요 지역,폐기물/환경,4,201000000.0,50250000.0,2025-08-08 11:17:38,0.0026714158504007124,0.00021748457564243063,0.0970873786407767,1.0,21.57,제외,6.8,3
인천광역시,영덕군,전국 주요 지역,폐기물/환경,2,65239000.0,32619500.0,2025-12-11 09:56:38,0.0008904719501335708,7.058943398177379e-05,0.16216216216216214,1.0,22.47,제외,6.0,1
인천광역시,영덕군,전국 주요 지역,행사/운영용역,19,1916643000.0,100875947.36842105,2025-07-14 11:04:29,0.016028495102404273,0.002073832286134503,0.08955223880597016,1.0,22.04,추천,10.5,2
인천광역시,영덕군,전국 주요 지역,기타/미분류,16,1500294566.0,93768410.375,2025-08-08 10:53:56,0.013357079252003561,0.0016233379453987793,0.0967741935483871,1.0,22.03,제외,9.3,3
부산광역시,영도구,전국 주요 지역,기타/미분류,12,1978498480.0,164874873.33333334,2026-05-06 14:57:54,0.009795191451469279,0.0021407607081193733,0.7894736842105263,1.0,32.29,제외,10.0,1
부산광역시,영도구,전국 주요 지역,폐기물/환경,41,31445473956.0,766962779.4146341,2026-04-21 13:55:38,0.03561887800534283,0.03402440576714311,0.5660377358490566,1.0,30.77,제외,5.4,2
부산광역시,영도구,전국 주요 지역,행사/운영용역,27,5106388510.0,189125500.37037036,2026-04-17 13:24:07,0.02315227070347284,0.005525177801804645,0.5263157894736842,1.0,28.96,추천,15.1,3
충청북도,영동군,전국 주요 지역,폐기물/환경,39,2117270500.0,54288987.179487176,2026-05-11 14:05:18,0.03383793410507569,0.0022909138120036665,0.9090909090909091,1.0,35.05,제외,3.8,1
충청북도,영동군,전국 주요 지역,기타/미분류,20,825828200.0,41291410.0,2026-05-12 14:38:58,0.016918967052537846,0.0008935566946793648,0.9375,1.0,34.76,제외,2.4,2
대전광역시,영동군,전국 주요 지역,기타/미분류,4,1129770004.0,282442501.0,2026-05-07 18:08:20,0.0026714158504007124,0.0012224256213606325,0.8108108108108107,1.0,32.3,제외,5.5,3
서울특별시,영등포구,오피스/금융/교통,폐기물/환경,16,12760739880.0,797546242.5,2026-04-16 16:00:32,0.013357079252003561,0.013807284068085776,0.5172413793103449,1.0,28.64,제외,6.8,1
서울특별시,영등포구,오피스/금융/교통,차량/운송,4,229226920.0,57306730.0,2026-04-16 07:52:02,0.0026714158504007124,0.0002480264647861761,0.5084745762711864,1.0,27.74,데이터부족,9.0,2
서울특별시,영등포구,오피스/금융/교통,시설유지보수,25,21532418502.0,861296740.08,2025-10-29 10:54:05,0.0213713268032057,0.023298352738620357,0.13157894736842105,1.0,23.41,추천,13.3,3
광주광역시,영암군,전국 주요 지역,시설유지보수,3,402000000.0,134000000.0,2026-04-17 16:58:11,0.0017809439002671415,0.00043496915128486127,0.5263157894736842,1.0,27.98,데이터부족,6.0,1
광주광역시,영암군,전국 주요 지역,폐기물/환경,10,568806700.0,56880670.0,2026-02-05 17:39:32,0.008014247551202136,0.0006154561381695092,0.234375,1.0,23.85,제외,5.2,2
광주광역시,영암군,전국 주요 지역,조경/녹지관리,2,777310000.0,388655000.0,2025-09-23 14:50:49,0.0008904719501335708,0.0008410593805602873,0.1140684410646388,1.0,21.77,데이터부족,13.5,3
부산광역시,영양군,전국 주요 지역,급식/식자재,4,162722000.0,40680500.0,2026-04-17 15:13:33,0.0026714158504007124,0.00017606728914272435,0.5263157894736842,1.0,28.01,데이터부족,13.0,1
대구광역시,영양군,전국 주요 지역,행사/운영용역,4,149100000.0,37275000.0,2026-04-17 08:00:51,0.0026714158504007124,0.0001613281105884896,0.5172413793103449,1.0,27.87,데이터부족,7.8,2
대구광역시,영양군,전국 주요 지역,폐기물/환경,1,19911400.0,19911400.0,2026-02-12 14:11:55,0.0,2.1544389947495984e-05,0.24793388429752067,1.0,23.72,제외,1.0,3
강원특별자치도,영월군,전국 주요 지역,폐기물/환경,105,18045021420.0,171857346.85714287,2026-05-06 15:20:30,0.09260908281389137,0.01952494440789687,0.7894736842105263,1.0,36.03,제외,5.3,1
강원특별자치도,영월군,전국 주요 지역,차량/운송,27,1959936960.0,72590257.77777778,2026-05-13 10:02:04,0.02315227070347284,0.0021206769056294305,0.9375,1.0,35.04,추천,5.9,2
강원특별자치도,영월군,전국 주요 지역,기타/미분류,57,17955504856.0,315008857.122807,2026-05-08 16:24:32,0.04986642920747997,0.019428086338570957,0.8333333333333334,0.982,34.62,제외,6.6,3
부산광역시,영주시,전국 주요 지역,시설유지보수,34,4211833400.0,123877452.94117647,2026-05-14 20:50:51,0.029385574354407838,0.004557257709828934,1.0,1.0,36.29,추천,5.1,1
대구광역시,영주시,전국 주요 지역,급수/전기/설비,2,152820000.0,76410000.0,2026-05-13 17:25:45,0.0008904719501335708,0.00016535319825709577,0.9677419354838709,1.0,34.56,데이터부족,5.0,2
부산광역시,영주시,전국 주요 지역,급수/전기/설비,4,170128000.0,42532000.0,2026-05-07 13:24:42,0.0026714158504007124,0.0001840806760442559,0.8108108108108107,1.0,32.27,데이터부족,6.2,3
광주광역시,영천시,전국 주요 지역,기타/미분류,5,207373100.0,41474620.0,2026-04-16 10:02:10,0.003561887800534283,0.00022438035150823549,0.5084745762711864,1.0,27.78,제외,3.0,1
광주광역시,영천시,전국 주요 지역,시설유지보수,4,121292000.0,30323000.0,2026-04-15 15:02:48,0.0026714158504007124,0.00013123949825284427,0.5084745762711864,1.0,27.74,데이터부족,6.5,2
광주광역시,영천시,전국 주요 지역,청소/환경미화,1,21978000.0,21978000.0,2026-02-06 09:26:47,0.0,2.37804776292007e-05,0.234375,1.0,23.52,데이터부족,0.0,3
부산광역시,예산군,전국 주요 지역,차량/운송,1,32832000.0,32832000.0,2026-05-14 09:30:04,0.0,3.5524644713891954e-05,0.9677419354838709,1.0,34.52,데이터부족,6.0,1
충청남도,예산군,전국 주요 지역,건설/공사,39,526396000.0,13497333.333333334,2026-05-06 16:07:06,0.03383793410507569,0.0005695672173128006,0.7894736842105263,1.0,33.21,제외,0.0,2
강원특별자치도,예산군,전국 주요 지역,IT장비/전산,3,533642000.0,177880666.66666666,2026-05-08 13:08:39,0.0017809439002671415,0.0005774074821640695,0.8333333333333334,1.0,32.59,데이터부족,11.3,3
경기도,오산시,전국 주요 지역,기타/미분류,25,14676651856.0,587066074.24,2026-05-14 13:42:19,0.0213713268032057,0.015880325376884837,1.0,1.0,36.25,제외,9.6,1
경기도,오산시,전국 주요 지역,행사/운영용역,69,13279485030.0,192456304.7826087,2026-05-08 10:14:02,0.060552092609082814,0.014368572967659502,0.8108108108108107,1.0,34.94,추천,21.6,2
충청남도,오산시,전국 주요 지역,급수/전기/설비,4,33853600.0,8463400.0,2026-05-13 14:15:13,0.0026714158504007124,3.663002900481885e-05,0.9677419354838709,1.0,34.62,데이터부족,2.8,3
대전광역시,옥천군,전국 주요 지역,시설유지보수,4,287733000.0,71933250.0,2026-05-11 11:29:08,0.0026714158504007124,0.00031133079305136065,0.9090909090909091,1.0,33.75,데이터부족,5.8,1
대전광역시,옥천군,전국 주요 지역,폐기물/환경,7,443518000.0,63359714.28571428,2026-02-24 09:09:22,0.005342831700801425,0.0004798921593023858,0.27272727272727276,1.0,24.32,제외,5.3,2
대구광역시,옥천군,전국 주요 지역,폐기물/환경,1,21450000.0,21450000.0,2026-01-22 10:03:01,0.0,2.3209174863334015e-05,0.2097902097902098,1.0,23.15,제외,4.0,3
인천광역시,옹진군,전국 주요 지역,폐기물/환경,68,11402129710.0,167678378.0882353,2026-05-14 17:19:48,0.05966162065894924,0.012337250454722889,1.0,1.0,37.69,제외,5.0,1
인천광역시,옹진군,전국 주요 지역,기타/미분류,43,37065656210.0,861992004.8837209,2026-05-12 18:08:59,0.037399821905609976,0.04010551498378146,0.9375,1.0,36.56,제외,6.8,2
인천광역시,옹진군,전국 주요 지역,시설유지보수,46,5845995270.0,127086853.69565217,2026-05-12 17:59:06,0.04007123775601069,0.006325441793550282,0.9375,0.978,35.38,추천,5.2,3
전라북도,완주군,전국 주요 지역,IT장비/전산,6,4926758350.0,821126391.6666666,2024-05-29 09:04:41,0.004452359750667854,0.005330815666878367,0.040214477211796246,1.0,20.91,데이터부족,22.8,1
전라북도,완주군,전국 주요 지역,시설유지보수,6,2581294000.0,430215666.6666667,2024-06-10 15:25:07,0.004452359750667854,0.0027929931850664293,0.04092769440654843,1.0,20.86,데이터부족,6.5,2
전라북도,완주군,전국 주요 지역,건설/공사,4,2077681400.0,519420350.0,2024-06-05 09:30:25,0.0026714158504007124,0.0022480778985033392,0.04059539918809202,1.0,20.77,제외,6.5,3
대구광역시,용산구,외국인/관광/개발,급수/전기/설비,4,127575000.0,31893750.0,2026-05-12 14:46:55,0.0026714158504007124,0.00013803778476409497,0.9375,1.0,34.17,데이터부족,5.0,1
충청남도,용산구,외국인/관광/개발,시설유지보수,1,14965000.0,14965000.0,2026-05-06 14:10:37,0.0,1.619232176362674e-05,0.7894736842105263,1.0,31.84,데이터부족,0.0,2
서울특별시,용산구,외국인/관광/개발,시설유지보수,29,12651679000.0,436264793.1034483,2026-04-13 10:35:39,0.024933214603739984,0.013689278798404234,0.48387096774193555,1.0,28.6,추천,17.7,3
경기도,용인시,주거/산업/반도체,폐기물/환경,124,111106029360.0,896016365.8064516,2026-05-13 14:56:34,0.10952804986642921,0.12021814749589571,0.9677419354838709,1.0,41.9,제외,5.5,1
경기도,용인시,주거/산업/반도체,행사/운영용역,130,18063506860.0,138950052.76923078,2026-05-13 13:52:29,0.11487088156723063,0.019544945890851914,0.9677419354838709,1.0,39.6,추천,13.1,2
경기도,용인시,주거/산업/반도체,기타/미분류,61,111358509618.0,1825549338.0,2026-05-07 10:56:06,0.053428317008014245,0.12049133437036945,0.7894736842105263,1.0,36.99,제외,5.3,3
부산광역시,울릉군,전국 주요 지역,폐기물/환경,18,3041044440.0,168946913.33333334,2026-05-13 13:02:54,0.015138023152270703,0.0032904490524535974,0.9677419354838709,1.0,35.2,제외,5.1,1
대구광역시,울릉군,전국 주요 지역,IT장비/전산,1,54953000.0,54953000.0,2024-10-14 16:17:21,0.0,5.9459850175514876e-05,0.049423393739703454,1.0,20.74,데이터부족,2.0,2
대구광역시,울릉군,전국 주요 지역,폐기물/환경,2,109471050.0,54735525.0,2024-06-04 11:12:56,0.0008904719501335708,0.00011844907887751893,0.04059539918809202,1.0,20.65,제외,5.0,3
울산광역시,울산광역시,전국 주요 지역,기타/미분류,460,296784900789.0,645184566.9326087,2026-05-14 11:34:12,0.40872662511130897,0.32112506569739574,1.0,0.991,59.2,제외,10.5,1
울산광역시,울산광역시,전국 주요 지역,행사/운영용역,546,97912939520.0,179327728.05860806,2026-05-13 13:46:38,0.4853072128227961,0.1059430552308964,0.9677419354838709,1.0,56.58,추천,12.1,2
울산광역시,울산광역시,전국 주요 지역,IT장비/전산,296,122184838386.0,412786616.1689189,2026-05-14 18:11:18,0.26268922528940336,0.13220556082745363,1.0,1.0,48.81,추천,10.1,3
울산광역시,울주군,전국 주요 지역,폐기물/환경,202,67083128314.0,332094694.62376237,2026-05-08 13:57:19,0.17898486197684774,0.07258480444844286,0.8333333333333334,1.0,41.47,제외,5.0,1
울산광역시,울주군,전국 주요 지역,건설/공사,96,50678082577.0,527896693.5104167,2026-05-14 17:09:35,0.08459483526268922,0.05483433474443235,1.0,0.948,38.71,제외,15.4,2
울산광역시,울주군,전국 주요 지역,시설유지보수,111,30773080200.0,277234956.7567568,2026-05-07 17:25:31,0.09795191451469279,0.03329686710700241,0.8108108108108107,0.964,36.19,추천,5.6,3
대구광역시,울진군,전국 주요 지역,IT장비/전산,4,755138050.0,188784512.5,2025-11-07 17:43:06,0.0026714158504007124,0.0008170690465457838,0.13761467889908258,1.0,22.19,데이터부족,6.2,1
대구광역시,울진군,전국 주요 지역,폐기물/환경,2,454037720.0,227018860.0,2025-07-08 13:58:40,0.0008904719501335708,0.0004912746311435659,0.08823529411764705,1.0,21.37,제외,13.0,2
대구광역시,울진군,전국 주요 지역,전문용역/컨설팅,2,54300000.0,27150000.0,2024-10-08 16:21:56,0.0008904719501335708,5.8753295807880515e-05,0.048939641109298535,1.0,20.77,데이터부족,11.5,3
강원특별자치도,원주시,전국 주요 지역,시설유지보수,123,18091396280.0,147084522.601626,2026-05-13 13:34:32,0.10863757791629564,0.019575122600670885,0.9677419354838709,0.992,39.19,추천,5.0,1
강원특별자치도,원주시,전국 주요 지역,기타/미분류,110,14219127699.0,129264797.26363637,2026-05-15 10:17:04,0.09706144256455922,0.015385278376231572,1.0,0.982,38.91,제외,5.4,2
강원특별자치도,원주시,전국 주요 지역,행사/운영용역,107,18492228657.0,172824566.88785046,2026-05-13 15:22:47,0.0943900267141585,0.02000882836890766,0.9677419354838709,1.0,38.79,추천,8.2,3
대전광역시,유성구,전국 주요 지역,행사/운영용역,59,12993153010.0,220222932.37288135,2026-05-11 15:43:22,0.051647373107747106,0.014058758052920499,0.9090909090909091,1.0,36.05,추천,14.1,1
대전광역시,유성구,전국 주요 지역,급수/전기/설비,20,2820570947.0,141028547.35,2026-05-14 11:27:18,0.016918967052537846,0.0030518939078490732,1.0,0.9,33.75,추천,6.2,2
대전광역시,유성구,전국 주요 지역,폐기물/환경,70,29167281330.0,416675447.5714286,2026-04-30 14:55:20,0.06144256455921639,0.031559372152728554,0.6818181818181818,1.0,33.47,제외,5.6,3
서울특별시,은평구,주거/문화/뉴타운,폐기물/환경,29,54224116800.0,1869797131.0344827,2026-04-21 15:08:24,0.024933214603739984,0.05867118921310245,0.5660377358490566,1.0,30.95,제외,6.2,1
서울특별시,은평구,주거/문화/뉴타운,시설유지보수,17,56311322200.0,3312430717.647059,2026-04-13 14:22:40,0.014247551202137132,0.06092957220164768,0.49180327868852464,1.0,29.47,추천,10.6,2
서울특별시,은평구,주거/문화/뉴타운,행사/운영용역,6,6149521000.0,1024920166.6666666,2026-04-16 16:00:17,0.004452359750667854,0.0066538605228319185,0.5172413793103449,1.0,28.1,데이터부족,8.3,3
충청북도,음성군,전국 주요 지역,IT장비/전산,2,13118000.0,6559000.0,2026-02-24 15:52:59,0.0008904719501335708,1.4193844095907487e-05,0.27522935779816515,1.0,24.16,데이터부족,0.0,1
충청북도,음성군,전국 주요 지역,폐기물/환경,6,228469000.0,38078166.666666664,2026-02-09 14:54:18,0.004452359750667854,0.000247206385634082,0.24193548387096778,1.0,23.81,제외,2.5,2
인천광역시,음성군,전국 주요 지역,행사/운영용역,1,50820000.0,50820000.0,2026-01-28 11:09:00,0.0,5.498789121466828e-05,0.22058823529411764,1.0,23.31,데이터부족,1.0,3
부산광역시,의령군,전국 주요 지역,행사/운영용역,1,50275050.0,50275050.0,2025-06-30 10:51:11,0.0,5.43982483316019e-05,0.08595988538681949,1.0,21.29,데이터부족,8.0,1
부산광역시,의령군,전국 주요 지역,폐기물/환경,1,7930000.0,7930000.0,2025-05-01 14:33:19,0.0,8.580361616141666e-06,0.07352941176470588,1.0,21.1,제외,10.0,2
부산광역시,의령군,전국 주요 지역,시설유지보수,1,332300000.0,332300000.0,2024-12-24 17:30:25,0.0,0.00035955285813920245,0.055970149253731345,0.0,0.85,데이터부족,5.0,3
대구광역시,의성군,전국 주요 지역,폐기물/환경,4,234610000.0,58652500.0,2025-11-17 18:01:48,0.0026714158504007124,0.0002538510263257246,0.14423076923076922,1.0,22.28,제외,4.5,1
대구광역시,의성군,전국 주요 지역,시설유지보수,2,949726000.0,474863000.0,2025-10-27 17:33:30,0.0008904719501335708,0.001027615701923299,0.13100436681222707,1.0,22.03,데이터부족,17.5,2
경기도,의성군,전국 주요 지역,기타/미분류,1,20000000.0,20000000.0,2025-09-09 08:27:35,0.0,2.164025628282892e-05,0.1079136690647482,1.0,21.62,제외,0.0,3
경기도,의왕시,전국 주요 지역,교육물품/교구,3,511202480.0,170400826.66666666,2026-05-08 15:03:53,0.0017809439002671415,0.0005531276339808862,0.8333333333333334,1.0,32.59,데이터부족,23.7,1
경기도,의왕시,전국 주요 지역,폐기물/환경,40,5962697000.0,149067425.0,2026-04-01 15:22:08,0.034728406055209264,0.006451714560842757,0.410958904109589,1.0,27.71,제외,7.3,2
경기도,의왕시,전국 주요 지역,시설유지보수,9,2502671590.0,278074621.1111111,2026-04-09 14:23:51,0.007123775601068566,0.002707922729967747,0.46153846153846145,1.0,27.28,데이터부족,13.6,3
경기도,의정부시,교통/주거/군부대,폐기물/환경,44,111816969410.0,2541294759.318182,2026-04-30 11:05:29,0.03829029385574354,0.12098739374008208,0.6666666666666666,1.0,34.56,제외,5.8,1
경기도,의정부시,교통/주거/군부대,조경/녹지관리,6,330108000.0,55018000.0,2026-05-11 17:13:40,0.004452359750667854,0.00035718108605060445,0.9090909090909091,1.0,33.82,데이터부족,3.8,2
경기도,의정부시,교통/주거/군부대,IT장비/전산,18,3215619600.0,178645533.33333334,2026-05-06 18:06:27,0.015138023152270703,0.0034793416126043908,0.7894736842105263,1.0,32.53,추천,7.8,3
경기도,이천시,전국 주요 지역,폐기물/환경,112,139954527276.0,1249593993.5357144,2026-05-11 19:28:07,0.09884238646482636,0.1514325919097405,0.9090909090909091,1.0,41.38,제외,5.5,1
경기도,이천시,전국 주요 지역,행사/운영용역,52,23312722500.0,448321586.53846157,2026-05-14 15:23:05,0.04541406945681211,0.025224664477523605,1.0,1.0,37.45,추천,7.6,2
경기도,이천시,전국 주요 지역,시설유지보수,22,1196498850.0,54386311.36363637,2026-05-13 10:56:24,0.018699910952804988,0.0012946270878055038,0.9375,1.0,34.84,추천,5.5,3
대전광역시,익산시,전국 주요 지역,조경/녹지관리,1,39936000.0,39936000.0,2025-07-17 09:29:18,0.0,4.3211263745552786e-05,0.09036144578313253,1.0,21.36,데이터부족,5.0,1
전라북도,익산시,전국 주요 지역,폐기물/환경,8,1313699000.0,164212375.0,2024-06-17 08:59:07,0.006233303650934996,0.0014214391519248033,0.04126547455295736,1.0,20.9,제외,6.2,2
대구광역시,익산시,전국 주요 지역,급식/식자재,1,5600.0,5600.0,2025-01-27 08:53:08,0.0,6.059271759192097e-09,0.05964214711729623,1.0,20.89,데이터부족,28.0,3
강원특별자치도,인제군,전국 주요 지역,폐기물/환경,101,10144079435.0,100436430.04950495,2026-05-12 16:20:03,0.08904719501335707,0.010976023936338718,0.9375,1.0,37.9,제외,5.3,1
강원특별자치도,인제군,전국 주요 지역,건설/공사,60,59566107000.0,992768450.0,2026-05-12 16:27:07,0.05253784505788068,0.06445129106252048,0.9375,0.85,34.78,제외,9.9,2
강원특별자치도,인제군,전국 주요 지역,차량/운송,36,2425573890.0,67377052.5,2026-05-06 16:26:35,0.031166518254674976,0.002624502030626914,0.7894736842105263,1.0,33.15,추천,6.1,3
인천광역시,인천광역시,전국 주요 지역,행사/운영용역,1124,468425774673.0,416748909.8514235,2026-05-14 14:34:28,1.0,0.5068426906703196,1.0,1.0,87.67,추천,18.5,1
인천광역시,인천광역시,전국 주요 지역,시설유지보수,656,567737625858.0,865453697.9542683,2026-05-15 08:52:16,0.5832591273374889,0.6142993862485979,1.0,0.983,73.35,추천,7.3,2
인천광역시,인천광역시,전국 주요 지역,기타/미분류,612,347063545608.0,567097296.745098,2026-05-13 16:56:07,0.5440783615316117,0.37552720366922016,0.9677419354838709,0.992,65.51,제외,11.7,3
광주광역시,임실군,전국 주요 지역,IT장비/전산,1,345202640.0,345202640.0,2025-02-10 15:20:25,0.0,0.0003735136799554565,0.06147540983606558,1.0,20.93,데이터부족,14.0,1
전라북도,임실군,전국 주요 지역,폐기물/환경,4,881893000.0,220473250.0,2024-06-17 15:45:02,0.0026714158504007124,0.0009542195267016421,0.04132231404958678,1.0,20.75,제외,5.2,2
전라북도,임실군,전국 주요 지역,기타/미분류,2,400000000.0,200000000.0,2024-06-10 17:05:33,0.0008904719501335708,0.0004328051256565784,0.04092769440654843,1.0,20.66,제외,10.0,3
광주광역시,장성군,전국 주요 지역,폐기물/환경,2,163000000.0,81500000.0,2026-04-28 09:44:34,0.0008904719501335708,0.0001763680887050557,0.6382978723404256,1.0,29.61,제외,6.5,1
광주광역시,장성군,전국 주요 지역,급수/전기/설비,4,721600000.0,180400000.0,2026-02-20 15:14:41,0.0026714158504007124,0.0007807804466844673,0.26548672566371684,1.0,24.11,데이터부족,5.0,2
강원특별자치도,장성군,전국 주요 지역,폐기물/환경,2,253936600.0,126968300.0,2025-11-14 16:18:16,0.0008904719501335708,0.0002747626551795107,0.14218009478672985,1.0,22.18,제외,5.5,3
인천광역시,장수군,전국 주요 지역,경비/보안,1,26000000.0,26000000.0,2026-04-01 13:42:21,0.0,2.8132333167677594e-05,0.410958904109589,1.0,26.17,데이터부족,6.0,1
부산광역시,장수군,전국 주요 지역,시설유지보수,1,64539000.0,64539000.0,2026-02-07 08:18:35,0.0,6.983202501187478e-05,0.23622047244094488,1.0,23.55,데이터부족,13.0,2
인천광역시,장수군,전국 주요 지역,폐기물/환경,2,45870000.0,22935000.0,2025-10-22 09:21:26,0.0008904719501335708,4.963192778466812e-05,0.12765957446808512,1.0,21.95,제외,7.0,3
전라북도,전라북도,전국 주요 지역,행사/운영용역,23,3943036000.0,171436347.82608697,2024-06-24 11:35:07,0.019590382902938557,0.00426641547862103,0.04172461752433936,1.0,21.52,추천,10.4,1
전라북도,전라북도,전국 주요 지역,IT장비/전산,9,2833000000.0,314777777.7777778,2024-06-21 14:52:52,0.007123775601068566,0.0030653423024627163,0.04155124653739612,1.0,20.98,데이터부족,9.6,2
전라북도,전라북도,전국 주요 지역,교육물품/교구,9,1732061210.0,192451245.55555555,2024-06-20 15:58:33,0.007123775601068566,0.0018741124240973378,0.04149377593360996,1.0,20.95,데이터부족,14.2,3
전라북도,전주시,전국 주요 지역,폐기물/환경,47,338013014860.0,7191766273.617022,2024-06-24 15:26:10,0.04096170970614425,0.365734413425103,0.04172461752433936,1.0,31.41,제외,5.3,1
강원특별자치도,전주시,전국 주요 지역,기타/미분류,3,176885000.0,58961666.666666664,2026-04-27 10:19:39,0.0017809439002671415,0.00019139183662940967,0.625,1.0,29.45,제외,13.0,2
강원특별자치도,전주시,전국 주요 지역,행사/운영용역,3,210000000.0,70000000.0,2026-04-08 13:48:12,0.0017809439002671415,0.00022722269096970364,0.45454545454545453,1.0,26.9,데이터부족,11.3,3
강원특별자치도,정선군,전국 주요 지역,기타/미분류,27,7212446760.0,267127657.7777778,2026-05-14 15:04:33,0.02315227070347284,0.007803959815632954,1.0,1.0,36.12,제외,8.8,1
강원특별자치도,정선군,전국 주요 지역,폐기물/환경,73,6037391110.0,82703987.80821918,2026-05-08 14:54:23,0.06411398040961709,0.006532534545003648,0.8333333333333334,1.0,35.23,제외,5.4,2
강원특별자치도,정선군,전국 주요 지역,차량/운송,20,1381060500.0,69053025.0,2026-05-13 11:20:38,0.016918967052537846,0.0014943251581045923,0.9677419354838709,1.0,35.23,추천,7.0,3
전라북도,정읍시,전국 주요 지역,폐기물/환경,8,458178000.0,57272250.0,2024-06-20 17:05:02,0.006233303650934996,0.0004957544671576994,0.04149377593360996,1.0,20.88,제외,5.8,1
전라북도,정읍시,전국 주요 지역,IT장비/전산,7,388662000.0,55523142.85714286,2024-06-04 16:32:26,0.005342831700801425,0.00042053726436984266,0.04059539918809202,1.0,20.83,데이터부족,5.1,2
전라북도,정읍시,전국 주요 지역,행사/운영용역,5,1338219440.0,267643888.0,2024-06-19 17:41:50,0.003561887800534283,0.0014479705822131898,0.04143646408839779,1.0,20.8,데이터부족,13.6,3
인천광역시,제주시,전국 주요 지역,행사/운영용역,129,18964732813.0,147013432.65891472,2026-05-12 09:08:13,0.11398040961709706,0.02052008392043475,0.9090909090909091,1.0,38.71,추천,23.3,1
경기도,제주시,전국 주요 지역,교육물품/교구,71,11401305637.0,160581769.53521127,2026-05-13 16:43:02,0.06233303650934995,0.0123363587971771,0.9677419354838709,1.0,37.32,추천,25.1,2
대전광역시,제주시,전국 주요 지역,행사/운영용역,47,5919522096.0,125947278.63829787,2026-05-11 15:06:07,0.04096170970614425,0.00640499876146543,0.9090909090909091,1.0,35.43,추천,30.3,3
충청북도,제천시,전국 주요 지역,차량/운송,1,29124200.0,29124200.0,2026-01-19 09:26:23,0.0,3.15127576016183e-05,0.2054794520547945,1.0,23.08,데이터부족,4.0,1
대전광역시,제천시,전국 주요 지역,행사/운영용역,2,78716800.0,39358400.0,2026-01-06 13:39:00,0.0008904719501335708,8.517258628820936e-05,0.189873417721519,1.0,22.89,데이터부족,12.5,2
충청북도,제천시,전국 주요 지역,시설유지보수,6,2673980000.0,445663333.3333333,2025-09-22 16:34:45,0.004452359750667854,0.0028932806247579435,0.11363636363636363,1.0,21.95,데이터부족,7.7,3
서울특별시,종로구,공공기관/전통상권/관광,전문용역/컨설팅,11,654680000.0,59516363.63636363,2026-04-13 15:49:19,0.008904719501335707,0.0007083721491621218,0.49180327868852464,1.0,27.75,추천,13.7,1
서울특별시,종로구,공공기관/전통상권/관광,건설/공사,3,179223000.0,59741000.0,2026-04-13 15:05:22,0.0017809439002671415,0.00019392158258887236,0.49180327868852464,1.0,27.45,제외,6.3,2
서울특별시,종로구,공공기관/전통상권/관광,IT장비/전산,8,3030945340.0,378868167.5,2026-04-07 15:36:37,0.006233303650934996,0.0032795216968423014,0.44776119402985076,1.0,27.05,데이터부족,13.2,3
인천광역시,중구,도심/관광/명동,폐기물/환경,80,13901408830.0,173767610.375,2026-05-11 14:50:10,0.07034728406055209,0.015041502488679045,0.9090909090909091,1.0,36.83,제외,5.0,1
인천광역시,중구,도심/관광/명동,행사/운영용역,42,6540591000.0,155728357.14285713,2026-05-15 09:07:54,0.0365093499554764,0.007077003274058214,1.0,1.0,36.64,추천,14.3,2
울산광역시,중구,도심/관광/명동,폐기물/환경,85,84395184090.0,992884518.7058823,2026-05-04 16:58:31,0.07479964381121995,0.09131667063720628,0.75,1.0,36.52,제외,4.8,3
서울특별시,중랑구,주거/제조/서민,폐기물/환경,16,4750521000.0,296907562.5,2026-04-15 22:31:21,0.013357079252003561,0.005140124595848036,0.5084745762711864,1.0,28.29,제외,6.6,1
서울특별시,중랑구,주거/제조/서민,시설유지보수,21,79701092030.0,3795290096.6666665,2026-03-18 22:36:29,0.017809439002671415,0.08623760287752666,0.3448275862068966,1.0,28.04,추천,10.8,2
서울특별시,중랑구,주거/제조/서민,차량/운송,5,536151550.0,107230310.0,2026-03-20 10:59:51,0.003561887800534283,0.0005801228474217982,0.3488372093023256,1.0,25.39,데이터부족,5.8,3
충청북도,증평군,전국 주요 지역,폐기물/환경,34,1936720000.0,56962352.941176474,2026-05-13 14:03:32,0.029385574354407838,0.0020955558574040213,0.9677419354838709,1.0,35.74,제외,1.5,1
충청북도,증평군,전국 주요 지역,기타/미분류,14,3755913000.0,268279500.0,2026-05-14 13:08:54,0.01157613535173642,0.00406394599480044,1.0,1.0,35.56,제외,3.4,2
대전광역시,증평군,전국 주요 지역,기타/미분류,4,1206660000.0,301665000.0,2026-05-07 18:08:38,0.0026714158504007124,0.001305621582311917,0.8108108108108107,1.0,32.3,제외,5.5,3
인천광역시,진도군,전국 주요 지역,전문용역/컨설팅,2,109896000.0,54948000.0,2024-07-30 15:41:45,0.0008904719501335708,0.00011890888022288833,0.043923865300146414,1.0,20.7,데이터부족,12.0,1
대전광역시,진안군,전국 주요 지역,시설유지보수,1,1.0,1.0,2025-10-21 13:51:15,0.0,1.082012814141446e-12,0.12765957446808512,1.0,21.91,데이터부족,42.0,1
대구광역시,진안군,전국 주요 지역,시설유지보수,1,41968000.0,41968000.0,2025-07-29 09:45:31,0.0,4.54099137838882e-05,0.09375,1.0,21.41,데이터부족,8.0,2
전라북도,진안군,전국 주요 지역,기타/미분류,3,180000000.0,60000000.0,2024-06-17 13:25:19,0.0017809439002671415,0.00019476230654546026,0.04132231404958678,1.0,20.7,제외,8.0,3
부산광역시,진주시,전국 주요 지역,폐기물/환경,50,3212128050.0,64242561.0,2026-05-07 14:09:19,0.04363312555654497,0.003475563710763175,0.8108108108108107,1.0,33.99,제외,5.9,1
부산광역시,진주시,전국 주요 지역,급수/전기/설비,4,250280000.0,62570000.0,2026-05-06 13:07:13,0.0026714158504007124,0.0002708061671233211,0.7894736842105263,1.0,31.96,데이터부족,7.0,2
부산광역시,진주시,전국 주요 지역,기타/미분류,6,1678790000.0,279798333.3333333,2026-04-08 09:16:49,0.004452359750667854,0.001816472292252518,0.44776119402985076,1.0,26.94,제외,9.3,3
충청북도,진천군,전국 주요 지역,폐기물/환경,10,1387169001.0,138716900.1,2026-04-28 15:27:36,0.008014247551202136,0.0015009346344617882,0.6521739130434783,1.0,30.14,제외,6.1,1
대구광역시,진천군,전국 주요 지역,폐기물/환경,3,110196000.0,36732000.0,2026-04-21 10:36:26,0.0017809439002671415,0.00011923348406713077,0.5555555555555556,1.0,28.41,제외,6.7,2
충청북도,진천군,전국 주요 지역,시설유지보수,17,233562480.0,13738969.411764706,2026-02-19 10:49:11,0.014247551202137132,0.00025271759626265515,0.2608695652173913,1.0,24.49,추천,0.0,3
부산광역시,창녕군,전국 주요 지역,폐기물/환경,5,2478046000.0,495609200.0,2026-02-04 06:09:47,0.003561887800534283,0.0026812775260319534,0.23076923076923073,1.0,23.67,제외,3.4,1
부산광역시,창녕군,전국 주요 지역,행사/운영용역,2,1011713360.0,505856680.0,2026-01-30 14:40:07,0.0008904719501335708,0.0010946868197580977,0.22388059701492538,1.0,23.42,데이터부족,10.0,2
울산광역시,창녕군,전국 주요 지역,건설/공사,1,849807000.0,849807000.0,2024-11-11 17:42:55,0.0,0.0009195020635470998,0.05181347150259067,1.0,20.8,제외,23.0,3
부산광역시,창원시,전국 주요 지역,행사/운영용역,5,2071560000.0,414312000.0,2026-04-30 17:04:15,0.003561887800534283,0.0022414544652628538,0.6818181818181818,1.0,30.43,데이터부족,13.4,1
대구광역시,창원시,전국 주요 지역,폐기물/환경,8,509850000.0,63731250.0,2026-04-15 12:32:31,0.006233303650934996,0.0005516642332900162,0.5084745762711864,1.0,27.89,제외,7.1,2
대구광역시,창원시,전국 주요 지역,기타/미분류,3,114980000.0,38326666.666666664,2026-01-06 17:20:22,0.0017809439002671415,0.00012440983336998345,0.189873417721519,1.0,22.92,제외,6.3,3
대전광역시,천안시,전국 주요 지역,차량/운송,4,138276960.0,34569240.0,2026-05-12 18:57:56,0.0026714158504007124,0.00014961744262052414,0.9375,1.0,34.17,데이터부족,6.2,1
충청남도,천안시,전국 주요 지역,IT장비/전산,2,83940000.0,41970000.0,2026-05-11 17:48:15,0.0008904719501335708,9.082415561903297e-05,0.9090909090909091,1.0,33.67,데이터부족,4.5,2
대전광역시,천안시,전국 주요 지역,IT장비/전산,3,187000000.0,62333333.333333336,2026-05-07 12:21:54,0.0017809439002671415,0.00020233639624445037,0.8108108108108107,1.0,32.24,데이터부족,5.3,3
강원특별자치도,철원군,전국 주요 지역,건설/공사,49,22950903900.0,468385793.877551,2026-05-07 09:59:48,0.0427426536064114,0.024833172115928885,0.7894736842105263,0.939,32.95,제외,6.6,1
강원특별자치도,철원군,전국 주요 지역,전문용역/컨설팅,16,1629159000.0,101822437.5,2026-05-07 10:14:53,0.013357079252003561,0.001762770914273864,0.7894736842105263,1.0,32.42,추천,8.8,2
강원특별자치도,철원군,전국 주요 지역,기타/미분류,29,6198570240.0,213743801.37931034,2026-05-06 18:10:06,0.024933214603739984,0.006706932429035818,0.7894736842105263,0.966,32.33,제외,6.3,3
대구광역시,청도군,전국 주요 지역,시설유지보수,11,1034396000.0,94036000.0,2026-04-28 16:56:03,0.008904719501335707,0.001119229726896655,0.6521739130434783,1.0,30.17,추천,7.2,1
경기도,청도군,전국 주요 지역,교육물품/교구,2,175260000.0,87630000.0,2026-01-07 13:17:00,0.0008904719501335708,0.00018963356580642982,0.19108280254777069,1.0,22.91,데이터부족,27.5,2
부산광역시,청도군,전국 주요 지역,폐기물/환경,3,92400000.0,30800000.0,2025-10-21 10:56:21,0.0017809439002671415,9.99779840266696e-05,0.1271186440677966,1.0,21.98,제외,4.3,3
광주광역시,청송군,전국 주요 지역,건설/공사,1,175100000.0,175100000.0,2025-12-29 19:23:27,0.0,0.00018946044375616717,0.18072289156626506,1.0,22.72,제외,28.0,1
광주광역시,청송군,전국 주요 지역,방역/소독,1,130000000.0,130000000.0,2024-07-29 14:42:08,0.0,0.00014066166583838797,0.043859649122807015,1.0,20.66,데이터부족,23.0,2
광주광역시,청송군,전국 주요 지역,행사/운영용역,1,105653500.0,105653500.0,2024-06-18 09:37:58,0.0,0.00011431844085889325,0.04132231404958678,1.0,20.62,데이터부족,21.0,3
충청남도,청양군,전국 주요 지역,건설/공사,40,933487000.0,23337175.0,2026-05-14 10:06:13,0.034728406055209264,0.001010044895834456,0.9677419354838709,1.0,35.93,제외,1.4,1
충청남도,청양군,전국 주요 지역,시설유지보수,22,534144795.0,24279308.863636363,2026-05-14 13:23:52,0.018699910952804988,0.0005779515127969558,1.0,1.0,35.76,추천,1.5,2
대전광역시,청양군,전국 주요 지역,기타/미분류,1,213800000.0,213800000.0,2026-05-12 15:51:57,0.0,0.00023133433966344112,0.9375,1.0,34.07,제외,5.0,3
충청북도,청주시,전국 주요 지역,기타/미분류,49,3417242500.0,69739642.85714285,2026-05-15 09:20:26,0.0427426536064114,0.00369750017402875,1.0,1.0,36.8,제외,9.8,1
충청북도,청주시,전국 주요 지역,행사/운영용역,36,4317173710.0,119921491.94444445,2026-05-14 16:53:10,0.031166518254674976,0.004671237275094567,1.0,1.0,36.36,추천,12.8,2
충청북도,청주시,전국 주요 지역,전문용역/컨설팅,29,2369632000.0,81711448.27586207,2026-05-14 19:07:04,0.024933214603739984,0.002563972188799623,1.0,1.0,36.06,추천,9.9,3
강원특별자치도,춘천시,전국 주요 지역,폐기물/환경,153,85661149350.0,559876793.137255,2026-05-14 09:27:28,0.13535173642030277,0.09268646127078418,0.9677419354838709,1.0,42.25,제외,5.2,1
강원특별자치도,춘천시,전국 주요 지역,시설유지보수,162,33739039244.0,208265674.34567901,2026-05-15 09:36:05,0.1433659839715049,0.03650607279882912,1.0,0.858,38.81,추천,5.7,2
강원특별자치도,춘천시,전국 주요 지역,IT장비/전산,47,11141934090.0,237062427.44680852,2026-05-14 16:19:05,0.04096170970614425,0.01205571545969941,1.0,1.0,36.94,추천,6.5,3
대전광역시,충주시,전국 주요 지역,시설유지보수,69,9935140800.0,143987547.82608697,2026-05-13 08:58:55,0.060552092609082814,0.010749949655899496,0.9375,1.0,36.75,추천,5.4,1
대전광역시,충주시,전국 주요 지역,조경/녹지관리,40,13777771980.0,344444299.5,2026-05-06 17:12:11,0.034728406055209264,0.01490772583267896,0.7894736842105263,1.0,33.6,추천,5.4,2
대전광역시,충주시,전국 주요 지역,폐기물/환경,68,7503530900.0,110346042.64705883,2026-04-30 18:16:01,0.05966162065894924,0.008118916585106297,0.6818181818181818,1.0,32.82,제외,4.9,3
충청남도,충청남도,전국 주요 지역,기타/미분류,200,23425549682.0,117127748.41,2026-05-11 14:15:06,0.1772039180765806,0.025346744934231072,0.9090909090909091,1.0,41.36,제외,7.1,1
충청남도,충청남도,전국 주요 지역,행사/운영용역,172,39553699818.0,229963371.0348837,2026-05-12 14:10:33,0.1522707034728406,0.04279761004978018,0.9375,1.0,41.22,추천,11.3,2
충청남도,충청남도,전국 주요 지역,의료/복지용품,9,1663122000.0,184791333.33333334,2026-05-15 11:08:37,0.007123775601068566,0.0017995193154805497,1.0,1.0,35.33,데이터부족,9.9,3
충청북도,충청북도,전국 주요 지역,기타/미분류,112,8127567537.0,72567567.29464285,2026-05-12 13:55:36,0.09884238646482636,0.00879413222283403,0.9375,1.0,38.24,제외,6.2,1
충청북도,충청북도,전국 주요 지역,행사/운영용역,146,25900231444.0,177398845.50684932,2026-05-07 14:52:35,0.12911843276936777,0.028024382311637206,0.8108108108108107,1.0,38.03,추천,19.8,2
충청북도,충청북도,전국 주요 지역,IT장비/전산,52,8065992184.0,155115234.30769232,2026-05-14 15:01:15,0.04541406945681211,0.008727506901852748,1.0,1.0,37.03,추천,14.7,3
대구광역시,칠곡군,전국 주요 지역,건설/공사,3,133294200.0,44431400.0,2026-01-23 14:08:28,0.0017809439002671415,0.00014422603245073273,0.2127659574468085,1.0,23.27,제외,5.3,1
대구광역시,칠곡군,전국 주요 지역,폐기물/환경,8,794283000.0,99285375.0,2025-06-12 09:41:23,0.006233303650934996,0.00085942438405471,0.08174386920980926,1.0,21.5,제외,6.0,2
대구광역시,칠곡군,전국 주요 지역,조경/녹지관리,4,60811320.0,15202830.0,2024-10-02 17:11:31,0.0026714158504007124,6.5798627484856e-05,0.048465266558966075,1.0,20.84,데이터부족,5.0,3
강원특별자치도,태백시,전국 주요 지역,행사/운영용역,40,9231892800.0,230797320.0,2026-05-14 16:06:14,0.034728406055209264,0.009989026308380153,1.0,1.0,36.64,추천,11.4,1
강원특별자치도,태백시,전국 주요 지역,기타/미분류,36,17154692500.0,476519236.1111111,2026-05-14 13:51:17,0.031166518254674976,0.018561597107656157,1.0,0.972,36.15,제외,7.6,2
강원특별자치도,태백시,전국 주요 지역,폐기물/환경,93,12024401800.0,129294643.0107527,2026-05-06 15:47:32,0.0819234194122885,0.013010556829985467,0.7894736842105263,1.0,35.44,제외,5.6,3
충청남도,태안군,전국 주요 지역,건설/공사,3,516359000.0,172119666.66666666,2026-04-08 16:42:22,0.0017809439002671415,0.0005587070546972629,0.45454545454545453,1.0,26.9,제외,8.7,1
대전광역시,태안군,전국 주요 지역,폐기물/환경,5,1164570000.0,232914000.0,2026-02-24 20:46:45,0.003561887800534283,0.0012600796629647036,0.27522935779816515,1.0,24.3,제외,6.0,2
충청남도,태안군,전국 주요 지역,기타/미분류,3,2829000000.0,943000000.0,2026-01-28 13:28:11,0.0017809439002671415,0.0030610142512061504,0.22058823529411764,1.0,23.46,제외,20.0,3
부산광역시,통영시,전국 주요 지역,건설/공사,17,3846198200.0,226246952.94117647,2026-05-07 11:52:55,0.014247551202137132,0.004161635738127764,0.8108108108108107,1.0,32.84,제외,14.0,1
대전광역시,통영시,전국 주요 지역,건설/공사,15,2001730800.0,133448720.0,2026-04-17 10:21:28,0.012466607301869992,0.002165898376061608,0.5172413793103449,1.0,28.31,제외,5.9,2
부산광역시,통영시,전국 주요 지역,행사/운영용역,2,1468944000.0,734472000.0,2026-04-17 16:09:45,0.0008904719501335708,0.0015894162312561921,0.5263157894736842,1.0,27.97,데이터부족,10.0,3
경기도,파주시,출판/DMZ/신도시,행사/운영용역,55,135748527961.0,2468155053.836364,2026-05-13 10:09:42,0.04808548530721282,0.14688164675464035,0.9375,1.0,39.66,추천,16.9,1
경기도,파주시,출판/DMZ/신도시,폐기물/환경,103,138926542832.0,1348801386.7184465,2026-05-06 16:10:16,0.09082813891362422,0.15032029956859444,0.7894736842105263,0.99,39.03,제외,5.7,2
경기도,파주시,출판/DMZ/신도시,차량/운송,78,16360657800.0,209752023.07692307,2026-05-06 15:30:53,0.06856634016028496,0.017702441387383198,0.7894736842105263,1.0,35.03,추천,6.0,3
강원특별자치도,평창군,전국 주요 지역,기타/미분류,57,120157135005.0,2108019912.368421,2026-05-13 16:05:41,0.04986642920747997,0.13001155978593368,0.9677419354838709,1.0,39.76,제외,10.4,1
강원특별자치도,평창군,전국 주요 지역,폐기물/환경,101,18321518368.0,181401171.96039605,2026-05-14 15:59:17,0.08904719501335707,0.01982411764870387,1.0,1.0,39.06,제외,5.6,2
강원특별자치도,평창군,전국 주요 지역,행사/운영용역,26,7825459728.0,300979220.3076923,2026-05-14 10:50:57,0.02226179875333927,0.008467247702243833,0.9677419354838709,1.0,35.62,추천,12.5,3
경기도,평택시,미군기지/항만/산업,폐기물/환경,123,310099840300.0,2521136913.00813,2026-05-12 17:02:07,0.10863757791629564,0.335532000867816,0.9375,1.0,46.8,제외,6.6,1
경기도,평택시,미군기지/항만/산업,행사/운영용역,71,15620789369.0,220011117.87323943,2026-05-13 16:08:17,0.06233303650934995,0.01690189426426247,0.9677419354838709,1.0,37.43,추천,41037.8,2
경기도,평택시,미군기지/항만/산업,시설유지보수,47,4152053890.0,88341572.12765957,2026-05-13 13:44:09,0.04096170970614425,0.004492575513985838,0.9677419354838709,1.0,36.27,추천,3.4,3
경기도,포천시,전국 주요 지역,폐기물/환경,79,8669942690.0,109746110.0,2026-05-14 14:42:03,0.06945681211041853,0.009380989088451957,1.0,1.0,38.01,제외,5.1,1
경기도,포천시,전국 주요 지역,기타/미분류,31,120686447601.0,3893111212.935484,2026-05-12 11:02:51,0.026714158504007122,0.13058428279749215,0.9090909090909091,1.0,37.97,제외,11.7,2
경기도,포천시,전국 주요 지역,행사/운영용역,35,4704629530.0,134417986.57142857,2026-05-12 20:15:16,0.030276046304541407,0.005090469437248248,0.9375,1.0,35.4,추천,9.3,3
부산광역시,포항시,전국 주요 지역,폐기물/환경,95,4085090820.0,43000956.0,2026-05-12 09:47:54,0.08370436331255565,0.0044201206141715865,0.9090909090909091,1.0,37.1,제외,5.3,1
부산광역시,포항시,전국 주요 지역,시설유지보수,68,7420100000.0,109119117.64705883,2026-04-30 13:58:30,0.05966162065894924,0.008028643282210942,0.6818181818181818,1.0,32.81,추천,7.5,2
인천광역시,포항시,전국 주요 지역,건설/공사,6,5957200000.0,992866666.6666666,2026-04-21 09:08:14,0.004452359750667854,0.006445766736403421,0.5555555555555556,1.0,28.67,제외,16.5,3
광주광역시,하남시,전국 주요 지역,행사/운영용역,42,6628434500.0,157819869.04761904,2026-05-14 10:51:07,0.0365093499554764,0.007172051066697248,0.9677419354838709,1.0,36.16,추천,18.3,1
경기도,하남시,전국 주요 지역,기타/미분류,16,3716352000.0,232272000.0,2026-05-11 13:55:45,0.013357079252003561,0.004021140485860191,0.9090909090909091,1.0,34.27,제외,10.1,2
광주광역시,하남시,전국 주요 지역,폐기물/환경,41,3931557000.0,95891634.14634146,2026-04-28 09:44:55,0.03561887800534283,0.004253995053527501,0.6382978723404256,1.0,31.11,제외,6.2,3
충청남도,하동군,전국 주요 지역,시설유지보수,2,160837001.0,80418500.5,2026-01-29 10:10:12,0.0008904719501335708,0.00017402769607008055,0.22058823529411764,1.0,23.35,데이터부족,3.5,1
충청남도,하동군,전국 주요 지역,폐기물/환경,1,94200000.0,94200000.0,2026-01-19 13:06:29,0.0,0.00010192560709212421,0.2068965517241379,1.0,23.11,제외,3.0,2
울산광역시,하동군,전국 주요 지역,폐기물/환경,2,104333000.0,52166500.0,2025-11-20 11:13:33,0.0008904719501335708,0.00011288964293781948,0.14634146341463417,1.0,22.23,제외,2.0,3
부산광역시,함안군,전국 주요 지역,시설유지보수,2,216380000.0,108190000.0,2026-04-29 17:57:01,0.0008904719501335708,0.00023412593272392607,0.6666666666666666,1.0,30.04,데이터부족,6.0,1
부산광역시,함안군,전국 주요 지역,폐기물/환경,4,569127800.0,142281950.0,2026-04-21 14:43:25,0.0026714158504007124,0.00061580357248413,0.5660377358490566,1.0,28.61,제외,7.5,2
부산광역시,함안군,전국 주요 지역,기타/미분류,3,242420000.0,80806666.66666667,2025-08-29 13:39:12,0.0017809439002671415,0.0002623015464041693,0.10416666666666667,1.0,21.64,제외,5.3,3
부산광역시,함양군,전국 주요 지역,행사/운영용역,8,1099438160.0,137429770.0,2026-05-14 13:21:33,0.006233303650934996,0.0011896061774760932,1.0,1.0,35.28,데이터부족,11.6,1
경기도,함양군,전국 주요 지역,교육물품/교구,1,91600000.0,91600000.0,2026-01-06 11:15:37,0.0,9.911237377535645e-05,0.189873417721519,1.0,22.85,데이터부족,30.0,2
대구광역시,함양군,전국 주요 지역,행사/운영용역,1,22000000.0,22000000.0,2025-11-04 17:21:41,0.0,2.380428191111181e-05,0.13574660633484165,1.0,22.04,데이터부족,6.0,3
광주광역시,함평군,전국 주요 지역,건설/공사,1,28800000.0,28800000.0,2026-02-24 10:45:26,0.0,3.116196904727364e-05,0.27272727272727276,1.0,24.09,제외,7.0,1
광주광역시,함평군,전국 주요 지역,폐기물/환경,12,701650960.0,58470913.333333336,2025-10-31 14:57:00,0.009795191451469279,0.0007591953297746471,0.13333333333333333,1.0,22.41,제외,5.2,2
광주광역시,함평군,전국 주요 지역,시설유지보수,1,209000000.0,209000000.0,2024-11-27 17:56:26,0.0,0.0002261406781555622,0.05328596802841919,0.0,0.8,데이터부족,5.0,3
부산광역시,합천군,전국 주요 지역,폐기물/환경,1,10953000.0,10953000.0,2024-09-30 10:20:42,0.0,1.1851286353291257e-05,0.04823151125401929,1.0,20.72,제외,8.0,1
부산광역시,합천군,전국 주요 지역,건설/공사,1,32785000.0,32785000.0,2024-07-19 10:20:15,0.0,3.5473790111627306e-05,0.043165467625899276,1.0,20.65,제외,6.0,2
광주광역시,해남군,전국 주요 지역,조경/녹지관리,2,778360000.0,389180000.0,2025-09-23 14:55:31,0.0008904719501335708,0.0008421954940151359,0.1140684410646388,1.0,21.77,데이터부족,13.5,1
광주광역시,해남군,전국 주요 지역,폐기물/환경,2,73690000.0,36845000.0,2024-09-03 10:32:07,0.0008904719501335708,7.973352427408315e-05,0.046224961479198766,1.0,20.73,제외,5.5,2
부산광역시,해운대구,관광/해변/고소득,건설/공사,38,3281037000.0,86343078.94736843,2026-05-13 19:51:33,0.03294746215494212,0.003550124077672207,0.9677419354838709,1.0,35.92,제외,5.8,1
대구광역시,해운대구,관광/해변/고소득,폐기물/환경,65,200984630960.0,3092071245.5384617,2026-04-16 17:46:56,0.05699020480854853,0.21746794614420958,0.5172413793103449,1.0,35.47,제외,11.0,2
부산광역시,해운대구,관광/해변/고소득,급수/전기/설비,35,1081931000.0,30912314.285714287,2026-05-12 19:50:11,0.030276046304541407,0.0011706632060168687,0.9375,1.0,35.3,추천,5.0,3
대전광역시,홍성군,전국 주요 지역,차량/운송,8,777855840.0,97231980.0,2026-05-04 16:25:03,0.006233303650934996,0.0008416499864347583,0.75,1.0,31.52,데이터부족,13.2,1
대전광역시,홍성군,전국 주요 지역,폐기물/환경,21,885067900.0,42146090.47619048,2026-04-28 14:03:27,0.017809439002671415,0.0009576548091852599,0.6521739130434783,1.0,30.52,제외,6.7,2
충청남도,홍성군,전국 주요 지역,시설유지보수,10,71142969.0,7114296.9,2026-04-29 09:17:10,0.008014247551202136,7.697760409406765e-05,0.6521739130434783,1.0,30.11,추천,0.4,3
강원특별자치도,홍천군,전국 주요 지역,폐기물/환경,123,65546248500.0,532896329.26829267,2026-05-13 10:26:57,0.10863757791629564,0.07092188079589953,0.9375,1.0,40.18,제외,6.5,1
강원특별자치도,홍천군,전국 주요 지역,건설/공사,92,30258643000.0,328898293.4782609,2026-05-14 13:52:17,0.08103294746215495,0.03274023946453136,1.0,0.967,38.4,제외,11.2,2
강원특별자치도,홍천군,전국 주요 지역,기타/미분류,54,9206950490.0,170499083.14814815,2026-05-12 14:59:36,0.04719501335707925,0.009962038409345864,0.9375,1.0,36.2,제외,6.5,3
경기도,화성시,산업단지/신도시,청소/환경미화,116,924203472390.0,7967271313.706897,2026-01-28 09:56:49,0.10240427426536064,1.0,0.21897810218978103,1.0,52.38,추천,18.7,1
경기도,화성시,산업단지/신도시,폐기물/환경,178,25417909159.0,142797242.46629214,2026-05-13 16:02:14,0.15761353517364202,0.027502503418721222,0.9677419354838709,1.0,41.51,제외,4.6,2
경기도,화성시,산업단지/신도시,기타/미분류,62,128001033691.0,2064532801.467742,2026-05-11 13:13:37,0.05431878895814782,0.13849875867701295,0.9090909090909091,1.0,39.27,제외,7.1,3
광주광역시,화순군,전국 주요 지역,폐기물/환경,15,837496000.0,55833066.666666664,2026-04-01 17:41:33,0.012466607301869992,0.0009061814037922044,0.410958904109589,1.0,26.69,제외,5.2,1
광주광역시,화순군,전국 주요 지역,급수/전기/설비,4,832480000.0,208120000.0,2026-02-20 15:12:56,0.0026714158504007124,0.0009007540275164709,0.26548672566371684,1.0,24.11,데이터부족,5.0,2
광주광역시,화순군,전국 주요 지역,시설유지보수,11,2058970000.0,187179090.9090909,2026-04-03 16:07:09,0.008904719501335707,0.002227831923932813,0.4225352112676056,0.818,23.11,추천,5.1,3
강원특별자치도,화천군,전국 주요 지역,차량/운송,70,9102855470.0,130040792.42857143,2026-05-12 13:41:44,0.06144256455921639,0.009849406263817554,0.9375,1.0,36.77,추천,5.8,1
강원특별자치도,화천군,전국 주요 지역,시설유지보수,51,21948899785.0,430370584.01960784,2026-05-13 14:04:32,0.04452359750667854,0.023748990823676427,0.9677419354838709,0.98,36.49,추천,6.6,2
강원특별자치도,화천군,전국 주요 지역,행사/운영용역,12,1111326750.0,92610562.5,2026-05-14 09:23:40,0.009795191451469279,0.0012024697841981672,0.9677419354838709,1.0,34.94,추천,7.7,3
강원특별자치도,횡성군,전국 주요 지역,폐기물/환경,113,35392322120.0,313206390.4424779,2026-05-14 11:44:37,0.09973285841495994,0.03829494605606174,1.0,1.0,39.95,제외,5.6,1
강원특별자치도,횡성군,전국 주요 지역,기타/미분류,26,8913518245.0,342827624.8076923,2026-05-11 13:25:32,0.02226179875333927,0.009644540960173573,0.9090909090909091,1.0,34.77,제외,10.5,2
강원특별자치도,횡성군,전국 주요 지역,건설/공사,33,9171237196.0,277916278.6666667,2026-05-11 15:46:12,0.028495102404274265,0.009923396167602664,0.9090909090909091,0.97,34.42,제외,14.5,3
