school_name,city
옥과고등학교,전라남도
자유고등학교,전라북도
남녕고등학교,제주특별자치도
동암고등학교,전라북도
호남제일고등학교,전라북도
부안여자고등학교,전라북도
신성여자고등학교,제주특별자치도
정일초등학교,전라북도
오현고등학교,제주특별자치도
배영고등학교,전라북도
만경여자고등학교,전라북도
전주신흥고등학교,전라북도
고창북고등학교,전라북도
영흥고등학교,전라남도
강호항공고등학교,전라북도
순창고등학교,전라북도
인상고등학교,전라북도
소성초등학교,전라북도
고창고등학교,전라북도
만경고등학교,전라북도
태인고등학교,전라북도
종정초등학교,전라북도
덕암정보고등학교,전라북도
목포여자고등학교,전라남도
화천고등학교,강원특별자치도
정읍여자고등학교,전라북도
신태인초등학교,전라북도
목포덕인고등학교,전라남도
환일고등학교,서울특별시
김제여자고등학교,전라북도
낭주중학교,전라북도
광양제철초등학교,전라남도
남원여자고등학교,전라북도
목포혜인여자고등학교,전라남도
삼일공업고등학교,경기도
동암차돌학교,전라북도
김제고등학교,전라북도
김제농생명마이스터고등학교,전라북도
신태인고등학교,전라북도
남원용성중학교,전라북도
이평초등학교,전라북도
정읍서초등학교,전라북도
해남공업고등학교,전라남도
순천금당고등학교,전라남도
영암여자고등학교,전라남도
지평선중학교,전라북도
광양여자고등학교,전라남도
순천여자고등학교,전라남도
삼호고등학교,전라남도
목포홍일고등학교,전라남도
전주솔내고등학교,전라북도
고창북중학교,전라북도
순천제일고등학교,전라남도
목포청호중학교,전라남도
왕신여자고등학교,전라북도
전주한일고등학교,전라북도
호남고등학교,전라북도
브니엘고등학교,부산광역시
부안고등학교,전라북도
서영여자고등학교,전라북도
군산서흥중학교,전라북도
남원하늘중학교,전라북도
순천강남여자고등학교,전라남도
목상고등학교,전라남도
구례중앙초등학교,전라남도
휘문고등학교,서울특별시
서일여자고등학교,대전광역시
한밭초등학교,대전광역시
비룡초등학교,경기도
전주중학교,전라북도
정읍중학교,전라북도
광양백운고등학교,전라남도
목포고등학교,전라남도
목포공업고등학교,전라남도
목포여자상업고등학교,전라남도
목포정명여자고등학교,전라남도
문태고등학교,전라남도
한국항만물류고등학교,전라남도
강진중앙초등학교,전라남도
중마고등학교,전라남도
남성고등학교,전라북도
남원고등학교,전라북도
배명고등학교,서울특별시
강릉명륜고등학교,강원특별자치도
군산상일고등학교,전라북도
군산여자고등학교,전라북도
덕암고등학교,전라북도
글로벌학산고등학교,전라북도
김제초등학교,전라북도
정읍남초등학교,전라북도
목포제일여자고등학교,전라남도
순천매산고등학교,전라남도
목포신흥초등학교,전라남도
해남제일중학교,전라남도
화순초등학교,전라남도
백산고등학교,전라북도
전주고등학교,전라북도
군산제일중학교,전라북도
서라벌고등학교,서울특별시
대덕고등학교,대전광역시
한밭고등학교,대전광역시
군산중앙고등학교,전라북도
군산중앙여자고등학교,전라북도
남원제일고등학교,전라북도
전일고등학교,전라북도
전주공업고등학교,전라북도
전주영생고등학교,전라북도
한국기술부사관고등학교,전라북도
군산신흥초등학교,전라북도
난산초등학교,전라북도
전주송천초등학교,전라북도
나주공업고등학교,전라남도
순천고등학교,전라남도
해남서초등학교,전라남도
목포항도초등학교,전라남도
남악초등학교,전라남도
순천복성고등학교,전라남도
전주효천초등학교,전라북도
경문고등학교,서울특별시
숭의여자고등학교,서울특별시
용산철도고등학교,서울특별시
우송고등학교,대전광역시
강릉중앙고등학교,강원특별자치도
서림고등학교,전라북도
전주근영여자고등학교,전라북도
전주여자고등학교,전라북도
정읍제일고등학교,전라북도
군산중앙초등학교,전라북도
군산초등학교,전라북도
봉남초등학교,전라북도
정읍북초등학교,전라북도
전주제일고등학교,전라북도
광양하이텍고등학교,전라남도
순천매산여자고등학교,전라남도
해남중학교,전라남도
목포석현초등학교,전라남도
전주양현중학교,전라북도
용하중학교,강원특별자치도
대일외국어고등학교,서울특별시
목포옥암초등학교,전라남도
은광여자고등학교,서울특별시
수도전기공업고등학교,서울특별시
휘문중학교,서울특별시
이사벨고등학교,부산광역시
미추홀외국어고등학교,인천광역시
강릉고등학교,강원특별자치도
전주대학교사범대학부설고등학교,전라북도
원광고등학교,전라북도
전라고등학교,전라북도
김제중앙중학교,전라북도
만경초등학교,전라북도
진봉초등학교,전라북도
전주용흥초등학교,전라북도
전주전라초등학교,전라북도
전주지곡초등학교,전라북도
전주효림초등학교,전라북도
전주우림초등학교,전라북도
순천청암고등학교,전라남도
해남고등학교,전라남도
구례여자중학교,전라남도
목포대성초등학교,전라남도
군산아리울초등학교,전라북도
곡성중학교,전라남도
압구정고등학교,서울특별시
동덕여자고등학교,서울특별시
중경고등학교,서울특별시
중동고등학교,서울특별시
군산고등학교,전라북도
군산제일고등학교,전라북도
남원국악예술고등학교,전라북도
수소에너지고등학교,전라북도
유일여자고등학교,전라북도
이리공업고등학교,전라북도
이일여자고등학교,전라북도
익산고등학교,전라북도
전주성심여자고등학교,전라북도
군산남중학교,전라북도
군산산북초등학교,전라북도
김제검산초등학교,전라북도
행안초등학교,전라북도
이리고현초등학교,전라북도
이리남창초등학교,전라북도
이리북초등학교,전라북도
정우초등학교,전라북도
군산동원중학교,전라북도
정읍초등학교,전라북도
전주오송초등학교,전라북도
순천효산고등학교,전라남도
여양고등학교,전라남도
목포정명여자중학교,전라남도
목포동초등학교,전라남도
화순만연초등학교,전라남도
목포용해초등학교,전라남도
인화초등학교,제주특별자치도
군산금빛초등학교,전라북도
덕원여자고등학교,서울특별시
전주중앙여자고등학교,전라북도
강진고등학교,전라남도
능주고등학교,전라남도
목포백련초등학교,전라남도
염광고등학교,서울특별시
용산고등학교,서울특별시
진선여자고등학교,서울특별시
고명외식고등학교,서울특별시
염광메디텍고등학교,서울특별시
보인중학교,서울특별시
대명여자고등학교,부산광역시
계룡디지텍고등학교,대전광역시
대덕소프트웨어마이스터고등학교,대전광역시
중일고등학교,대전광역시
고양외국어고등학교,경기도
세마고등학교,경기도
경포고등학교,강원특별자치도
속초여자고등학교,강원특별자치도
군산영광여자고등학교,전라북도
순창제일고등학교,전라북도
이리고등학교,전라북도
정읍고등학교,전라북도
군산진포중학교,전라북도
김제중학교,전라북도
김제동초등학교,전라북도
김제중앙초등학교,전라북도
이리북일초등학교,전라북도
이리신동초등학교,전라북도
전주덕일중학교,전라북도
전주호성중학교,전라북도
전주기린초등학교,전라북도
전주만성초등학교,전라북도
전주북초등학교,전라북도
전주삼천초등학교,전라북도
전주서신초등학교,전라북도
전주인봉초등학교,전라북도
전주화산초등학교,전라북도
샘고을중학교,전라북도
내장초등학교,전라북도
정읍동초등학교,전라북도
전주용흥중학교,전라북도
전주만수초등학교,전라북도
나주상업고등학교,전라남도
순천공업고등학교,전라남도
순천효천고등학교,전라남도
강진중학교,전라남도
구례북초등학교,전라남도
목포서해초등학교,전라남도
고양국제고등학교,경기도
전주자연초등학교,전라북도
배정고등학교,부산광역시
성원고등학교,전라북도
양현고등학교,전라북도
장성고등학교,전라남도
건국대학교사범대학부속고등학교,서울특별시
상명고등학교,서울특별시
청량고등학교,서울특별시
청원여자고등학교,서울특별시
서일문화예술고등학교,서울특별시
신서고등학교,서울특별시
동아고등학교,부산광역시
주양초등학교,부산광역시
청란여자고등학교,대전광역시
행신고등학교,경기도
완산여자고등학교,전라북도
원광보건고등학교,전라북도
전주기전여자고등학교,전라북도
군산구암초등학교,전라북도
동국대학교사범대학부속금산중학교,전라북도
전주신일중학교,전라북도
전주덕진초등학교,전라북도
전주동신초등학교,전라북도
전주인후초등학교,전라북도
전주풍남초등학교,전라북도
정읍수성초등학교,전라북도
전주은화학교,전라북도
전주용소초등학교,전라북도
강진여자중학교,전라남도
광영초등학교,전라남도
목포이로초등학교,전라남도
목포애향초등학교,전라남도
순천팔마고등학교,전라남도
전주교육대학교군산부설초등학교,전라북도
오룡초등학교,전라남도
전주온빛중학교,전라북도
목포부주초등학교,전라남도
전주새연초등학교,전라북도
대연고등학교,부산광역시
완산고등학교,전라북도
녹동고등학교,전라남도
창평고등학교,전라남도
영동일고등학교,서울특별시
대경생활과학고등학교,서울특별시
세일고등학교,인천광역시
진건고등학교,경기도
속초해랑중학교,강원특별자치도
군산동고등학교,전라북도
군산여자상업고등학교,전라북도
전주해성고등학교,전라북도
군산서해초등학교,전라북도
군산수송초등학교,전라북도
당북초등학교,전라북도
한들중학교,전라북도
이리북중학교,전라북도
이리모현초등학교,전라북도
이리부천초등학교,전라북도
익산초등학교,전라북도
서전주중학교,전라북도
전주서신중학교,전라북도
전주금암초등학교,전라북도
전주반월초등학교,전라북도
전주장동초등학교,전라북도
전주효문초등학교,전라북도
전주효자초등학교,전라북도
정일중학교,전라북도
전주용와초등학교,전라북도
순천미래과학고등학교,전라남도
녹동중학교,전라남도
목포유달중학교,전라남도
목포제일중학교,전라남도
목포항도여자중학교,전라남도
목포용호초등학교,전라남도
여도중학교,전라남도
목포옥암중학교,전라남도
남악중학교,전라남도
목포애향중학교,전라남도
목포영산초등학교,전라남도
전주온빛초등학교,전라북도
전주하가초등학교,전라북도
익산가온초등학교,전라북도
무안행복초등학교,전라남도
이리남성여자고등학교,전라북도
언남고등학교,서울특별시
광양중진초등학교,전라남도
매성고등학교,전라남도
오류고등학교,서울특별시
한가람고등학교,서울특별시
인덕과학기술고등학교,서울특별시
기장고등학교,부산광역시
브니엘예술고등학교,부산광역시
호평고등학교,경기도
설온중학교,강원특별자치도
우석고등학교,전라북도
원광여자고등학교,전라북도
전주생명과학고등학교,전라북도
진경여자고등학교,전라북도
군산중학교,전라북도
군산동초등학교,전라북도
군산월명초등학교,전라북도
남원한빛중학교,전라북도
원광여자중학교,전라북도
이리남중학교,전라북도
이리영등중학교,전라북도
익산지원중학교,전라북도
이리동남초등학교,전라북도
이리동북초등학교,전라북도
이리부송초등학교,전라북도
익산어양초등학교,전라북도
이리영등초등학교,전라북도
전주기린중학교,전라북도
전라중학교,전라북도
전주동중학교,전라북도
전주풍남중학교,전라북도
전주금평초등학교,전라북도
전주삼천남초등학교,전라북도
전주신동초등학교,전라북도
전주아중초등학교,전라북도
전주양지초등학교,전라북도
전주한들초등학교,전라북도
전주평화중학교,전라북도
익산어양중학교,전라북도
익산부송중학교,전라북도
익산한벌초등학교,전라북도
목포한빛초등학교,전라남도
순천세빛중학교,전라남도
순천남산초등학교,전라남도
목포하당중학교,전라남도
순천왕운초등학교,전라남도
전주오송중학교,전라북도
전주화정초등학교,전라북도
전주양현초등학교,전라북도
전주만성중학교,전라북도
함열여자고등학교,전라북도
동인고등학교,부산광역시
도초고등학교,전라남도
강서고등학교,서울특별시
둔촌고등학교,서울특별시
마포고등학교,서울특별시
은평메디텍고등학교,서울특별시
혜성여자고등학교,서울특별시
한성과학고등학교,서울특별시
예일디자인고등학교,서울특별시
개원중학교,서울특별시
구룡중학교,서울특별시
건국고등학교,부산광역시
사직여자고등학교,부산광역시
금명여자고등학교,부산광역시
명호고등학교,부산광역시
백양고등학교,경기도
병점고등학교,경기도
신길고등학교,경기도
강일여자고등학교,강원특별자치도
동해광희고등학교,강원특별자치도
영랑초등학교,강원특별자치도
군산기계공업고등학교,전라북도
이리여자고등학교,전라북도
군산산북중학교,전라북도
부안동초등학교,전라북도
창북초등학교,전라북도
원광중학교,전라북도
이리백제초등학교,전라북도
이리송학초등학교,전라북도
이리초등학교,전라북도
전주덕진중학교,전라북도
전주솔빛중학교,전라북도
전주양지중학교,전라북도
전주완산서초등학교,전라북도
전주우전초등학교,전라북도
전주중산초등학교,전라북도
전주중앙초등학교,전라북도
전주선화학교,전라북도
익산궁동초등학교,전라북도
전주여울초등학교,전라북도
전주아중중학교,전라북도
전주대정초등학교,전라북도
군산금강중학교,전라북도
익산부천중학교,전라북도
구례고등학교,전라남도
목포마리아회고등학교,전라남도
함평고등학교,전라남도
목포중앙여자중학교,전라남도
목포서부초등학교,전라남도
목포하당초등학교,전라남도
순천이수중학교,전라남도
목포미항초등학교,전라남도
정관고등학교,부산광역시
부곡고등학교,경기도
전주우림중학교,전라북도
다솜학교,전라북도
군산미장초등학교,전라북도
광양와우초등학교,전라남도
우신중학교,서울특별시
광양마동초등학교,전라남도
광양백운초등학교,전라남도
경복여자고등학교,서울특별시
관악고등학교,서울특별시
상문고등학교,서울특별시
수도여자고등학교,서울특별시
양재고등학교,서울특별시
동양고등학교,서울특별시
유한공업고등학교,서울특별시
방배중학교,서울특별시
수서중학교,서울특별시
예일초등학교,서울특별시
남성여자고등학교,부산광역시
산정초등학교,광주광역시
문정여자고등학교,광주광역시
고잔고등학교,경기도
송림고등학교,경기도
여강고등학교,경기도
분당영덕여자고등학교,경기도
풍생중학교,경기도
매홀중학교,경기도
성포고등학교,경기도
강릉제일고등학교,강원특별자치도
북평고등학교,강원특별자치도
속초고등학교,강원특별자치도
강릉해람중학교,강원특별자치도
노암초등학교,강원특별자치도
사내초등학교,강원특별자치도
강릉오성학교,강원특별자치도
속초청해학교,강원특별자치도
한국전통문화고등학교,전라북도
남원교룡초등학교,전라북도
남원월락초등학교,전라북도
순창중앙초등학교,전라북도
이리동산초등학교,전라북도
이리동초등학교,전라북도
이리마한초등학교,전라북도
이리서초등학교,전라북도
이리팔봉초등학교,전라북도
전주우아중학교,전라북도
전주기전중학교,전라북도
전주서중학교,전라북도
전주서문초등학교,전라북도
전주서일초등학교,전라북도
전주송북초등학교,전라북도
전주신성초등학교,전라북도
전주완산초등학교,전라북도
전주용덕초등학교,전라북도
전주전일초등학교,전라북도
전주초등학교,전라북도
전주평화초등학교,전라북도
전주서곡중학교,전라북도
군산진포초등학교,전라북도
군산동산중학교,전라북도
익산옥야초등학교,전라북도
목포중앙고등학교,전라남도
삼계부사관고등학교,전라남도
광양중마초등학교,전라남도
목포대연초등학교,전라남도
목포삼학초등학교,전라남도
목포상동초등학교,전라남도
목포청호초등학교,전라남도
순천금당중학교,전라남도
순천연향중학교,전라남도
순천조례초등학교,전라남도
영암초등학교,전라남도
대기고등학교,제주특별자치도
동패고등학교,경기도
저현고등학교,경기도
전주유화학교,전라북도
한울학교,전라북도
군산푸른솔초등학교,전라북도
오룡중학교,전라남도
전주홍산초등학교,전라북도
군산용문초등학교,전라북도
다선초등학교,부산광역시
숭덕고등학교,광주광역시
동국대학교사범대학부속가람고등학교,서울특별시
반포고등학교,서울특별시
영등포여자고등학교,서울특별시
혜원여자고등학교,서울특별시
북악중학교,서울특별시
양운고등학교,부산광역시
금호중앙여자고등학교,광주광역시
서강고등학교,광주광역시
안중고등학교,경기도
인제초등학교,강원특별자치도
회현초등학교,전라북도
전주덕일초등학교,전라북도
전주서천초등학교,전라북도
전주진북초등학교,전라북도
전주초포초등학교,전라북도
전주문학초등학교,전라북도
여수석유화학고등학교,전라남도
영암고등학교,전라남도
해룡고등학교,전라남도
광양마로초등학교,전라남도
목포부영초등학교,전라남도
목포산정초등학교,전라남도
목포연산초등학교,전라남도
순천남산중학교,전라남도
순천매산중학교,전라남도
순천신흥초등학교,전라남도
순천용당초등학교,전라남도
매안초등학교,전라남도
광양용강중학교,전라남도
빛누리초등학교,전라남도
전주화정중학교,전라북도
성일여자고등학교,부산광역시
장유고등학교,경상남도
김해모산초등학교,경상남도
배문고등학교,서울특별시
용화여자고등학교,서울특별시
미림마이스터고등학교,서울특별시
등명중학교,서울특별시
다대고등학교,부산광역시
덕문여자고등학교,부산광역시
해운대고등학교,부산광역시
월서중학교,대구광역시
인명여자고등학교,인천광역시
살레시오고등학교,광주광역시
문산수억고등학교,경기도
성보경영고등학교,경기도
동광고등학교,경기도
강릉문성고등학교,강원특별자치도
강릉여자고등학교,강원특별자치도
북평여자고등학교,강원특별자치도
군산경포초등학교,전라북도
이리동중학교,전라북도
전주남초등학교,전라북도
전주송원초등학교,전라북도
전주조촌초등학교,전라북도
고부초등학교,전라북도
고흥고등학교,전라남도
여수공업고등학교,전라남도
문향고등학교,전라남도
광양골약중학교,전라남도
광양가야초등학교,전라남도
광양중동초등학교,전라남도
광양중앙초등학교,전라남도
성황초등학교,전라남도
순천남초등학교,전라남도
순천성동초등학교,전라남도
순천율산초등학교,전라남도
순천풍덕중학교,전라남도
광양백운중학교,전라남도
전주서곡초등학교,전라북도
여고초등학교,부산광역시
중현초등학교,부산광역시
정관초등학교,부산광역시
센텀초등학교,부산광역시
명신여자고등학교,인천광역시
여수중앙여자고등학교,전라남도
진영금병초등학교,경상남도
녹산초등학교,부산광역시
가락고등학교,서울특별시
문일고등학교,서울특별시
이화여자고등학교,서울특별시
잠실고등학교,서울특별시
진명여자고등학교,서울특별시
신진과학기술고등학교,서울특별시
잠실여자중학교,서울특별시
하나고등학교,서울특별시
세연고등학교,부산광역시
해동고등학교,부산광역시
몰운대초등학교,부산광역시
본촌초등학교,광주광역시
장덕고등학교,광주광역시
장덕중학교,광주광역시
동아마이스터고등학교,대전광역시
호수돈여자고등학교,대전광역시
신탄진용정초등학교,대전광역시
갈마중학교,대전광역시
낙생고등학교,경기도
불곡고등학교,경기도
태원고등학교,경기도
풍생고등학교,경기도
한광여자고등학교,경기도
발곡고등학교,경기도
사내고등학교,강원특별자치도
소야초등학교,강원특별자치도
한별고등학교,전라북도
남원용성초등학교,전라북도
전주남중학교,전라북도
전주중앙중학교,전라북도
전주북일초등학교,전라북도
전주서원초등학교,전라북도
군산명화학교,전라북도
옥과초등학교,전라남도
희양중학교,전라남도
동광양중학교,전라남도
옥룡초등학교,전라남도
순천삼산중학교,전라남도
순천승평중학교,전라남도
순천도사초등학교,전라남도
여도초등학교,전라남도
홍농초등학교,전라남도
대불초등학교,전라남도
덕수학교,전라남도
광양용강초등학교,전라남도
광양칠성초등학교,전라남도
여수충무고등학교,전라남도
남악고등학교,전라남도
순천풍덕초등학교,전라남도
한일여자고등학교,경상남도
동원고등학교,경상남도
좌야초등학교,전라남도
동탄중앙고등학교,경기도
온천중학교,부산광역시
부암초등학교,부산광역시
국제고등학교,광주광역시
목포연동초등학교,전라남도
안청초등학교,경상남도
일광초등학교,부산광역시
단국대학교사범대학부속고등학교,서울특별시
보성여자고등학교,서울특별시
선덕고등학교,서울특별시
영파여자고등학교,서울특별시
태릉고등학교,서울특별시
거원중학교,서울특별시
문일중학교,서울특별시
선일여자중학교,서울특별시
이화여자대학교사범대학부속초등학교,서울특별시
광진중학교,서울특별시
경혜여자고등학교,부산광역시
사직고등학교,부산광역시
예문여자고등학교,부산광역시
주례여자고등학교,부산광역시
학산여자고등학교,부산광역시
광안초등학교,부산광역시
교리초등학교,부산광역시
설월여자고등학교,광주광역시
대자초등학교,광주광역시
수완중학교,광주광역시
오정중학교,대전광역시
학하초등학교,대전광역시
계원예술고등학교,경기도
분당대진고등학교,경기도
분당중앙고등학교,경기도
성남여자고등학교,경기도
수지고등학교,경기도
안산강서고등학교,경기도
은혜고등학교,경기도
주엽고등학교,경기도
화정고등학교,경기도
효성고등학교,경기도
늘푸른고등학교,경기도
도농고등학교,경기도
경포초등학교,강원특별자치도
군산월명중학교,전라북도
군산신풍초등학교,전라북도
전주우전중학교,전라북도
전주동북초등학교,전라북도
전주동초등학교,전라북도
백제고등학교,전라남도
화순고등학교,전라남도
광양중동중학교,전라남도
광영중학교,전라남도
광양덕례초등학교,전라남도
광양동초등학교,전라남도
광양서초등학교,전라남도
순천팔마중학교,전라남도
순천대석초등학교,전라남도
순천부영초등학교,전라남도
순천비봉초등학교,전라남도
순천삼산초등학교,전라남도
순천성남초등학교,전라남도
순천연향초등학교,전라남도
순천왕지초등학교,전라남도
성지여자고등학교,경상남도
효암고등학교,경상남도
김해분성여자고등학교,경상남도
삼정자초등학교,경상남도
한라초등학교,제주특별자치도
전주교육대학교전주부설초등학교,전라북도
용소초등학교,부산광역시
초월고등학교,경기도
동탄국제고등학교,경기도
순천왕운중학교,전라남도
김해수남고등학교,경상남도
태전고등학교,경기도
해누리중학교,서울특별시
한국창의예술고등학교,전라남도
광양햇살학교,전라남도
진위고등학교,경기도
문지초등학교,대전광역시
경복고등학교,서울특별시
양천고등학교,서울특별시
이화여자대학교사범대학부속이화금란고등학교,서울특별시
한서고등학교,서울특별시
광운인공지능고등학교,서울특별시
일신여자상업고등학교,서울특별시
대동세무고등학교,서울특별시
대왕중학교,서울특별시
신서중학교,서울특별시
삼선중학교,서울특별시
리라초등학교,서울특별시
수명고등학교,서울특별시
부경고등학교,부산광역시
화명고등학교,부산광역시
개림초등학교,부산광역시
연지초등학교,부산광역시
부흥초등학교,부산광역시
신재초등학교,부산광역시
해강중학교,부산광역시
해강고등학교,부산광역시
센텀중학교,부산광역시
센텀고등학교,부산광역시
명호중학교,부산광역시
달구벌고등학교,대구광역시
대광여자고등학교,광주광역시
송원여자고등학교,광주광역시
조선대학교부속고등학교,광주광역시
조선대학교여자고등학교,광주광역시
신가중학교,광주광역시
명석고등학교,대전광역시
유성생명과학고등학교,대전광역시
덕송초등학교,대전광역시
김포고등학교,경기도
백신고등학교,경기도
서현고등학교,경기도
안산국제비즈니스고등학교,경기도
야탑고등학교,경기도
이매고등학교,경기도
호원고등학교,경기도
효양고등학교,경기도
청심국제고등학교,경기도
상원고등학교,경기도
효자고등학교,경기도
동탄고등학교,경기도
보평고등학교,경기도
운중고등학교,경기도
정선고등학교,강원특별자치도
금산고등학교,충청남도
군산풍문초등학교,전라북도
군산흥남초등학교,전라북도
순창중학교,전라북도
전주신흥중학교,전라북도
전주효문중학교,전라북도
담양공업고등학교,전라남도
여수고등학교,전라남도
진성여자고등학교,전라남도
곡성중앙초등학교,전라남도
순천동산중학교,전라남도
순천신흥중학교,전라남도
순천봉화초등학교,전라남도
순천북초등학교,전라남도
순천왕조초등학교,전라남도
순천이수초등학교,전라남도
순천중앙초등학교,전라남도
팔마초등학교,전라남도
영광중앙초등학교,전라남도
영광초등학교,전라남도
삼호중앙초등학교,전라남도
순천선혜학교,전라남도
순천향림초등학교,전라남도
순천향림중학교,전라남도
순천왕의중학교,전라남도
삼현여자고등학교,경상남도
창원대암고등학교,경상남도
신용초등학교,광주광역시
빛여울초등학교,광주광역시
상현고등학교,경기도
빛가람초등학교,전라남도
광양마동중학교,전라남도
명원초등학교,부산광역시
연제고등학교,부산광역시
광양북초등학교,전라남도
괴정초등학교,부산광역시
반안초등학교,부산광역시
학사초등학교,부산광역시
부영여자고등학교,전라남도
분성초등학교,경상남도
진해냉천초등학교,경상남도
마산고운초등학교,경상남도
당곡고등학교,서울특별시
서문여자고등학교,서울특별시
동천고등학교,부산광역시
달북초등학교,부산광역시
미남초등학교,부산광역시
남문초등학교,부산광역시
좌산초등학교,부산광역시
해송초등학교,부산광역시
안진초등학교,부산광역시
경상중학교,대구광역시
경혜여자중학교,대구광역시
가정고등학교,인천광역시
송도고등학교,인천광역시
문성고등학교,광주광역시
살레시오여자고등학교,광주광역시
정광고등학교,광주광역시
주월초등학교,광주광역시
풍암고등학교,광주광역시
만호초등학교,광주광역시
하백초등학교,광주광역시
산정중학교,광주광역시
계남고등학교,경기도
무원고등학교,경기도
문산고등학교,경기도
양서고등학교,경기도
이천양정여자고등학교,경기도
남원용성고등학교,전라북도
교암초등학교,전라북도
여수여자고등학교,전라남도
보성남초등학교,전라남도
여수문수초등학교,전라남도
함평초등학교,전라남도
화순중학교,전라남도
곡성고등학교,전라남도
경산여자중학교,경상북도
김해여자고등학교,경상남도
진양고등학교,경상남도
진해중앙고등학교,경상남도
창원대산고등학교,경상남도
창원문성고등학교,경상남도
진영장등중학교,경상남도
김해삼성초등학교,경상남도
동진중학교,경상남도
풍호초등학교,경상남도
김해삼문고등학교,경상남도
대운초등학교,경상남도
물금고등학교,경상남도
김해대곡초등학교,경상남도
중문중학교,제주특별자치도
선운초등학교,광주광역시
빛고을고등학교,광주광역시
운정고등학교,경기도
진해냉천중학교,경상남도
갈전초등학교,경상남도
빛가람중학교,전라남도
여수웅천중학교,전라남도
새별초등학교,광주광역시
용이중학교,경기도
화순제일초등학교,전라남도
신금초등학교,부산광역시
학진초등학교,부산광역시
다대초등학교,부산광역시
명진초등학교,부산광역시
두실초등학교,부산광역시
송수초등학교,부산광역시
송원고등학교,광주광역시
여수진남중학교,전라남도
여수한려초등학교,전라남도
안동진명학교,경상북도
교방초등학교,경상남도
진동초등학교,경상남도
김해율산초등학교,경상남도
경성고등학교,서울특별시
금옥여자고등학교,서울특별시
대일고등학교,서울특별시
성보고등학교,서울특별시
송곡고등학교,서울특별시
영락고등학교,서울특별시
장승중학교,서울특별시
구현고등학교,서울특별시
대덕여자고등학교,부산광역시
한국조형예술고등학교,부산광역시
개성고등학교,부산광역시
성모여자고등학교,부산광역시
해운대여자고등학교,부산광역시
분포초등학교,부산광역시
구서여자중학교,부산광역시
구서초등학교,부산광역시
동현초등학교,부산광역시
혜화초등학교,부산광역시
과정초등학교,부산광역시
양정초등학교,부산광역시
대천리중학교,부산광역시
화잠초등학교,부산광역시
반여고등학교,부산광역시
대륜고등학교,대구광역시
와룡중학교,대구광역시
동문고등학교,대구광역시
매천중학교,대구광역시
율원중학교,대구광역시
대성여자고등학교,광주광역시
상무고등학교,광주광역시
금호중앙중학교,광주광역시
운남고등학교,광주광역시
불로초등학교,광주광역시
고실초등학교,광주광역시
수완고등학교,광주광역시
장덕초등학교,광주광역시
수완초등학교,광주광역시
용두중학교,광주광역시
신탄진고등학교,대전광역시
의정부광동고등학교,경기도
소명여자고등학교,경기도
수원고등학교,경기도
양명고등학교,경기도
유신고등학교,경기도
창현고등학교,경기도
단대초등학교,경기도
송내고등학교,경기도
매탄고등학교,경기도
속초중학교,강원특별자치도
한계초등학교,강원특별자치도
금산여자고등학교,충청남도
김제서고등학교,전라북도
고창남초등학교,전라북도
새솔중학교,전라북도
여수정보과학고등학교,전라남도
완도고등학교,전라남도
완도수산고등학교,전라남도
함평학다리고등학교,전라남도
고흥여자중학교,전라남도
여수문수중학교,전라남도
여수중학교,전라남도
염산초등학교,전라남도
완도중앙초등학교,전라남도
화순오성초등학교,전라남도
소림학교,전라남도
은광학교,전라남도
김해생명과학고등학교,경상남도
마산공업고등학교,경상남도
마산무학여자고등학교,경상남도
마산제일여자고등학교,경상남도
보광고등학교,경상남도
산청고등학교,경상남도
양산제일고등학교,경상남도
진해세화여자고등학교,경상남도
임호중학교,경상남도
김해가야초등학교,경상남도
어방초등학교,경상남도
장유초등학교,경상남도
웅상초등학교,경상남도
진주여자중학교,경상남도
김해대청고등학교,경상남도
분성중학교,경상남도
내덕중학교,경상남도
김해영운고등학교,경상남도
김해외국어고등학교,경상남도
김해신안초등학교,경상남도
석동중학교,경상남도
서창고등학교,경상남도
김해삼방고등학교,경상남도
김해구지초등학교,경상남도
범어중학교,경상남도
율하초등학교,경상남도
율하중학교,경상남도
오라초등학교,제주특별자치도
정관중학교,부산광역시
건국초등학교,광주광역시
상록고등학교,경기도
청옥중학교,경기도
범어고등학교,경상남도
구산고등학교,경상남도
서진초등학교,경상남도
노형중학교,제주특별자치도
김포제일고등학교,경기도
고림고등학교,경기도
진해신항초등학교,경상남도
정현고등학교,경기도
충무공초등학교,경상남도
비아고등학교,광주광역시
감만중학교,부산광역시
동래초등학교,부산광역시
명장초등학교,부산광역시
연신초등학교,부산광역시
사상초등학교,부산광역시
신호초등학교,부산광역시
학장초등학교,부산광역시
승학초등학교,부산광역시
수미초등학교,부산광역시
재송초등학교,부산광역시
금명초등학교,부산광역시
상학초등학교,부산광역시
오륙도초등학교,부산광역시
서남초등학교,경상남도
경산여자고등학교,경상북도
김천고등학교,경상북도
경해여자중학교,경상남도
방곡초등학교,부산광역시
해원초등학교,부산광역시
진영중앙초등학교,경상남도
명문초등학교,부산광역시
세화여자고등학교,서울특별시
영등포고등학교,서울특별시
잠실여자고등학교,서울특별시
재현고등학교,서울특별시
언주중학교,서울특별시
봉림중학교,서울특별시
대진전자통신고등학교,부산광역시
충렬고등학교,부산광역시
대연초등학교,부산광역시
동일중앙초등학교,부산광역시
금강초등학교,부산광역시
금양초등학교,부산광역시
안락초등학교,부산광역시
개림중학교,부산광역시
초연중학교,부산광역시
개포초등학교,부산광역시
초읍초등학교,부산광역시
화신중학교,부산광역시
감전초등학교,부산광역시
서감초등학교,부산광역시
용수초등학교,부산광역시
동주여자중학교,부산광역시
해운대여자중학교,부산광역시
민안초등학교,부산광역시
해운대초등학교,부산광역시
을숙도초등학교,부산광역시
신덕초등학교,부산광역시
경덕여자고등학교,대구광역시
능인고등학교,대구광역시
달성고등학교,대구광역시
상인고등학교,대구광역시
성서고등학교,대구광역시
시지고등학교,대구광역시
와룡고등학교,대구광역시
협성고등학교,대구광역시
도원중학교,대구광역시
능인중학교,대구광역시
황금중학교,대구광역시
시지중학교,대구광역시
안심중학교,대구광역시
관천중학교,대구광역시
성광중학교,대구광역시
학남고등학교,대구광역시
호산고등학교,대구광역시
왕선중학교,대구광역시
학익여자고등학교,인천광역시
동일미래과학고등학교,광주광역시
숭의과학기술고등학교,광주광역시
삼각초등학교,광주광역시
숭의중학교,광주광역시
화정남초등학교,광주광역시
선창초등학교,광주광역시
첨단고등학교,광주광역시
유성고등학교,대전광역시
가수원중학교,대전광역시
구즉초등학교,대전광역시
구리여자고등학교,경기도
도당고등학교,경기도
사우고등학교,경기도
신일비즈니스고등학교,경기도
양명여자고등학교,경기도
양영디지털고등학교,경기도
여주고등학교,경기도
영복여자고등학교,경기도
일산고등학교,경기도
장호원고등학교,경기도
저동고등학교,경기도
청학고등학교,경기도
퇴계원고등학교,경기도
세경고등학교,경기도
평택여자고등학교,경기도
화수고등학교,경기도
조원고등학교,경기도
비전중학교,경기도
봉담고등학교,경기도
오남고등학교,경기도
장기고등학교,경기도
주문진고등학교,강원특별자치도
춘천기계공업고등학교,강원특별자치도
경포중학교,강원특별자치도
군산서초등학교,전라북도
남원노암초등학교,전라북도
순창초등학교,전라북도
무안고등학교,전라남도
여수화양고등학교,전라남도
여수해양과학고등학교,전라남도
해룡초등학교,전라남도
무선중학교,전라남도
여선중학교,전라남도
여수미평초등학교,전라남도
여수여문초등학교,전라남도
여수종고초등학교,전라남도
백수초등학교,전라남도
법성포초등학교,전라남도
화순제일중학교,전라남도
여천중학교,전라남도
김해건설공업고등학교,경상남도
김해경원고등학교,경상남도
김해고등학교,경상남도
김해한일여자고등학교,경상남도
마산가포고등학교,경상남도
마산삼진고등학교,경상남도
삼천포공업고등학교,경상남도
양산고등학교,경상남도
진주동명고등학교,경상남도
진해고등학교,경상남도
진해여자고등학교,경상남도
창신고등학교,경상남도
창원기계공업고등학교,경상남도
창원명지여자고등학교,경상남도
합포고등학교,경상남도
김해서중학교,경상남도
경운초등학교,경상남도
김해봉황초등학교,경상남도
김해부곡초등학교,경상남도
김해활천초등학교,경상남도
임호초등학교,경상남도
광려초등학교,경상남도
삼현여자중학교,경상남도
사파중학교,경상남도
웅남초등학교,경상남도
유영초등학교,경상남도
김해은혜학교,경상남도
백동초등학교,경상남도
김해분성고등학교,경상남도
마산내서여자고등학교,경상남도
김해신명초등학교,경상남도
북정초등학교,경상남도
경상국립대학교사범대학부설고등학교,경상남도
정원초등학교,부산광역시
가고파초등학교,경상남도
수완하나중학교,광주광역시
오션초등학교,부산광역시
도래울고등학교,경기도
고양동산고등학교,경기도
위례한빛고등학교,경기도
미사강변초등학교,경기도
풍천풍서초등학교,경상북도
새론중학교,대구광역시
여수송현초등학교,전라남도
비슬고등학교,대구광역시
신아중학교,대구광역시
물금중학교,경상남도
청림중학교,경기도
한민고등학교,경기도
명일초등학교,부산광역시
해빛초등학교,부산광역시
증산고등학교,경상남도
봉선중학교,광주광역시
창문여자고등학교,서울특별시
경희고등학교,서울특별시
공항고등학교,서울특별시
구일고등학교,서울특별시
장훈고등학교,서울특별시
선린인터넷고등학교,서울특별시
대치중학교,서울특별시
인헌중학교,서울특별시
숭실중학교,서울특별시
영훈국제중학교,서울특별시
한강중학교,서울특별시
금샘고등학교,부산광역시
낙동고등학교,부산광역시
덕문고등학교,부산광역시
동래여자고등학교,부산광역시
동래원예고등학교,부산광역시
삼정고등학교,부산광역시
동명공업고등학교,부산광역시
세정고등학교,부산광역시
만덕고등학교,부산광역시
한얼고등학교,부산광역시
영도여자고등학교,부산광역시
혜광고등학교,부산광역시
석포여자중학교,부산광역시
연포초등학교,부산광역시
동래여자중학교,부산광역시
사직여자중학교,부산광역시
유락여자중학교,부산광역시
장전중학교,부산광역시
가야여자중학교,부산광역시
모동중학교,부산광역시
연제중학교,부산광역시
당감초등학교,부산광역시
주례초등학교,부산광역시
토현초등학교,부산광역시
용수중학교,부산광역시
주감중학교,부산광역시
구학초등학교,부산광역시
금창초등학교,부산광역시
녹명초등학교,부산광역시
대천리초등학교,부산광역시
덕두초등학교,부산광역시
덕상초등학교,부산광역시
동궁초등학교,부산광역시
모덕초등학교,부산광역시
모라초등학교,부산광역시
주학초등학교,부산광역시
다송중학교,부산광역시
영도제일중학교,부산광역시
하단중학교,부산광역시
망미중학교,부산광역시
반여중학교,부산광역시
반산초등학교,부산광역시
반여초등학교,부산광역시
배산초등학교,부산광역시
해강초등학교,부산광역시
해림초등학교,부산광역시
신덕중학교,부산광역시
보림초등학교,부산광역시
양동여자중학교,부산광역시
오륙도중학교,부산광역시
성광고등학교,대구광역시
정동고등학교,대구광역시
덕화중학교,대구광역시
복현중학교,대구광역시
도원고등학교,대구광역시
함지고등학교,대구광역시
산곡여자중학교,인천광역시
신송고등학교,인천광역시
마전중학교,인천광역시
동아여자고등학교,광주광역시
서강중학교,광주광역시
각화초등학교,광주광역시
동아여자중학교,광주광역시
유안초등학교,광주광역시
조봉초등학교,광주광역시
풍영초등학교,광주광역시
송광중학교,광주광역시
수문초등학교,광주광역시
운리중학교,광주광역시
큰별초등학교,광주광역시
한밭여자중학교,대전광역시
한밭중학교,대전광역시
회덕중학교,대전광역시
신탄진초등학교,대전광역시
회덕초등학교,대전광역시
진잠중학교,대전광역시
가수원초등학교,대전광역시
외삼초등학교,대전광역시
광명북고등학교,경기도
권선고등학교,경기도
매향여자정보고등학교,경기도
백마고등학교,경기도
성남테크노과학고등학교,경기도
분당아람고등학교,경기도
성문고등학교,경기도
세원고등학교,경기도
소사고등학교,경기도
송현고등학교,경기도
수내고등학교,경기도
수원정보과학고등학교,경기도
심석고등학교,경기도
안산동산고등학교,경기도
안산디자인문화고등학교,경기도
여주자영농업고등학교,경기도
영생고등학교,경기도
우성고등학교,경기도
원곡고등학교,경기도
원미고등학교,경기도
원종고등학교,경기도
의정부여자고등학교,경기도
태장고등학교,경기도
토평고등학교,경기도
수원하이텍고등학교,경기도
평택고등학교,경기도
효원고등학교,경기도
탄벌중학교,경기도
영복여자중학교,경기도
율현중학교,경기도
이목중학교,경기도
세교중학교,경기도
평택여자중학교,경기도
평택중학교,경기도
한광여자중학교,경기도
돌마고등학교,경기도
부용고등학교,경기도
성남외국어고등학교,경기도
성사고등학교,경기도
대지고등학교,경기도
매원고등학교,경기도
복정고등학교,경기도
이충고등학교,경기도
진접고등학교,경기도
장성여자고등학교,강원특별자치도
군산중앙중학교,전라북도
군산금광초등학교,전라북도
군산문화초등학교,전라북도
군산지곡초등학교,전라북도
남원중앙초등학교,전라북도
전주온고을중학교,전라북도
여천고등학교,전라남도
영광공업고등학교,전라남도
목포여자중학교,전라남도
삼향초등학교,전라남도
여수구봉중학교,전라남도
여수아리울중학교,전라남도
충덕중학교,전라남도
무선초등학교,전라남도
소호초등학교,전라남도
시전초등학교,전라남도
여수서초등학교,전라남도
여수신월초등학교,전라남도
여수양지초등학교,전라남도
영광옥당중학교,전라남도
함평중학교,전라남도
해남동초등학교,전라남도
용정중학교,전라남도
안심초등학교,전라남도
영주제일고등학교,경상북도
안동영호초등학교,경상북도
김해가야고등학교,경상남도
삼천포고등학교,경상남도
웅상고등학교,경상남도
진주기계공업고등학교,경상남도
진주여자고등학교,경상남도
가야중학교,경상남도
신어중학교,경상남도
월산중학교,경상남도
한얼중학교,경상남도
김해동광초등학교,경상남도
삼문초등학교,경상남도
신어초등학교,경상남도
주석초등학교,경상남도
진영대창초등학교,경상남도
사천여자중학교,경상남도
진주중앙중학교,경상남도
진주중학교,경상남도
장재초등학교,경상남도
촉석초등학교,경상남도
경화초등학교,경상남도
반림중학교,경상남도
창원상남초등학교,경상남도
계동초등학교,경상남도
마산중앙초등학교,경상남도
석봉초등학교,경상남도
광려중학교,경상남도
용원중학교,경상남도
달산초등학교,부산광역시
신호중학교,부산광역시
모전중학교,부산광역시
월암중학교,대구광역시
신용중학교,광주광역시
효천중학교,광주광역시
세교고등학교,경기도
성복고등학교,경기도
호매실고등학교,경기도
석산초등학교,경상남도
김해제일고등학교,경상남도
김해율하고등학교,경상남도
가동초등학교,부산광역시
수남중학교,경상남도
수원칠보고등학교,경기도
이의고등학교,경기도
옥길산들초등학교,경기도
갈매고등학교,경기도
나산실용예술중학교,전라남도
가촌초등학교,경상남도
고실중학교,광주광역시
남양주다산고등학교,경기도
일광중학교,부산광역시
오션중학교,부산광역시
은하수초등학교,경상남도
창원북면고등학교,경상남도
내성고등학교,부산광역시
풍암중학교,광주광역시
옥구초등학교,전라북도
망상초등학교,강원특별자치도
장서초등학교,부산광역시
내리초등학교,부산광역시
숭덕여자고등학교,인천광역시
검단중학교,인천광역시
화성고등학교,경기도
철원고등학교,강원특별자치도
정주고등학교,전라북도
마산제일고등학교,경상남도
봉림초등학교,경상남도
전안초등학교,경상남도
의창초등학교,경상남도
신광여자고등학교,서울특별시
여의도고등학교,서울특별시
원촌중학교,서울특별시
강일중학교,서울특별시
한성여자중학교,서울특별시
은평고등학교,서울특별시
금정고등학교,부산광역시
동아공업고등학교,부산광역시
문현여자고등학교,부산광역시
배정미래고등학교,부산광역시
분포중학교,부산광역시
성동중학교,부산광역시
동래중학교,부산광역시
안락중학교,부산광역시
남일중학교,부산광역시
학산여자중학교,부산광역시
광무여자중학교,부산광역시
동평여자중학교,부산광역시
거학초등학교,부산광역시
동원초등학교,부산광역시
연미초등학교,부산광역시
구포중학교,부산광역시
덕포여자중학교,부산광역시
동주중학교,부산광역시
모라중학교,부산광역시
엄궁중학교,부산광역시
학장중학교,부산광역시
구남초등학교,부산광역시
덕양초등학교,부산광역시
주감초등학교,부산광역시
창진초등학교,부산광역시
다대중학교,부산광역시
사하중학교,부산광역시
장림여자중학교,부산광역시
초장중학교,부산광역시
송도초등학교,부산광역시
재송여자중학교,부산광역시
재송중학교,부산광역시
망미초등학교,부산광역시
명진중학교,부산광역시
금샘초등학교,부산광역시
대서중학교,대구광역시
범물중학교,대구광역시
매호중학교,대구광역시
입석중학교,대구광역시
관음중학교,대구광역시
평리중학교,대구광역시
학남중학교,대구광역시
동변중학교,대구광역시
노변중학교,대구광역시
계산여자고등학교,인천광역시
재능고등학교,인천광역시
문일여자고등학교,인천광역시
영종중학교,인천광역시
인성초등학교,인천광역시
부원중학교,인천광역시
부평서중학교,인천광역시
임학중학교,인천광역시
옥련여자고등학교,인천광역시
광일고등학교,광주광역시
금파공업고등학교,광주광역시
일곡중학교,광주광역시
조선대학교부속중학교,광주광역시
동림초등학교,광주광역시
살레시오초등학교,광주광역시
일곡초등학교,광주광역시
주월중학교,광주광역시
봉산중학교,광주광역시
빛고을초등학교,광주광역시
대자중학교,광주광역시
월봉중학교,광주광역시
동방고등학교,대전광역시
신탄중앙중학교,대전광역시
동방여자중학교,대전광역시
유성중학교,대전광역시
유성초등학교,대전광역시
진잠초등학교,대전광역시
광동고등학교,경기도
능곡고등학교,경기도
부명고등학교,경기도
성호고등학교,경기도
수택고등학교,경기도
일산대진고등학교,경기도
풍덕고등학교,경기도
신한중학교,경기도
운천고등학교,경기도
동막초등학교,경기도
용인홍천고등학교,경기도
황지고등학교,강원특별자치도
함태중학교,강원특별자치도
군산나운초등학교,전라북도
나주고등학교,전라남도
장성하이텍고등학교,전라남도
함평골프고등학교,전라남도
담양여자중학교,전라남도
수북초등학교,전라남도
영암낭주중학교,전라남도
독천초등학교,전라남도
완도여자중학교,전라남도
명신고등학교,경상남도
삼천포중앙고등학교,경상남도
진주고등학교,경상남도
창원남고등학교,경상남도
창원남산고등학교,경상남도
영운초등학교,경상남도
물금초등학교,경상남도
진주남중학교,경상남도
도동초등학교,경상남도
진해남중학교,경상남도
김해삼계중학교,경상남도
창원봉림고등학교,경상남도
서창중학교,경상남도
김해대곡중학교,경상남도
개양중학교,경상남도
삼정자중학교,경상남도
태봉고등학교,경상남도
도리초등학교,제주특별자치도
청북고등학교,경기도
세미초등학교,경기도
판교고등학교,경기도
덕이고등학교,경기도
양산희망학교,경상남도
관동초등학교,경상남도
청계중학교,경기도
윤슬중학교,경기도
유가중학교,대구광역시
김해모산중학교,경상남도
무안행복중학교,전라남도
예울초등학교,전라남도
동삭중학교,경기도
정의여자중학교,서울특별시
조선대학교여자중학교,광주광역시
득량남초등학교,전라남도
통진고등학교,경기도
창원신월고등학교,경상남도
묵호중학교,강원특별자치도
고흥도화고등학교,전라남도
초량초등학교,부산광역시
거제여자중학교,부산광역시
좌동초등학교,부산광역시
호남삼육고등학교,광주광역시
옥과중학교,전라남도
충렬여자고등학교,경상남도
팔룡초등학교,경상남도
한려초등학교,경상남도
창원천광학교,경상남도
면목고등학교,서울특별시
양천중학교,서울특별시
중화중학교,서울특별시
태릉중학교,서울특별시
당곡중학교,서울특별시
신현고등학교,서울특별시
장안제일고등학교,부산광역시
부곡여자중학교,부산광역시
여명중학교,부산광역시
개금여자중학교,부산광역시
덕천중학교,부산광역시
만덕중학교,부산광역시
주례중학교,부산광역시
화명중학교,부산광역시
대신여자중학교,부산광역시
당리중학교,부산광역시
태종대중학교,부산광역시
하단초등학교,부산광역시
효림초등학교,부산광역시
광안중학교,부산광역시
한바다중학교,부산광역시
대건중학교,대구광역시
월배중학교,대구광역시
팔달중학교,대구광역시
부광고등학교,인천광역시
부광여자고등학교,인천광역시
부평공업고등학교,인천광역시
선인고등학교,인천광역시
인성여자고등학교,인천광역시
계산여자중학교,인천광역시
산곡남중학교,인천광역시
무등중학교,광주광역시
용봉중학교,광주광역시
일신초등학교,광주광역시
정광중학교,광주광역시
대촌중앙초등학교,광주광역시
산월초등학교,광주광역시
첨단초등학교,광주광역시
대반초등학교,광주광역시
광림초등학교,광주광역시
일신중학교,광주광역시
유덕중학교,광주광역시
진제초등학교,광주광역시
망월초등학교,경기도
수내초등학교,경기도
문원초등학교,경기도
의정부호동초등학교,경기도
안화고등학교,경기도
솔빛중학교,경기도
보평초등학교,경기도
묵호고등학교,강원특별자치도
명주초등학교,강원특별자치도
남원도통초등학교,전라북도
봉서중학교,전라북도
담양고등학교,전라남도
벌교여자고등학교,전라남도
담양고서중학교,전라남도
담양수북중학교,전라남도
한재중학교,전라남도
고서초등학교,전라남도
담양동초등학교,전라남도
목포남초등학교,전라남도
목포유달초등학교,전라남도
목포중앙초등학교,전라남도
영광군남중학교,전라남도
영광홍농중학교,전라남도
완도중학교,전라남도
목포인성학교,전라남도
한국국제통상마이스터고등학교,경상북도
영광여자고등학교,경상북도
하양여자고등학교,경상북도
경산압량초등학교,경상북도
안동송현초등학교,경상북도
경산과학고등학교,경상북도
마산중앙고등학교,경상남도
의령여자고등학교,경상남도
창원사파고등학교,경상남도
창원여자고등학교,경상남도
함양고등학교,경상남도
마산삼진중학교,경상남도
노산초등학교,경상남도
물금동아중학교,경상남도
제황초등학교,경상남도
사화초등학교,경상남도
삽량초등학교,경상남도
수양초등학교,경상남도
봉개초등학교,제주특별자치도
선운중학교,광주광역시
송양고등학교,경기도
창원과학고등학교,경상남도
조암중학교,대구광역시
청아초등학교,경기도
역동초등학교,경기도
다산한강초등학교,경기도
창원동백학교,경상남도
이솔고등학교,경기도
원묵중학교,서울특별시
능허대중학교,인천광역시
송정동초등학교,광주광역시
치평초등학교,광주광역시
수주고등학교,경기도
구림공업고등학교,전라남도
여수부영초등학교,전라남도
동해해솔학교,강원특별자치도
금명중학교,부산광역시
한국원자력마이스터고등학교,경상북도
예람중학교,강원특별자치도
상명초등학교,서울특별시
화명초등학교,부산광역시
대인고등학교,인천광역시
신성고등학교,경기도
석전초등학교,경상남도
진명여자중학교,경상남도
광도초등학교,경상남도
통영초등학교,경상남도
명곡초등학교,경상남도
장복초등학교,경상남도
미성중학교,서울특별시
원묵고등학교,서울특별시
문정고등학교,서울특별시
남산고등학교,부산광역시
대양고등학교,부산광역시
데레사여자고등학교,부산광역시
남천중학교,부산광역시
문현여자중학교,부산광역시
낙동중학교,부산광역시
주례여자중학교,부산광역시
남도여자중학교,부산광역시
다선중학교,부산광역시
양운중학교,부산광역시
양운초등학교,부산광역시
분포고등학교,부산광역시
경상공업고등학교,대구광역시
다사고등학교,대구광역시
영진고등학교,대구광역시
이곡중학교,대구광역시
효성중학교,대구광역시
동촌중학교,대구광역시
소선여자중학교,대구광역시
서재중학교,대구광역시
서운고등학교,인천광역시
박문여자고등학교,인천광역시
만성중학교,인천광역시
계산중학교,인천광역시
부평동중학교,인천광역시
부평중학교,인천광역시
산곡중학교,인천광역시
제물포중학교,인천광역시
안남고등학교,인천광역시
작전고등학교,인천광역시
부개고등학교,인천광역시
석정중학교,인천광역시
신송중학교,인천광역시
서진여자고등학교,광주광역시
문흥중앙초등학교,광주광역시
오치초등학교,광주광역시
상무중학교,광주광역시
염주초등학교,광주광역시
정암초등학교,광주광역시
풍암초등학교,광주광역시
운리초등학교,광주광역시
남목고등학교,울산광역시
경민고등학교,경기도
동안고등학교,경기도
동원동우고등학교,경기도
서해고등학교,경기도
수원여자고등학교,경기도
안산공업고등학교,경기도
평촌고등학교,경기도
한국조리과학고등학교,경기도
화홍고등학교,경기도
덕풍초등학교,경기도
탄벌초등학교,경기도
풍무중학교,경기도
백현중학교,경기도
수내중학교,경기도
초림초등학교,경기도
송원중학교,경기도
수원신곡초등학교,경기도
죽전중학교,경기도
고림초등학교,경기도
민락중학교,경기도
충의중학교,경기도
현화초등학교,경기도
나곡초등학교,경기도
상우고등학교,경기도
용인신촌중학교,경기도
용인신촌초등학교,경기도
고양일고등학교,경기도
청덕중학교,경기도
매여울초등학교,경기도
보평중학교,경기도
판교초등학교,경기도
덕풍중학교,경기도
능동고등학교,경기도
한국항공고등학교,강원특별자치도
황지중학교,강원특별자치도
태서초등학교,강원특별자치도
황지초등학교,강원특별자치도
태백라온학교,강원특별자치도
청암학교,충청북도
금산산업고등학교,충청남도
장수고등학교,전라북도
상관초등학교,전라북도
법성고등학교,전라남도
성전고등학교,전라남도
송지고등학교,전라남도
영산성지고등학교,전라남도
한국바둑고등학교,전라남도
호남원예고등학교,전라남도
구례중학교,전라남도
담양중학교,전라남도
창평중학교,전라남도
담양남초등학교,전라남도
목포임성초등학교,전라남도
보성회천중학교,전라남도
완도초등학교,전라남도
여수여명학교,전라남도
금오공업고등학교,경상북도
도개고등학교,경상북도
영남삼육고등학교,경상북도
예일메디텍고등학교,경상북도
한국철도고등학교,경상북도
진량고등학교,경상북도
포항중앙여자고등학교,경상북도
마산고등학교,경상남도
마산구암고등학교,경상남도
사천고등학교,경상남도
삼천포여자고등학교,경상남도
창원중앙여자고등학교,경상남도
통영여자고등학교,경상남도
김해외동초등학교,경상남도
마산동중학교,경상남도
마산서중학교,경상남도
마산중앙중학교,경상남도
정촌초등학교,경상남도
안남중학교,경상남도
웅남중학교,경상남도
팔룡중학교,경상남도
유목초등학교,경상남도
통영중학교,경상남도
벽방초등학교,경상남도
칠원초등학교,경상남도
주약초등학교,경상남도
석동초등학교,경상남도
안골포중학교,경상남도
양산남부고등학교,경상남도
명도초등학교,경상남도
창원토월고등학교,경상남도
서귀포대신중학교,제주특별자치도
예래초등학교,제주특별자치도
경인교육대학교부설초등학교,인천광역시
모락고등학교,경기도
솔터초등학교,경기도
가운고등학교,경기도
운유초등학교,경기도
배곧라온초등학교,경기도
감계초등학교,경상남도
동탄중앙초등학교,경기도
한백고등학교,경기도
화성청계초등학교,경기도
운양고등학교,경기도
새본리중학교,대구광역시
한백중학교,경기도
아인초등학교,경기도
창의고등학교,경기도
매양중학교,경기도
가내초등학교,경기도
다온초등학교,경기도
강빛중학교,서울특별시
감일고등학교,경기도
글빛초등학교,경기도
와우고등학교,경기도
중화고등학교,서울특별시
명진고등학교,광주광역시
문정초등학교,광주광역시
안양고등학교,경기도
동해상업고등학교,강원특별자치도
설악초등학교,강원특별자치도
낙성초등학교,전라남도
상주공업고등학교,경상북도
남항초등학교,부산광역시
묵호초등학교,강원특별자치도
개금고등학교,부산광역시
장흥고등학교,전라남도
동국대학교사범대학부속고등학교,서울특별시
남부민초등학교,부산광역시
운송초등학교,부산광역시
부평고등학교,인천광역시
인하대학교사범대학부속고등학교,인천광역시
관교중학교,인천광역시
은혜학교,광주광역시
광양제철고등학교,전라남도
포항영신고등학교,경상북도
진영대흥초등학교,경상남도
현동초등학교,경상남도
사파초등학교,경상남도
경동고등학교,서울특별시
광영여자고등학교,서울특별시
구로고등학교,서울특별시
덕성여자고등학교,서울특별시
동북고등학교,서울특별시
숭실고등학교,서울특별시
한강미디어고등학교,서울특별시
한양대학교사범대학부속고등학교,서울특별시
신구중학교,서울특별시
이수중학교,서울특별시
아주중학교,서울특별시
천호중학교,서울특별시
목동중학교,서울특별시
목일중학교,서울특별시
성재중학교,서울특별시
염창중학교,서울특별시
양화중학교,서울특별시
국사봉중학교,서울특별시
중앙대학교사범대학부속중학교,서울특별시
불암중학교,서울특별시
상계제일중학교,서울특별시
연북중학교,서울특별시
건국대학교사범대학부속중학교,서울특별시
자양중학교,서울특별시
수송중학교,서울특별시
누원고등학교,서울특별시
등촌고등학교,서울특별시
목운중학교,서울특별시
가야고등학교,부산광역시
동의고등학교,부산광역시
동항중학교,부산광역시
동항초등학교,부산광역시
범일초등학교,부산광역시
사직중학교,부산광역시
금양중학교,부산광역시
부전초등학교,부산광역시
해동중학교,부산광역시
기장중학교,부산광역시
동수영중학교,부산광역시
동아중학교,부산광역시
삼어초등학교,부산광역시
대건고등학교,대구광역시
효성여자고등학교,대구광역시
칠곡중학교,대구광역시
침산중학교,대구광역시
강화고등학교,인천광역시
강화여자고등학교,인천광역시
계산공업고등학교,인천광역시
계양고등학교,인천광역시
부개여자고등학교,인천광역시
문곡고등학교,인천광역시
부평여자고등학교,인천광역시
연수고등학교,인천광역시
연수여자고등학교,인천광역시
영종국제물류고등학교,인천광역시
정석항공과학고등학교,인천광역시
제일고등학교,인천광역시
학익고등학교,인천광역시
용현여자중학교,인천광역시
용현중학교,인천광역시
구월중학교,인천광역시
검암중학교,인천광역시
명현중학교,인천광역시
부광중학교,인천광역시
부원여자중학교,인천광역시
신현여자중학교,인천광역시
가림고등학교,인천광역시
작전여자고등학교,인천광역시
삼산중학교,인천광역시
두암중학교,광주광역시
치평중학교,광주광역시
금부초등학교,광주광역시
목련초등학교,광주광역시
봉선초등학교,광주광역시
송정서초등학교,광주광역시
송정중앙초등학교,광주광역시
새일초등학교,대전광역시
대송고등학교,울산광역시
온남초등학교,울산광역시
무룡중학교,울산광역시
화진중학교,울산광역시
미포초등학교,울산광역시
가평고등학교,경기도
경민비즈니스고등학교,경기도
과천고등학교,경기도
구리고등학교,경기도
남한고등학교,경기도
대평고등학교,경기도
동두천고등학교,경기도
동두천중앙고등학교,경기도
동화고등학교,경기도
부천정보산업고등학교,경기도
송산고등학교,경기도
수일고등학교,경기도
안산고등학교,경기도
안양공업고등학교,경기도
여주제일고등학교,경기도
이천고등학교,경기도
장안고등학교,경기도
정발고등학교,경기도
태성고등학교,경기도
하남고등학교,경기도
효명고등학교,경기도
광동중학교,경기도
심석중학교,경기도
내정중학교,경기도
불곡중학교,경기도
태평중학교,경기도
당촌초등학교,경기도
불곡초등학교,경기도
성남매송초등학교,경기도
성남미금초등학교,경기도
수진초등학교,경기도
중탑초등학교,경기도
매향중학교,경기도
수원중학교,경기도
수일중학교,경기도
곡반초등학교,경기도
매탄초등학교,경기도
명인초등학교,경기도
본오중학교,경기도
공도초등학교,경기도
안양부흥중학교,경기도
구갈중학교,경기도
성복중학교,경기도
수지중학교,경기도
이현중학교,경기도
정평중학교,경기도
남곡초등학교,경기도
어정초등학교,경기도
청곡초등학교,경기도
현화중학교,경기도
동학중학교,경기도
봉담중학교,경기도
동탄초등학교,경기도
봉담초등학교,경기도
시흥고등학교,경기도
망포중학교,경기도
구미중학교,경상북도
천천고등학교,경기도
인덕원고등학교,경기도
평내고등학교,경기도
보정고등학교,경기도
풍무고등학교,경기도
봉일천고등학교,경기도
성남정자초등학교,경기도
용인대덕중학교,경기도
손곡중학교,경기도
팔달초등학교,경기도
늘푸른중학교,경기도
용인백현고등학교,경기도
용인초당초등학교,경기도
현암고등학교,경기도
상촌중학교,경기도
기산중학교,경기도
화성동화중학교,경기도
도촌중학교,경기도
푸른초등학교,경기도
향남중학교,경기도
용이초등학교,경기도
문시중학교,경기도
원덕고등학교,강원특별자치도
주문진중학교,강원특별자치도
청대초등학교,강원특별자치도
청호초등학교,강원특별자치도
상장중학교,강원특별자치도
세연중학교,강원특별자치도
미동초등학교,강원특별자치도
상장초등학교,강원특별자치도
함태초등학교,강원특별자치도
금산중앙초등학교,충청남도
무주고등학교,전라북도
백화고등학교,전라북도
완주고등학교,전라북도
장수중학교,전라북도
벌교고등학교,전라남도
영산포초등학교,전라남도
무안북중학교,전라남도
법성중학교,전라남도
성지송학중학교,전라남도
불갑초등학교,전라남도
장성백암중학교,전라남도
장성중앙초등학교,전라남도
경산고등학교,경상북도
한국미래산업고등학교,경상북도
한국국제조리고등학교,경상북도
영광여자중학교,경상북도
금남고등학교,경상남도
마산여자고등학교,경상남도
사천여자고등학교,경상남도
선명여자고등학교,경상남도
진주외국어고등학교,경상남도
창원중앙고등학교,경상남도
칠원고등학교,경상남도
통영고등학교,경상남도
영운중학교,경상남도
장유중학교,경상남도
삼방초등학교,경상남도
북성초등학교,경상남도
산호초등학교,경상남도
합성초등학교,경상남도
합포초등학교,경상남도
삼천포여자중학교,경상남도
양산중앙중학교,경상남도
웅상중학교,경상남도
선학초등학교,경상남도
진해중학교,경상남도
창덕중학교,경상남도
대암초등학교,경상남도
충무중학교,경상남도
두룡초등학교,경상남도
창원명곡고등학교,경상남도
안민중학교,경상남도
안골포초등학교,경상남도
지리산고등학교,경상남도
진해용원고등학교,경상남도
통영중앙중학교,경상남도
활천중학교,경상남도
사계초등학교,제주특별자치도
구미전자공업고등학교,경상북도
선사고등학교,서울특별시
서정고등학교,경기도
가현초등학교,경기도
광교고등학교,경기도
은여울초등학교,경기도
청수초등학교,경기도
위례한빛중학교,경기도
태성초등학교,경기도
곡정초등학교,경기도
김해임호고등학교,경상남도
무동초등학교,경상남도
창원한들초등학교,경상남도
다솔초등학교,경기도
약사고등학교,울산광역시
미사중학교,경기도
용인삼계고등학교,경기도
김포호수초등학교,경기도
한다사중학교,경상남도
청목초등학교,경기도
평택이화초등학교,경기도
별가람고등학교,경기도
미사강변고등학교,경기도
미사초등학교,경기도
가온초등학교,경기도
윤슬초등학교,경기도
방교중학교,경기도
방교초등학교,경기도
샘말초등학교,경기도
다원중학교,경기도
한율초등학교,경기도
광교호수초등학교,경기도
진해신항중학교,경상남도
용죽초등학교,경기도
고헌초등학교,울산광역시
배곧해솔중학교,경기도
항동중학교,서울특별시
안산해솔초등학교,경기도
광교호수중학교,경기도
회야초등학교,경상남도
처인고등학교,경기도
민세중학교,경기도
천일중학교,서울특별시
문흥중학교,광주광역시
진남중학교,광주광역시
청암초등학교,경기도
노형초등학교,제주특별자치도
영평초등학교,제주특별자치도
선예학교,광주광역시
성도고등학교,부산광역시
동해중앙초등학교,강원특별자치도
대포초등학교,강원특별자치도
개금초등학교,부산광역시
덕포초등학교,부산광역시
만수여자중학교,인천광역시
명덕여자중학교,서울특별시
고려대학교사범대학부속고등학교,서울특별시
독산고등학교,서울특별시
동작고등학교,서울특별시
명지고등학교,서울특별시
삼성고등학교,서울특별시
상명대학교사범대학부속여자고등학교,서울특별시
성신여자고등학교,서울특별시
신림고등학교,서울특별시
여의도여자고등학교,서울특별시
창덕여자고등학교,서울특별시
풍문고등학교,서울특별시
한국삼육고등학교,서울특별시
덕수고등학교,서울특별시
개포중학교,서울특별시
봉은중학교,서울특별시
서초중학교,서울특별시
언남중학교,서울특별시
언북중학교,서울특별시
잠신중학교,서울특별시
공항중학교,서울특별시
등원중학교,서울특별시
방화중학교,서울특별시
대림중학교,서울특별시
동작중학교,서울특별시
방학중학교,서울특별시
영락중학교,서울특별시
중암중학교,서울특별시
구의중학교,서울특별시
종암중학교,서울특별시
화계중학교,서울특별시
문현중학교,서울특별시
신도림고등학교,서울특별시
강일고등학교,서울특별시
진관고등학교,서울특별시
솔샘고등학교,서울특별시
구덕고등학교,부산광역시
대연중학교,부산광역시
해연중학교,부산광역시
성천초등학교,부산광역시
충렬중학교,부산광역시
금사초등학교,부산광역시
연일중학교,부산광역시
초읍중학교,부산광역시
토현중학교,부산광역시
개원초등학교,부산광역시
당평초등학교,부산광역시
양천초등학교,부산광역시
철마초등학교,부산광역시
두송중학교,부산광역시
상서고등학교,대구광역시
다사중학교,대구광역시
달성중학교,대구광역시
범일중학교,대구광역시
서변중학교,대구광역시
검단고등학교,인천광역시
한국글로벌셰프고등학교,인천광역시
인항고등학교,인천광역시
인화여자중학교,인천광역시
함박중학교,인천광역시
우산중학교,광주광역시
운림중학교,광주광역시
두암초등학교,광주광역시
어등초등학교,광주광역시
진만초등학교,광주광역시
하남중앙초등학교,광주광역시
문수고등학교,울산광역시
학성고등학교,울산광역시
현대공업고등학교,울산광역시
무거초등학교,울산광역시
방어진중학교,울산광역시
현대청운중학교,울산광역시
학성여자중학교,울산광역시
현대중학교,울산광역시
명정초등학교,울산광역시
화암중학교,울산광역시
남목중학교,울산광역시
달천고등학교,울산광역시
과천여자고등학교,경기도
과천중앙고등학교,경기도
군포고등학교,경기도
기흥고등학교,경기도
백영고등학교,경기도
소하고등학교,경기도
라온고등학교,경기도
수원농생명과학고등학교,경기도
시온고등학교,경기도
심원고등학교,경기도
안법고등학교,경기도
양곡고등학교,경기도
덕영고등학교,경기도
용호고등학교,경기도
일산동고등학교,경기도
일산국제컨벤션고등학교,경기도
전곡고등학교,경기도
정명고등학교,경기도
정왕고등학교,경기도
죽전고등학교,경기도
중원고등학교,경기도
한국디지털미디어고등학교,경기도
동구중학교,경기도
대원중학교,경기도
성남동중학교,경기도
야탑중학교,경기도
양영중학교,경기도
영성중학교,경기도
매원중학교,경기도
호매실중학교,경기도
화홍중학교,경기도
산의초등학교,경기도
송원초등학교,경기도
귀인중학교,경기도
평촌중학교,경기도
구성중학교,경기도
태성중학교,경기도
포곡중학교,경기도
풍덕초등학교,경기도
송북초등학교,경기도
동탄중학교,경기도
안용중학교,경기도
화남초등학교,경기도
정천중학교,경기도
구성고등학교,경기도
덕계고등학교,경기도
신장고등학교,경기도
김포신풍초등학교,경기도
병점중학교,경기도
용인백현중학교,경기도
초당중학교,경기도
화성금곡초등학교,경기도
잠원중학교,경기도
보라중학교,경기도
망포고등학교,경기도
반송고등학교,경기도
안곡고등학교,경기도
와우중학교,경기도
포곡고등학교,경기도
청덕고등학교,경기도
하남풍산초등학교,경기도
매탄중학교,경기도
낙원중학교,경기도
정선정보공업고등학교,강원특별자치도
거진초등학교,강원특별자치도
태백초등학교,강원특별자치도
제원초등학교,충청남도
회현중학교,전라북도
용북중학교,전라북도
봉서초등학교,전라북도
강진동초등학교,전라남도
나주중학교,전라남도
나주초등학교,전라남도
삼호서초등학교,전라남도
동지여자고등학교,경상북도
약목고등학교,경상북도
영천고등학교,경상북도
영천전자고등학교,경상북도
예천초등학교,경상북도
안동영명학교,경상북도
북삼고등학교,경상북도
마산용마고등학교,경상남도
진주중앙고등학교,경상남도
경진고등학교,경상남도
양산여자고등학교,경상남도
진교고등학교,경상남도
충무고등학교,경상남도
하동고등학교,경상남도
김해여자중학교,경상남도
김해중학교,경상남도
김해내동초등학교,경상남도
마산여자중학교,경상남도
마산중학교,경상남도
창신중학교,경상남도
합포여자중학교,경상남도
합포중학교,경상남도
가포초등학교,경상남도
구암초등학교,경상남도
완월초등학교,경상남도
월영초등학교,경상남도
회원초등학교,경상남도
삼천포중앙여자중학교,경상남도
삼천포중학교,경상남도
문선초등학교,경상남도
범어초등학교,경상남도
양주초등학교,경상남도
진주동명중학교,경상남도
봉곡초등학교,경상남도
봉원초등학교,경상남도
명석초등학교,경상남도
평거초등학교,경상남도
동진여자중학교,경상남도
웅동중학교,경상남도
웅동초등학교,경상남도
창원상남중학교,경상남도
토월중학교,경상남도
소답초등학교,경상남도
외동초등학교,경상남도
창원초등학교,경상남도
도산중학교,경상남도
충무여자중학교,경상남도
통영여자중학교,경상남도
함안중학교,경상남도
진주혜광학교,경상남도
웅상여자중학교,경상남도
신주중학교,경상남도
서귀포여자고등학교,제주특별자치도
한라중학교,제주특별자치도
잠일고등학교,서울특별시
위례솔중학교,서울특별시
마석고등학교,경기도
만정중학교,경기도
광교초등학교,경기도
수원중촌초등학교,경기도
수원금호초등학교,경기도
향일고등학교,경기도
판곡고등학교,경기도
한아람초등학교,경기도
배곧중학교,경기도
하길초등학교,경기도
신봉고등학교,경기도
무지개초등학교,경상남도
탐라중학교,제주특별자치도
세곡중학교,서울특별시
송례중학교,서울특별시
신주초등학교,경상남도
화성반월고등학교,경기도
어정중학교,경기도
미사고등학교,경기도
위례중학교,경기도
왕배초등학교,경기도
도선고등학교,서울특별시
효행초등학교,경기도
창원예술학교,경상남도
사수중학교,대구광역시
동탄목동초등학교,경기도
동탄목동중학교,경기도
망포초등학교,경기도
세마초등학교,경기도
구미산동고등학교,경상북도
천상고등학교,울산광역시
시흥가온초등학교,경기도
수현초등학교,경기도
단샘초등학교,경기도
판교대장초등학교,경기도
배다리초등학교,경기도
감일백제중학교,경기도
서동중학교,대구광역시
각화중학교,광주광역시
경양초등학교,광주광역시
무등초등학교,광주광역시
서일초등학교,광주광역시
성진초등학교,광주광역시
첨단중학교,광주광역시
천상중학교,울산광역시
숙지중학교,경기도
양구고등학교,강원특별자치도
포남초등학교,강원특별자치도
소안중학교,전라남도
선산고등학교,경상북도
애월중학교,제주특별자치도
강명중학교,서울특별시
옥길버들초등학교,경기도
지한초등학교,광주광역시
라온초등학교,전라남도
다산새봄초등학교,경기도
위례숲초등학교,경기도
창원용호고등학교,경상남도
금악초등학교,제주특별자치도
덕수초등학교,제주특별자치도
기장초등학교,부산광역시
장자중학교,경기도
대정고등학교,제주특별자치도
감계중학교,경상남도
삼각산중학교,서울특별시
공산중학교,대구광역시
남동중학교,인천광역시
만월중학교,인천광역시
부평서여자중학교,인천광역시
금정여자고등학교,부산광역시
서명초등학교,부산광역시
장림초등학교,부산광역시
반안중학교,부산광역시
칠성고등학교,대구광역시
덕신고등학교,인천광역시
동산고등학교,인천광역시
신명여자고등학교,인천광역시
인일여자고등학교,인천광역시
인화여자고등학교,인천광역시
관교여자중학교,인천광역시
신흥여자중학교,인천광역시
구월여자중학교,인천광역시
선학중학교,인천광역시
연수중학교,인천광역시
연화중학교,인천광역시
인송중학교,인천광역시
옥련중학교,인천광역시
계양중학교,인천광역시
부평여자중학교,인천광역시
서곶중학교,인천광역시
가좌중학교,인천광역시
작전중학교,인천광역시
간재울중학교,인천광역시
대촌중학교,광주광역시
방어진고등학교,울산광역시
화암고등학교,울산광역시
개운초등학교,울산광역시
효정중학교,울산광역시
다운초등학교,울산광역시
전하초등학교,울산광역시
수원공업고등학교,경기도
중흥고등학교,경기도
평촌과학기술고등학교,경기도
돌마초등학교,경기도
호동초등학교,경기도
마북초등학교,경기도
안일중학교,경기도
송호고등학교,경기도
석우초등학교,경기도
한국소방마이스터고등학교,강원특별자치도
황지정보산업고등학교,강원특별자치도
강릉중학교,강원특별자치도
남호초등학교,강원특별자치도
청아중학교,강원특별자치도
솔올중학교,강원특별자치도
제천산업고등학교,충청북도
세인고등학교,전라북도
노화북초등학교,전라남도
김천중앙고등학교,경상북도
영해초등학교,경상북도
형곡고등학교,경상북도
서포초등학교,경상남도
곤명초등학교,경상남도
용현초등학교,경상남도
축동초등학교,경상남도
양산여자중학교,경상남도
예하초등학교,경상남도
명서중학교,경상남도
창원중앙중학교,경상남도
자여초등학교,경상남도
하례초등학교,제주특별자치도
운산고등학교,경기도
이의중학교,경기도
청옥초등학교,경기도
고산하늘초등학교,경기도
배곧초등학교,경기도
도련초등학교,제주특별자치도
미사중앙초등학교,경기도
이산고등학교,경기도
서연고등학교,경기도
두왕초등학교,울산광역시
보름초등학교,경기도
언양고등학교,울산광역시
김포나진초등학교,경기도
사송중학교,경상남도
예원학교,서울특별시
동대문중학교,서울특별시
광운중학교,서울특별시
염경중학교,서울특별시
문흥초등학교,광주광역시
광산중학교,광주광역시
마재초등학교,광주광역시
비아초등학교,광주광역시
유덕초등학교,광주광역시
효광초등학교,광주광역시
문우초등학교,광주광역시
검단초등학교,경기도
주천고등학교,강원특별자치도
한국마사고등학교,전라북도
세지초등학교,전라남도
경구고등학교,경상북도
성희여자고등학교,경상북도
김해합성초등학교,경상남도
보목초등학교,제주특별자치도
외도초등학교,제주특별자치도
오름중학교,제주특별자치도
구미문성초등학교,경상북도
숭문고등학교,서울특별시
방이중학교,서울특별시
동삼초등학교,부산광역시
경포대초등학교,강원특별자치도
청령포초등학교,강원특별자치도
목포북교초등학교,전라남도
면목중학교,서울특별시
태강삼육초등학교,서울특별시
강릉정보공업고등학교,강원특별자치도
신왕초등학교,강원특별자치도
간문초등학교,전라남도
함덕고등학교,제주특별자치도
청봉초등학교,강원특별자치도
일도초등학교,제주특별자치도
표선초등학교,제주특별자치도
경희초등학교,서울특별시
영훈초등학교,서울특별시
죽성초등학교,부산광역시
영신초등학교,대구광역시
순심고등학교,경상북도
다산초등학교,경상북도
중곡초등학교,경상남도
명일중학교,서울특별시
휘경중학교,서울특별시
홍익대학교사범대학부속초등학교,서울특별시
상암고등학교,서울특별시
보수초등학교,부산광역시
동현중학교,부산광역시
절영초등학교,부산광역시
상당중학교,부산광역시
가창중학교,대구광역시
북동중학교,대구광역시
강남영상미디어고등학교,인천광역시
제물포고등학교,인천광역시
길상초등학교,인천광역시
가정여자중학교,인천광역시
미추홀학교,인천광역시
남창고등학교,울산광역시
성신고등학교,울산광역시
태화초등학교,울산광역시
태광고등학교,경기도
원중초등학교,경기도
곤지암초등학교,경기도
호평중학교,경기도
공도중학교,경기도
효명중학교,경기도
세교초등학교,경기도
대선초등학교,경기도
안화중학교,경기도
대호중학교,경기도
장당중학교,경기도
동두천외국어고등학교,경기도
현화고등학교,경기도
양주고등학교,경기도
오산원일중학교,경기도
사북고등학교,강원특별자치도
철암고등학교,강원특별자치도
하슬라중학교,강원특별자치도
오호초등학교,강원특별자치도
삼척초등학교,강원특별자치도
양구초등학교,강원특별자치도
기린초등학교,강원특별자치도
단양고등학교,충청북도
한국경마축산고등학교,전라북도
용방초등학교,전라남도
목포서산초등학교,전라남도
선덕여자고등학교,경상북도
안동고등학교,경상북도
영주여자고등학교,경상북도
포항예술고등학교,경상북도
형남초등학교,경상북도
안동서부초등학교,경상북도
안동용상초등학교,경상북도
안동초등학교,경상북도
지천초등학교,경상북도
사곡고등학교,경상북도
포은초등학교,경상북도
옥계동부초등학교,경상북도
경해여자고등학교,경상남도
해운중학교,경상남도
창원동중학교,경상남도
명곡여자중학교,경상남도
창원성민여자고등학교,경상남도
남주고등학교,제주특별자치도
구좌중앙초등학교,제주특별자치도
서귀북초등학교,제주특별자치도
길음중학교,서울특별시
화봉고등학교,울산광역시
새빛초등학교,경기도
하길중학교,경기도
거제상문고등학교,경상남도
매곡고등학교,울산광역시
미사강변중학교,경기도
매홀고등학교,경기도
한홀초등학교,경기도
도래울중학교,경기도
김포금빛초등학교,경기도
지품천중학교,경상북도
산청중학교,경상남도
거제용산초등학교,경상남도
신도림중학교,서울특별시
함현고등학교,경기도
율목초등학교,경기도
강릉초등학교,강원특별자치도
상곡초등학교,충청남도
고흥중학교,전라남도
노안중학교,전라남도
구미여자고등학교,경상북도
두호고등학교,경상북도
포항장성고등학교,경상북도
함덕중학교,제주특별자치도
하도초등학교,제주특별자치도
새서귀초등학교,제주특별자치도
아라중학교,제주특별자치도
하늘빛중학교,경기도
옥빛중학교,경기도
대금고등학교,충청북도
한영외국어고등학교,서울특별시
장흥관산중학교,전라남도
도순초등학교,제주특별자치도
의귀초등학교,제주특별자치도
동홍초등학교,제주특별자치도
광양초등학교,제주특별자치도
배곧해솔초등학교,경기도
점촌고등학교,경상북도
중문고등학교,제주특별자치도
서귀포산업과학고등학교,제주특별자치도
하귀일초등학교,제주특별자치도
의정부고등학교,경기도
수원외국어고등학교,경기도
금사중학교,부산광역시
청학초등학교,부산광역시
노화고등학교,전라남도
조천초등학교,제주특별자치도
사상고등학교,부산광역시
간석여자중학교,인천광역시
만수북중학교,인천광역시
설천고등학교,전라북도
원촌초등학교,전라남도
포항고등학교,경상북도
창포중학교,경상북도
구미왕산초등학교,경상북도
함양초등학교,경상남도
개포고등학교,서울특별시
대진여자고등학교,서울특별시
선정고등학교,서울특별시
중앙고등학교,서울특별시
중앙대학교사범대학부속고등학교,서울특별시
창동고등학교,서울특별시
이화여자외국어고등학교,서울특별시
오금중학교,서울특별시
풍납중학교,서울특별시
난곡중학교,서울특별시
숭인중학교,서울특별시
사당중학교,서울특별시
중계중학교,서울특별시
창동중학교,서울특별시
서라벌중학교,서울특별시
성심여자중학교,서울특별시
은평대영학교,서울특별시
진관중학교,서울특별시
대상초등학교,부산광역시
천내중학교,대구광역시
선인중학교,인천광역시
화도진중학교,인천광역시
만수중학교,인천광역시
도림고등학교,인천광역시
메아리학교,울산광역시
무룡고등학교,울산광역시
성광여자고등학교,울산광역시
대현중학교,울산광역시
범서중학교,울산광역시
언양중학교,울산광역시
구영초등학교,울산광역시
옥현초등학교,울산광역시
약사중학교,울산광역시
내황초등학교,울산광역시
유곡중학교,울산광역시
함월고등학교,울산광역시
다운고등학교,울산광역시
신선여자고등학교,울산광역시
야음중학교,울산광역시
범서고등학교,울산광역시
군자디지털과학고등학교,경기도
덕소고등학교,경기도
동일공업고등학교,경기도
부천고등학교,경기도
삼괴고등학교,경기도
소래고등학교,경기도
신한고등학교,경기도
이천제일고등학교,경기도
장곡고등학교,경기도
청명고등학교,경기도
초지고등학교,경기도
포천고등학교,경기도
정발중학교,경기도
하안중학교,경기도
창우초등학교,경기도
궁내중학교,경기도
남양주도곡초등학교,경기도
도제원초등학교,경기도
장자초등학교,경기도
성남서중학교,경기도
대일초등학교,경기도
분당초등학교,경기도
안말초등학교,경기도
희망대초등학교,경기도
동수원초등학교,경기도
영덕초등학교,경기도
원일중학교,경기도
대안중학교,경기도
호원초등학교,경기도
신갈초등학교,경기도
포곡초등학교,경기도
부용중학교,경기도
설봉중학교,경기도
교하중학교,경기도
포승중학교,경기도
운천중학교,경기도
동학초등학교,경기도
동패초등학교,경기도
호성중학교,경기도
부천일신중학교,경기도
범박고등학교,경기도
버들개초등학교,경기도
금촌고등학교,경기도
평택안일초등학교,경기도
송우고등학교,경기도
감정중학교,경기도
반지초등학교,경기도
오산고현초등학교,경기도
선부고등학교,경기도
성남송현초등학교,경기도
진접초등학교,경기도
덕현고등학교,경기도
삼평중학교,경기도
나룰초등학교,경기도
신백현초등학교,경기도
주곡초등학교,경기도
한가람초등학교,경기도
한빛초등학교,경기도
간동고등학교,강원특별자치도
정라초등학교,강원특별자치도
태백중학교,강원특별자치도
단양중학교,충청북도
제천중학교,충청북도
금산하이텍고등학교,충청남도
부리초등학교,충청남도
삼우중학교,전라북도
삼례초등학교,전라북도
장계초등학교,전라북도
봉황고등학교,전라남도
토지초등학교,전라남도
영산포여자중학교,전라남도
삼호서중학교,전라남도
신북중학교,전라남도
신지동초등학교,전라남도
송지초등학교,전라남도
경안여자고등학교,경상북도
경주고등학교,경상북도
구미고등학교,경상북도
길원여자고등학교,경상북도
모계고등학교,경상북도
문화고등학교,경상북도
우석여자고등학교,경상북도
순심여자고등학교,경상북도
신라고등학교,경상북도
신라공업고등학교,경상북도
경주예일고등학교,경상북도
한국생명과학고등학교,경상북도
울진고등학교,경상북도
청도고등학교,경상북도
경산동부초등학교,경상북도
계림초등학교,경상북도
사방초등학교,경상북도
아화초등학교,경상북도
용황초등학교,경상북도
흥무초등학교,경상북도
고령초등학교,경상북도
형일초등학교,경상북도
김천여자중학교,경상북도
김천석천중학교,경상북도
개령서부초등학교,경상북도
김천동부초등학교,경상북도
김천서부초등학교,경상북도
김천신일초등학교,경상북도
김천중앙초등학교,경상북도
상영초등학교,경상북도
영덕야성초등학교,경상북도
영양여자중학교,경상북도
석적초등학교,경상북도
왜관초등학교,경상북도
경희학교,경상북도
구미혜당학교,경상북도
김천동신초등학교,경상북도
구미사곡초등학교,경상북도
포항이동고등학교,경상북도
도봉초등학교,경상북도
광평중학교,경상북도
포항원동초등학교,경상북도
거제중앙고등학교,경상남도
곤양고등학교,경상남도
대아고등학교,경상남도
함안고등학교,경상남도
함양제일고등학교,경상남도
내서초등학교,경상남도
곤양중학교,경상남도
삼천포초등학교,경상남도
어곡초등학교,경상남도
창원신월초등학교,경상남도
진정초등학교,경상남도
함양여자중학교,경상남도
거제옥포고등학교,경상남도
애월고등학교,제주특별자치도
세화중학교,제주특별자치도
온평초등학교,제주특별자치도
서귀포온성학교,제주특별자치도
국립전통예술고등학교,서울특별시
운양중학교,경기도
율정초등학교,경기도
옥빛초등학교,경기도
위례한빛초등학교,경기도
연초고등학교,경상남도
거제상동초등학교,경상남도
해마루초등학교,경상북도
송민학교,경기도
한별초등학교,경기도
현촌초등학교,경기도
하길고등학교,경기도
창성중학교,경기도
남양주다산초등학교,경기도
정현초등학교,경기도
다산가람초등학교,경기도
거제양정초등학교,경상남도
평택대동초등학교,경기도
지축초등학교,경기도
온산고등학교,울산광역시
솔가람고등학교,전라남도
다율초등학교,경기도
지제초등학교,경기도
쌍동초등학교,경기도
숙명여자고등학교,서울특별시
목동고등학교,서울특별시
둔촌중학교,서울특별시
풍성중학교,서울특별시
오류중학교,서울특별시
상봉중학교,서울특별시
행당중학교,서울특별시
명동초등학교,부산광역시
봉삼초등학교,부산광역시
백합초등학교,울산광역시
백송고등학교,경기도
진성고등학교,경기도
소하초등학교,경기도
신장초등학교,경기도
군포양정초등학교,경기도
가납초등학교,경기도
서당초등학교,경기도
잠원초등학교,경기도
전곡중학교,경기도
동오초등학교,경기도
효양중학교,경기도
용인이동초등학교,경기도
용신중학교,경기도
판곡초등학교,경기도
문시초등학교,경기도
일산양일중학교,경기도
영월고등학교,강원특별자치도
고산고등학교,전라북도
격포초등학교,전라북도
청완초등학교,전라북도
나주금천중학교,전라남도
동지고등학교,경상북도
무산고등학교,경상북도
삼성생활예술고등학교,경상북도
상주고등학교,경상북도
상주여자고등학교,경상북도
성의여자고등학교,경상북도
영천성남여자고등학교,경상북도
예천여자고등학교,경상북도
의성고등학교,경상북도
이서고등학교,경상북도
포항여자고등학교,경상북도
포항동성고등학교,경상북도
함창고등학교,경상북도
나원초등학교,경상북도
용운중학교,경상북도
다인초등학교,경상북도
도리원초등학교,경상북도
왜관동부초등학교,경상북도
대도초등학교,경상북도
안의고등학교,경상남도
창원경일고등학교,경상남도
곤양초등학교,경상남도
금서초등학교,경상남도
오부초등학교,경상남도
진주봉원중학교,경상남도
한국선진학교,경기도
천왕중학교,서울특별시
초월중학교,경기도
운정중학교,경기도
석적고등학교,경상북도
수원다산중학교,경기도
한백초등학교,경기도
평택청아초등학교,경기도
안산해솔중학교,경기도
다산하늘초등학교,경기도
전동중학교,서울특별시
중랑중학교,서울특별시
장흥향원중학교,전라남도
영주여자중학교,경상북도
장량초등학교,경상북도
동남초등학교,제주특별자치도
서귀서초등학교,제주특별자치도
율포초등학교,경기도
숲실초등학교,강원특별자치도
복수초등학교,충청남도
고흥동초등학교,전라남도
현서고등학교,경상북도
후포고등학교,경상북도
산격중학교,대구광역시
엄궁초등학교,부산광역시
사하초등학교,부산광역시
조일고등학교,대구광역시
도계고등학교,강원특별자치도
석보초등학교,경상북도
김해중앙여자고등학교,경상남도
토산초등학교,제주특별자치도
용마중학교,서울특별시
임원중학교,강원특별자치도
북촌초등학교,제주특별자치도
저청중학교,제주특별자치도
배재고등학교,서울특별시
충암초등학교,서울특별시
숭의초등학교,서울특별시
덕적고등학교,인천광역시
연평고등학교,인천광역시
삼신초등학교,울산광역시
구름산초등학교,경기도
홍광초등학교,충청북도
장락초등학교,충청북도
죽변고등학교,경상북도
울진중학교,경상북도
국산초등학교,경상남도
외솔초등학교,울산광역시
제석초등학교,경상남도
남강고등학교,서울특별시
노원고등학교,서울특별시
동명여자고등학교,서울특별시
무학여자고등학교,서울특별시
상계고등학교,서울특별시
서초고등학교,서울특별시
석관고등학교,서울특별시
송곡여자고등학교,서울특별시
신목고등학교,서울특별시
인헌고등학교,서울특별시
자양고등학교,서울특별시
한성고등학교,서울특별시
화곡고등학교,서울특별시
덕일전자공업고등학교,서울특별시
성동공업고등학교,서울특별시
대일관광고등학교,서울특별시
성암국제무역고등학교,서울특별시
리라아트고등학교,서울특별시
한세사이버보안고등학교,서울특별시
압구정중학교,서울특별시
신반포중학교,서울특별시
중동중학교,서울특별시
가원중학교,서울특별시
오주중학교,서울특별시
잠실중학교,서울특별시
한영중학교,서울특별시
강신중학교,서울특별시
금옥중학교,서울특별시
신목중학교,서울특별시
양강중학교,서울특별시
월촌중학교,서울특별시
개봉중학교,서울특별시
개웅중학교,서울특별시
고척중학교,서울특별시
문래중학교,서울특별시
영서중학교,서울특별시
영원중학교,서울특별시
경인중학교,서울특별시
윤중중학교,서울특별시
한울중학교,서울특별시
관악중학교,서울특별시
봉원중학교,서울특별시
성보중학교,서울특별시
신관중학교,서울특별시
영등포중학교,서울특별시
녹천중학교,서울특별시
상경중학교,서울특별시
선덕중학교,서울특별시
중평중학교,서울특별시
창일중학교,서울특별시
태랑중학교,서울특별시
하계중학교,서울특별시
한천중학교,서울특별시
상신중학교,서울특별시
신수중학교,서울특별시
신연중학교,서울특별시
연신중학교,서울특별시
은평중학교,서울특별시
홍은중학교,서울특별시
광장중학교,서울특별시
경복초등학교,서울특별시
한양초등학교,서울특별시
남대문중학교,서울특별시
석관중학교,서울특별시
수유중학교,서울특별시
광운초등학교,서울특별시
선린중학교,서울특별시
을지중학교,서울특별시
선유고등학교,서울특별시
월계고등학교,서울특별시
불암고등학교,서울특별시
해성여자고등학교,서울특별시
칠암초등학교,부산광역시
구지중학교,대구광역시
계산고등학교,인천광역시
산마을고등학교,인천광역시
청학중학교,인천광역시
태연학교,울산광역시
옥현중학교,울산광역시
월평중학교,울산광역시
태화중학교,울산광역시
격동초등학교,울산광역시
범서초등학교,울산광역시
야음초등학교,울산광역시
옥서초등학교,울산광역시
농소중학교,울산광역시
외솔중학교,울산광역시
녹수초등학교,울산광역시
복산초등학교,울산광역시
온산초등학교,울산광역시
천상초등학교,울산광역시
남외중학교,울산광역시
구영중학교,울산광역시
고양고등학교,경기도
관양고등학교,경기도
명문고등학교,경기도
군포e비즈니스고등학교,경기도
김포과학기술고등학교,경기도
백운고등학교,경기도
부천북고등학교,경기도
부천여자고등학교,경기도
신갈고등학교,경기도
신흥고등학교,경기도
가온고등학교,경기도
안양여자고등학교,경기도
안양예술고등학교,경기도
영북고등학교,경기도
은행고등학교,경기도
다산고등학교,경기도
충현고등학교,경기도
평택마이스터고등학교,경기도
하남경영고등학교,경기도
한국애니메이션고등학교,경기도
가평중학교,경기도
발산중학교,경기도
백신중학교,경기도
고양제일중학교,경기도
오마중학교,경기도
일산동중학교,경기도
한수중학교,경기도
화수중학교,경기도
고양화정초등학교,경기도
호곡초등학교,경기도
하안북중학교,경기도
광문초등학교,경기도
곤지암중학교,경기도
도척초등학교,경기도
오포초등학교,경기도
태전초등학교,경기도
갈뫼중학교,경기도
도장중학교,경기도
산본중학교,경기도
의왕초등학교,경기도
별내중학교,경기도
와부중학교,경기도
진건중학교,경기도
덕계중학교,경기도
덕정중학교,경기도
조양중학교,경기도
양주덕현초등학교,경기도
은봉초등학교,경기도
칠봉초등학교,경기도
역곡중학교,경기도
부천부안초등학교,경기도
상원여자중학교,경기도
은행중학교,경기도
정자중학교,경기도
대하초등학교,경기도
성남신기초등학교,경기도
성남중앙초등학교,경기도
야탑초등학교,경기도
왕남초등학교,경기도
구운중학교,경기도
남수원중학교,경기도
동수원중학교,경기도
수원제일중학교,경기도
권선초등학교,경기도
당수초등학교,경기도
수원금곡초등학교,경기도
안룡초등학교,경기도
별망중학교,경기도
소래중학교,경기도
원곡중학교,경기도
중앙중학교,서울특별시
과천문원중학교,경기도
과천중학교,경기도
인덕원중학교,경기도
범계중학교,경기도
부림중학교,경기도
신안중학교,경기도
연현중학교,경기도
벌말초등학교,경기도
안양동초등학교,경기도
양평중학교,경기도
강상초등학교,경기도
양평동초등학교,경기도
소현중학교,경기도
용인중학교,경기도
능원초등학교,경기도
언동초등학교,경기도
회룡중학교,경기도
가능초등학교,경기도
녹양초등학교,경기도
의순초등학교,경기도
의정부부용초등학교,경기도
의정부서초등학교,경기도
의정부초등학교,경기도
이천송정중학교,경기도
파주와동초등학교,경기도
송신초등학교,경기도
포천여자중학교,경기도
광문중학교,경기도
상일고등학교,경기도
단원고등학교,경기도
양벌초등학교,경기도
초지중학교,경기도
금릉중학교,경기도
이담초등학교,경기도
송라중학교,경기도
의정부효자초등학교,경기도
덕현중학교,경기도
삼숭중학교,경기도
세류중학교,경기도
기안중학교,경기도
판곡중학교,경기도
회천중학교,경기도
석수중학교,경기도
학동초등학교,경기도
안산해양중학교,경기도
고림중학교,경기도
석우중학교,경기도
동백고등학교,경기도
와부고등학교,경기도
안곡중학교,경기도
모락중학교,경기도
은계중학교,경기도
초당고등학교,경기도
푸른중학교,경기도
향남고등학교,경기도
시흥능곡고등학교,경기도
시흥매화고등학교,경기도
신천고등학교,경기도
의왕고등학교,경기도
김포신곡중학교,경기도
운중초등학교,경기도
차산초등학교,경기도
부곡중앙중학교,경기도
양일초등학교,경기도
이천사동중학교,경기도
한국에너지마이스터고등학교,강원특별자치도
장원초등학교,강원특별자치도
한전초등학교,강원특별자치도
철암초등학교,강원특별자치도
대제중학교,충청북도
내토중학교,충청북도
전주예술고등학교,전라북도
푸른꿈고등학교,전라북도
보절초등학교,전라북도
사매초등학교,전라북도
송동초등학교,전라북도
주생초등학교,전라북도
무주중학교,전라북도
무주중앙초등학교,전라북도
무주초등학교,전라북도
무풍초등학교,전라북도
삼례중학교,전라북도
완주중학교,전라북도
삼례동초등학교,전라북도
삼례중앙초등학교,전라북도
계북초등학교,전라북도
전주문정초등학교,전라북도
문척초등학교,전라남도
산포초등학교,전라남도
창평초등학교,전라남도
무안청계중학교,전라남도
몽탄초등학교,전라남도
삼향북초등학교,전라남도
현경초등학교,전라남도
청해초등학교,전라남도
경주여자정보고등학교,경상북도
경주정보고등학교,경상북도
한국조리명장고등학교,경상북도
구미정보고등학교,경상북도
금오고등학교,경상북도
성의고등학교,경상북도
안동여자고등학교,경상북도
오상고등학교,경상북도
의성여자고등학교,경상북도
한국미래농업고등학교,경상북도
현일고등학교,경상북도
포항흥해공업고등학교,경상북도
경산서부초등학교,경상북도
경산중앙초등학교,경상북도
하양초등학교,경상북도
서라벌여자중학교,경상북도
안강중학교,경상북도
경주초등학교,경상북도
모량초등학교,경상북도
산대초등학교,경상북도
서라벌초등학교,경상북도
안강제일초등학교,경상북도
용강초등학교,경상북도
다산중학교,경상북도
구미여자중학교,경상북도
선산중학교,경상북도
진평중학교,경상북도
형곡중학교,경상북도
광평초등학교,경상북도
구미신평초등학교,경상북도
남계초등학교,경상북도
선주초등학교,경상북도
야은초등학교,경상북도
인동초등학교,경상북도
인의초등학교,경상북도
형곡초등학교,경상북도
황상초등학교,경상북도
개령초등학교,경상북도
김천부곡초등학교,경상북도
김천초등학교,경상북도
봉계초등학교,경상북도
아천초등학교,경상북도
아포초등학교,경상북도
위량초등학교,경상북도
상운초등학교,경상북도
상주중앙초등학교,경상북도
길주중학교,경상북도
복주여자중학교,경상북도
안동여자중학교,경상북도
복주초등학교,경상북도
영가초등학교,경상북도
영양초등학교,경상북도
금계중학교,경상북도
영주남부초등학교,경상북도
영천여자중학교,경상북도
영천동부초등학교,경상북도
의성여자중학교,경상북도
의성초등학교,경상북도
풍각중학교,경상북도
약목중학교,경상북도
환호여자중학교,경상북도
상희학교,경상북도
상모중학교,경상북도
한국해양마이스터고등학교,경상북도
구평남부초등학교,경상북도
사동중학교,경상북도
석전중학교,경상북도
인동고등학교,경상북도
천생중학교,경상북도
오태중학교,경상북도
정수초등학교,경상북도
인평중학교,경상북도
진영제일고등학교,경상남도
진주제일여자고등학교,경상남도
해성고등학교,경상남도
옥포중학교,경상남도
진례초등학교,경상남도
진전초등학교,경상남도
삼천포제일중학교,경상남도
망경초등학교,경상남도
진교중학교,경상남도
위성초등학교,경상남도
삼룡초등학교,경상남도
통영잠포학교,경상남도
호암중학교,경상남도
함덕초등학교,제주특별자치도
태흥초등학교,제주특별자치도
남광초등학교,제주특별자치도
진주교육대학교부설초등학교,경상남도
삼각산고등학교,서울특별시
가재울고등학교,서울특별시
가재울중학교,서울특별시
마곡중학교,서울특별시
숭곡중학교,서울특별시
충현중학교,경기도
남양주덕송초등학교,경기도
만송초등학교,경기도
선행초등학교,경기도
빛가온초등학교,경기도
광교중학교,경기도
푸른솔중학교,경기도
능실초등학교,경기도
이현고등학교,경기도
신봉중학교,경기도
위례중앙중학교,경기도
위례푸른초등학교,경기도
시흥가온중학교,경기도
나주이화학교,전라남도
경산자인학교,경상북도
매봉초등학교,경기도
남양주샛별초등학교,경기도
김포한가람중학교,경기도
한별중학교,경기도
배곧고등학교,경기도
푸른솔초등학교,경기도
하늘빛초등학교,경기도
자유초등학교,경기도
예솔초등학교,경기도
옥길중학교,경기도
갈매중학교,경기도
이산중학교,경기도
박달중학교,경기도
배곧한울초등학교,경기도
구미인덕초등학교,경상북도
송린중학교,경기도
함박초등학교,경기도
송린초등학교,경기도
서연초등학교,경기도
남양주다산중학교,경기도
평택서재초등학교,경기도
은월초등학교,울산광역시
향동숲내초등학교,경기도
평택새빛초등학교,경기도
감일중학교,경기도
구미원당초등학교,경상북도
마곡하늬중학교,서울특별시
고헌중학교,울산광역시
구미신당초등학교,경상북도
목감고등학교,경기도
새솔고등학교,경기도
빛가온중학교,경기도
신백중학교,경기도
향산중학교,경기도
지축중학교,경기도
신원고등학교,경기도
화성세정중학교,경기도
다산새봄중학교,경기도
덕은한강초등학교,경기도
대원여자고등학교,서울특별시
선일여자고등학교,서울특별시
성동고등학교,서울특별시
성심여자고등학교,서울특별시
수락고등학교,서울특별시
신일고등학교,서울특별시
중앙여자고등학교,서울특별시
홍익대학교사범대학부속고등학교,서울특별시
홍익대학교사범대학부속여자고등학교,서울특별시
세륜중학교,서울특별시
등촌중학교,서울특별시
양서중학교,서울특별시
구로중학교,서울특별시
구일중학교,서울특별시
당산중학교,서울특별시
동일중학교,서울특별시
전농중학교,서울특별시
난우중학교,서울특별시
문창중학교,서울특별시
공릉중학교,서울특별시
노곡중학교,서울특별시
수락중학교,서울특별시
신방학중학교,서울특별시
연희중학교,서울특별시
인수중학교,서울특별시
덕수중학교,서울특별시
장원중학교,서울특별시
방산고등학교,서울특별시
자운고등학교,서울특별시
세현고등학교,서울특별시
효문고등학교,서울특별시
상암중학교,서울특별시
인왕중학교,서울특별시
봉학초등학교,부산광역시
학성여자고등학교,울산광역시
굴화초등학교,울산광역시
수암초등학교,울산광역시
함월초등학교,울산광역시
대현고등학교,울산광역시
호계고등학교,울산광역시
남양주고등학교,경기도
덕정고등학교,경기도
한국문화영상고등학교,경기도
문산제일고등학교,경기도
분당경영고등학교,경기도
비봉고등학교,경기도
산본고등학교,경기도
송탄고등학교,경기도
안성여자고등학교,경기도
안양외국어고등학교,경기도
양평고등학교,경기도
오산정보고등학교,경기도
포천일고등학교,경기도
백마중학교,경기도
오마초등학교,경기도
철산중학교,경기도
경화여자중학교,경기도
하남천현초등학교,경기도
수리중학교,경기도
금파중학교,경기도
교문중학교,경기도
토평중학교,경기도
갈매초등학교,경기도
금교초등학교,경기도
양주백석중학교,경기도
중흥중학교,경기도
분당중학교,경기도
하탑중학교,경기도
낙생초등학교,경기도
성남은행초등학교,경기도
성남제일초등학교,경기도
중원초등학교,경기도
고색중학교,경기도
권선중학교,경기도
매현초등학교,경기도
정천초등학교,경기도
효원초등학교,경기도
상록중학교,경기도
시흥은행중학교,경기도
안산양지초등학교,경기도
안양덕현초등학교,경기도
양평초등학교,경기도
모현중학교,경기도
상현초등학교,경기도
경민중학교,경기도
발곡중학교,경기도
천보중학교,경기도
경의초등학교,경기도
새말초등학교,경기도
덕동초등학교,경기도
종덕초등학교,경기도
늘푸른초등학교,경기도
부천일신초등학교,경기도
진접중학교,경기도
군서고등학교,경기도
생연중학교,경기도
현암초등학교,경기도
현암중학교,경기도
안산호원초등학교,경기도
양오초등학교,경기도
용인백현초등학교,경기도
안산성호중학교,경기도
어람중학교,경기도
고색고등학교,경기도
보라고등학교,경기도
한빛중학교,경기도
산운초등학교,경기도
광사초등학교,경기도
신백현중학교,경기도
주곡중학교,경기도
동점초등학교,강원특별자치도
진산초등학교,충청남도
한들고등학교,전라북도
남원서원초등학교,전라북도
남원대산초등학교,전라북도
봉동초등학교,전라북도
병영상업고등학교,전라남도
남평중학교,전라남도
노안남초등학교,전라남도
노안초등학교,전라남도
영강초등학교,전라남도
군외초등학교,전라남도
보길동초등학교,전라남도
화흥초등학교,전라남도
함평여자중학교,전라남도
한국펫고등학교,경상북도
경산제일고등학교,경상북도
경주디자인고등학교,경상북도
경주여자고등학교,경상북도
계림고등학교,경상북도
구미여자상업고등학교,경상북도
근화여자고등학교,경상북도
구미제일고등학교,경상북도
김천여자고등학교,경상북도
김천예술고등학교,경상북도
대창고등학교,경상북도
문명고등학교,경상북도
상지미래경영고등학교,경상북도
성주고등학교,경상북도
성창여자고등학교,경상북도
안동중앙고등학교,경상북도
영덕여자고등학교,경상북도
영해고등학교,경상북도
오천고등학교,경상북도
의성유니텍고등학교,경상북도
포항중앙고등학교,경상북도
하주초등학교,경상북도
외동중학교,경상북도
괘릉초등학교,경상북도
내남초등학교,경상북도
불국사초등학교,경상북도
황남초등학교,경상북도
구미신평중학교,경상북도
해평초등학교,경상북도
김천중앙중학교,경상북도
상산초등학교,경상북도
경안여자중학교,경상북도
안동중학교,경상북도
풍천중학교,경상북도
강구중학교,경상북도
예천남부초등학교,경상북도
북삼중학교,경상북도
왜관중학교,경상북도
약동초등학교,경상북도
안계고등학교,경상북도
성주여자고등학교,경상북도
선주고등학교,경상북도
구미오산초등학교,경상북도
구미봉곡초등학교,경상북도
천생초등학교,경상북도
화랑중학교,경상북도
옥계동부중학교,경상북도
군북고등학교,경상남도
창원고등학교,경상남도
하동여자고등학교,경상남도
칠산초등학교,경상남도
진주동중학교,경상남도
창원여자중학교,경상남도
진교초등학교,경상남도
안의중학교,경상남도
영주고등학교,제주특별자치도
한림여자중학교,제주특별자치도
송당초등학교,제주특별자치도
효돈중학교,제주특별자치도
서귀포초등학교,제주특별자치도
휘봉고등학교,서울특별시
한가람중학교,경기도
옥정초등학교,경기도
위례중앙초등학교,경기도
산들중학교,경기도
성남화랑초등학교,경기도
별내고등학교,경기도
군포중앙고등학교,경기도
한아름초등학교,전라남도
사동고등학교,경상북도
포항포은중학교,경상북도
포항송곡초등학교,경상북도
삼현초등학교,경기도
의정부송산초등학교,경기도
무봉초등학교,경기도
화성반월초등학교,경기도
옥정고등학교,경기도
곡정고등학교,경기도
해마루중학교,경상북도
장검중학교,울산광역시
치동초등학교,경기도
내곡중학교,서울특별시
초곡초등학교,경상북도
구미인덕중학교,경상북도
세정초등학교,경기도
산들초등학교,경기도
고촌고등학교,경기도
김해금곡고등학교,경상남도
훈민초등학교,경기도
평택모산초등학교,경기도
석적중학교,경상북도
새봄초등학교,경기도
옥빛고등학교,경기도
범박중학교,경기도
나래중학교,경기도
당리초등학교,부산광역시
양오중학교,경기도
주영초등학교,강원특별자치도
장성여자중학교,전라남도
영주중앙초등학교,경상북도
단성초등학교,경상남도
애월초등학교,제주특별자치도
재릉초등학교,제주특별자치도
한동초등학교,제주특별자치도
효돈초등학교,제주특별자치도
도계전산정보고등학교,강원특별자치도
주문진초등학교,강원특별자치도
금산동중학교,충청남도
김녕중학교,제주특별자치도
평대초등학교,제주특별자치도
더럭초등학교,제주특별자치도
위미초등학교,제주특별자치도
분당고등학교,경기도
신엄중학교,제주특별자치도
신산중학교,제주특별자치도
이매중학교,경기도
공현진초등학교,강원특별자치도
오저초등학교,강원특별자치도
황지중앙초등학교,강원특별자치도
복내초등학교,전라남도
김녕초등학교,제주특별자치도
해동초등학교,부산광역시
고려고등학교,광주광역시
포두초등학교,전라남도
성읍초등학교,제주특별자치도
백령고등학교,인천광역시
한양대학교사범대학부속중학교,서울특별시
온산중학교,울산광역시
반천초등학교,울산광역시
염포초등학교,울산광역시
무거고등학교,울산광역시
다전초등학교,울산광역시
불정초등학교,경기도
전곡초등학교,경기도
풍동중학교,경기도
석현초등학교,경기도
영춘초등학교,충청북도
제천중앙초등학교,충청북도
영암낭주고등학교,전라남도
생영초등학교,전라남도
포항여자전자고등학교,경상북도
진보초등학교,경상북도
양학초등학교,경상북도
유강초등학교,경상북도
인덕초등학교,경상북도
삼성현중학교,경상북도
진례중학교,경상남도
반동초등학교,경상남도
신등중학교,경상남도
양주중학교,경상남도
신등초등학교,경상남도
거제고현초등학교,경상남도
광령초등학교,제주특별자치도
무릉중학교,제주특별자치도
위미중학교,제주특별자치도
청람중학교,전라남도
고양동산초등학교,경기도
은가람중학교,경기도
수현중학교,경기도
훈민중학교,경기도
경인고등학교,서울특별시
경희여자고등학교,서울특별시
고척고등학교,서울특별시
광신고등학교,서울특별시
대진디자인고등학교,서울특별시
동일여자고등학교,서울특별시
명일여자고등학교,서울특별시
오금고등학교,서울특별시
잠신고등학교,서울특별시
장충고등학교,서울특별시
정신여자고등학교,서울특별시
충암고등학교,서울특별시
성동글로벌경영고등학교,서울특별시
선화예술고등학교,서울특별시
이화여자대학교병설미디어고등학교,서울특별시
신사중학교,서울특별시
역삼중학교,서울특별시
송파중학교,서울특별시
가산중학교,서울특별시
당산서중학교,서울특별시
세일중학교,서울특별시
여의도중학교,서울특별시
영림중학교,서울특별시
노원중학교,서울특별시
노일중학교,서울특별시
도봉중학교,서울특별시
상계중학교,서울특별시
신도봉중학교,서울특별시
온곡중학교,서울특별시
불광중학교,서울특별시
아현중학교,서울특별시
광희중학교,서울특별시
동마중학교,서울특별시
무학중학교,서울특별시
성원중학교,서울특별시
용곡중학교,서울특별시
고려대학교사범대학부속중학교,서울특별시
번동중학교,서울특별시
장위중학교,서울특별시
배화여자중학교,서울특별시
창덕여자중학교,서울특별시
효문중학교,서울특별시
효정고등학교,울산광역시
남창중학교,울산광역시
서생중학교,울산광역시
강남초등학교,울산광역시
가온중학교,울산광역시
농서초등학교,울산광역시
약사초등학교,울산광역시
화암초등학교,울산광역시
이화중학교,울산광역시
연암중학교,울산광역시
신복초등학교,울산광역시
울주명지초등학교,울산광역시
근명고등학교,경기도
한국외식과학고등학교,경기도
한빛누리고등학교,경기도
성안고등학교,경기도
수리고등학교,경기도
숙지고등학교,경기도
파주고등학교,경기도
평촌경영고등학교,경기도
흥진고등학교,경기도
호곡중학교,경기도
광명중학교,경기도
소하중학교,경기도
철산초등학교,경기도
광수중학교,경기도
도수초등학교,경기도
번천초등학교,경기도
의왕부곡중학교,경기도
흥진중학교,경기도
도농중학교,경기도
마석중학교,경기도
미금중학교,경기도
매송중학교,경기도
성남동초등학교,경기도
성남장안초등학교,경기도
하탑초등학교,경기도
매현중학교,경기도
수일여자중학교,경기도
영통중학교,경기도
청명중학교,경기도
정자초등학교,경기도
호매실초등학교,경기도
화홍초등학교,경기도
반월중학교,경기도
시곡중학교,경기도
함현중학교,경기도
안산서초등학교,경기도
안산원곡초등학교,경기도
양진초등학교,경기도
대안여자중학교,경기도
귀인초등학교,경기도
박달초등학교,경기도
호성초등학교,경기도
영문중학교,경기도
구갈초등학교,경기도
용인둔전초등학교,경기도
호원중학교,경기도
발곡초등학교,경기도
의정부신곡초등학교,경기도
의정부용현초등학교,경기도
의정부장암초등학교,경기도
포천중학교,경기도
성호중학교,경기도
의정부호원초등학교,경기도
제암초등학교,경기도
곡반중학교,경기도
충훈고등학교,경기도
풍동고등학교,경기도
교하고등학교,경기도
이우고등학교,경기도
당동중학교,경기도
성남양지초등학교,경기도
남양주신촌초등학교,경기도
장내중학교,경기도
평내중학교,경기도
어람초등학교,경기도
양주백석고등학교,경기도
송우중학교,경기도
송내중앙중학교,경기도
평택도곡초등학교,경기도
단원중학교,경기도
두일중학교,경기도
서호중학교,경기도
용천중학교,경기도
수주중학교,경기도
운중중학교,경기도
안현초등학교,경기도
용인한빛중학교,경기도
용인한빛초등학교,경기도
수원원일중학교,경기도
마송고등학교,경기도
동패중학교,경기도
양도중학교,경기도
용인신봉초등학교,경기도
해솔중학교,경기도
삼척고등학교,강원특별자치도
신철원고등학교,강원특별자치도
금지초등학교,전라북도
아영초등학교,전라북도
인월초등학교,전라북도
번암초등학교,전라북도
나주북초등학교,전라남도
나주중앙초등학교,전라남도
김천생명과학고등학교,경상북도
영천여자고등학교,경상북도
금락초등학교,경상북도
자인초등학교,경상북도
진량초등학교,경상북도
경주여자중학교,경상북도
계림중학교,경상북도
건천초등학교,경상북도
안강초등학교,경상북도
황성초등학교,경상북도
도송중학교,경상북도
송정여자중학교,경상북도
인동중학교,경상북도
형남중학교,경상북도
고아초등학교,경상북도
도량초등학교,경상북도
상모초등학교,경상북도
선산초등학교,경상북도
오태초등학교,경상북도
원호초등학교,경상북도
아포중학교,경상북도
상주여자중학교,경상북도
길주초등학교,경상북도
영천중앙초등학교,경상북도
부구초등학교,경상북도
관호초등학교,경상북도
왜관중앙초등학교,경상북도
대도중학교,경상북도
양학중학교,경상북도
포항여자중학교,경상북도
포항중학교,경상북도
포항항도중학교,경상북도
두호초등학교,경상북도
창포초등학교,경상북도
포항대흥초등학교,경상북도
포항동부초등학교,경상북도
포항중앙초등학교,경상북도
안동강남초등학교,경상북도
유강중학교,경상북도
상모고등학교,경상북도
선주중학교,경상북도
진평초등학교,경상북도
금장초등학교,경상북도
포항양덕초등학교,경상북도
창원공업고등학교,경상남도
진전중학교,경상남도
소토초등학교,경상남도
화제초등학교,경상남도
창원중학교,경상남도
하천초등학교,경상남도
함양중학교,경상남도
이호중학교,경기도
별가람중학교,경기도
벌원초등학교,경기도
덕이중학교,경기도
서농초등학교,경기도
이의초등학교,경기도
한숲중학교,경기도
율빛초등학교,경기도
연푸른초등학교,경기도
위례고운초등학교,경기도
송양중학교,경기도
삼성현초등학교,경상북도
광휘고등학교,경기도
화성반월중학교,경기도
위례고등학교,경기도
다산한강중학교,경기도
감일초등학교,경기도
향동고등학교,경기도
능평초등학교,경기도
상명대학교사범대학부속초등학교,서울특별시
언양초등학교,울산광역시
창현초등학교,경기도
고암중학교,경기도
명륜여자중학교,경기도
의정부중앙초등학교,경기도
대호초등학교,경기도
금촌중학교,경기도
한국호텔관광고등학교,충청북도
제천여자중학교,충청북도
금산동초등학교,충청남도
울진초등학교,경상북도
달전초등학교,경상북도
포항명도학교,경상북도
포항장원초등학교,경상북도
포항해맞이초등학교,경상북도
하귀초등학교,제주특별자치도
대정서초등학교,제주특별자치도
율천고등학교,경기도
과천갈현초등학교,경기도
퇴계원중학교,경기도
남양주송라초등학교,경기도
광산초등학교,강원특별자치도
삼척중앙초등학교,강원특별자치도
장호초등학교,강원특별자치도
두학초등학교,충청북도
백록초등학교,제주특별자치도
손양초등학교,강원특별자치도
추부초등학교,충청남도
상인중학교,대구광역시
거진중학교,강원특별자치도
하장초등학교,강원특별자치도
호산초등학교,강원특별자치도
의림여자중학교,충청북도
제천동중학교,충청북도
포두중학교,전라남도
금일중학교,전라남도
영주초등학교,경상북도
사송초등학교,경상남도
가곡고등학교,강원특별자치도
하장중학교,강원특별자치도
대사초등학교,부산광역시
양양고등학교,강원특별자치도
흥전초등학교,강원특별자치도
문창고등학교,경상북도
배화여자고등학교,서울특별시
미래산업과학고등학교,서울특별시
세명컴퓨터고등학교,서울특별시
박문중학교,인천광역시
두원공업고등학교,경기도
화정중학교,경기도
부명중학교,경기도
와동중학교,경기도
안산석수초등학교,경기도
관양중학교,경기도
안화초등학교,경기도
도둔초등학교,경기도
비룡중학교,경기도
숲속초등학교,경기도
동해삼육고등학교,강원특별자치도
양구여자고등학교,강원특별자치도
영월초등학교,강원특별자치도
단천초등학교,충청북도
신백초등학교,충청북도
신안해양과학고등학교,전라남도
망운중학교,전라남도
봉화고등학교,경상북도
청송고등학교,경상북도
거제여자상업고등학교,경상남도
거제고현중학교,경상남도
의령중학교,경상남도
궁항초등학교,경상남도
칠서초등학교,경상남도
거제중앙초등학교,경상남도
한림고등학교,제주특별자치도
곽금초등학교,제주특별자치도
성남여수초등학교,경기도
내곡초등학교,경상남도
별빛중학교,경상북도
영주가흥초등학교,경상북도
웅부중학교,경상북도
압량중학교,경상북도
석촌중학교,서울특별시
다운중학교,울산광역시
상안중학교,울산광역시
궁내초등학교,경기도
둔전초등학교,경기도
황곡초등학교,경기도
안산부곡중학교,경기도
발안중학교,경기도
와우초등학교,경기도
신철원초등학교,강원특별자치도
고금고등학교,전라남도
화목초등학교,경상북도
포항이동중학교,경상북도
의령고등학교,경상남도
악양초등학교,경상남도
새솔초등학교,경기도
송해초등학교,인천광역시
덕소중학교,경기도
이천송정초등학교,경기도
독정초등학교,경기도
용인한국외국어대학교부설고등학교,경기도
함백초등학교,강원특별자치도
동송초등학교,강원특별자치도
통리초등학교,강원특별자치도
두호남부초등학교,경상북도
학천초등학교,경상북도
좌삼초등학교,경상남도
가례초등학교,경상남도
반성초등학교,경상남도
구엄초등학교,제주특별자치도
강정초등학교,제주특별자치도
다원초등학교,경기도
한여울초등학교,경기도
교동고등학교,인천광역시
북포초등학교,인천광역시
매곡중학교,울산광역시
달천중학교,울산광역시
삼척중학교,강원특별자치도
삼척남초등학교,강원특별자치도
제천디지털전자고등학교,충청북도
조천중학교,제주특별자치도
귀덕초등학교,제주특별자치도
납읍초등학교,제주특별자치도
법환초등학교,제주특별자치도
방원중학교,서울특별시
언동중학교,경기도
이충중학교,경기도
문경여자고등학교,경상북도
경산중학교,경상북도
김천모암초등학교,경상북도
흥해남산초등학교,경상북도
귀일중학교,제주특별자치도
세화초등학교,제주특별자치도
화접중학교,경기도
송안초등학교,경기도
정선초등학교,강원특별자치도
세그루패션디자인고등학교,서울특별시
인덕학교,경기도
양양중학교,강원특별자치도
추부중학교,충청남도
장흥장평중학교,전라남도
연안초등학교,경상북도
영양중앙초등학교,경상북도
천진초등학교,강원특별자치도
근덕초등학교,강원특별자치도
왕미초등학교,충청북도
내토초등학교,충청북도
종달초등학교,제주특별자치도
율정중학교,경기도
단양소백산중학교,충청북도
고려중학교,광주광역시
예봉중학교,경기도
삼척여자고등학교,강원특별자치도
맹방초등학교,강원특별자치도
미로초등학교,강원특별자치도
선흘초등학교,제주특별자치도
다산별빛초등학교,경기도
좌천초등학교,부산광역시
해명초등학교,인천광역시
시초초등학교,충청남도
횡천초등학교,경상남도
정의여자고등학교,서울특별시
심도중학교,인천광역시
불은초등학교,인천광역시
합일초등학교,인천광역시
백령초등학교,인천광역시
진장중학교,울산광역시
고천중학교,경기도
천일초등학교,경기도
슬기초등학교,경기도
이충초등학교,경기도
화성중학교,경기도
장당초등학교,경기도
인구초등학교,강원특별자치도
논산동성초등학교,충청남도
하서초등학교,전라북도
가은초등학교,경상북도
당포초등학교,경상북도
봉화초등학교,경상북도
옥대초등학교,경상북도
거제고등학교,경상남도
거제공업고등학교,경상남도
거제중앙중학교,경상남도
거제중학교,경상남도
진목초등학교,경상남도
반성중학교,경상남도
갈육초등학교,경상남도
고전초등학교,경상남도
묵계초등학교,경상남도
북천초등학교,경상남도
쌍계초등학교,경상남도
하동초등학교,경상남도
위림초등학교,경상남도
제산초등학교,경상남도
거제장평중학교,경상남도
이도초등학교,제주특별자치도
선인국제중학교,경상남도
거제용소초등학교,경상남도
의흥중학교,대구광역시
남외초등학교,울산광역시
양일고등학교,경기도
삼송초등학교,경기도
삼리초등학교,경기도
와부초등학교,경기도
초지초등학교,경기도
이천초등학교,경기도
광성초등학교,경기도
안산대월초등학교,경기도
운광초등학교,경기도
철원여자고등학교,강원특별자치도
상평초등학교,강원특별자치도
고한초등학교,강원특별자치도
제천덕산초등학교,충청북도
전주원동초등학교,전라북도
모화초등학교,경상북도
점촌중학교,경상북도
풍기중학교,경상북도
순흥초등학교,경상북도
생비량초등학교,경상남도
차황초등학교,경상남도
사봉초등학교,경상남도
의령은광학교,경상남도
조남중학교,경기도
치동중학교,경기도
군위고등학교,대구광역시
강화초등학교,인천광역시
평동중학교,광주광역시
군포초등학교,경기도
소사중학교,경기도
송운중학교,경기도
역북초등학교,경기도
송탄중학교,경기도
신길초등학교,경기도
고한고등학교,강원특별자치도
동광산업과학고등학교,강원특별자치도
어상천초등학교,충청북도
괴목초등학교,전라북도
장흥안양중학교,전라남도
장흥남초등학교,전라남도
가은중학교,경상북도
농암초등학교,경상북도
강구초등학교,경상북도
단성고등학교,경상남도
서상고등학교,경상남도
생초초등학교,경상남도
의령초등학교,경상남도
악양중학교,경상남도
청암중학교,경상남도
가마초등학교,제주특별자치도
산마루초등학교,경기도
오륜중학교,서울특별시
대저중학교,부산광역시
강현초등학교,강원특별자치도
한송초등학교,충청북도
충주남산초등학교,충청북도
소천초등학교,경상북도
흥해중학교,경상북도
신반정보고등학교,경상남도
산청초등학교,경상남도
삼장초등학교,경상남도
원동중학교,경상남도
용덕초등학교,경상남도
정곡초등학교,경상남도
칠곡초등학교,경상남도
이반성초등학교,경상남도
표선고등학교,제주특별자치도
돈보스코학교,광주광역시
문수중학교,울산광역시
내정초등학교,경기도
용인초등학교,경기도
조원중학교,경기도
시흥능곡중학교,경기도
덕장중학교,경기도
인흥초등학교,강원특별자치도
금산여자중학교,충청남도
물야초등학교,경상북도
풍기북부초등학교,경상북도
대의초등학교,경상남도
한국뷰티고등학교,제주특별자치도
신례초등학교,제주특별자치도
태전중학교,경기도
서도고등학교,인천광역시
내가초등학교,인천광역시
하점초등학교,인천광역시
진선여자중학교,서울특별시
수명중학교,서울특별시
강화중학교,인천광역시
영흥초등학교,인천광역시
발안바이오과학고등학교,경기도
김화고등학교,강원특별자치도
현흥초등학교,경상북도
청송여자고등학교,경상북도
적량초등학교,경상남도
능실중학교,경기도
강화여자중학교,인천광역시
선원초등학교,인천광역시
당정초등학교,경기도
갈래초등학교,강원특별자치도
완도보길중학교,전라남도
진보고등학교,경상북도
점촌초등학교,경상북도
파천초등학교,경상북도
안의초등학교,경상남도
세담초등학교,경기도
임원초등학교,강원특별자치도
양양초등학교,강원특별자치도
점촌북초등학교,경상북도
신반중학교,경상남도
물메초등학교,제주특별자치도
흥산초등학교,제주특별자치도
대원외국어고등학교,서울특별시
동대초등학교,울산광역시
논산여자상업고등학교,충청남도
유석초등학교,서울특별시
동남고등학교,경기도
고천초등학교,경기도
장현초등학교,경기도
고잔초등학교,경기도
선부초등학교,경기도
안양남초등학교,경기도
소현초등학교,경기도
청석초등학교,경기도
비전초등학교,경기도
갈월중학교,경기도
삼미초등학교,경기도
성남혜은학교,경기도
성은학교,경기도
안산진흥초등학교,경기도
손곡초등학교,경기도
광숭초등학교,경기도
문발초등학교,경기도
경은학교,경기도
용하초등학교,강원특별자치도
남부초등학교,강원특별자치도
봉의초등학교,강원특별자치도
우석초등학교,강원특별자치도
강경중학교,충청남도
연무중앙초등학교,충청남도
무장초등학교,전라북도
광의초등학교,전라남도
해제중학교,전라남도
벌교중앙초등학교,전라남도
조성남초등학교,전라남도
영암서호중학교,전라남도
김천다수초등학교,경상북도
예천중학교,경상북도
거제제일고등학교,경상남도
수월초등학교,경상남도
오량초등학교,경상남도
수월중학교,경상남도
운흥초등학교,경기도
자운학교,경기도
새솔학교,경기도
용인다움학교,경기도
세천초등학교,대전광역시
성사초등학교,경기도
도심초등학교,경기도
남양주미금초등학교,경기도
남양주양정초등학교,경기도
도농초등학교,경기도
도림초등학교,경기도
별내초등학교,경기도
평내초등학교,경기도
호평초등학교,경기도
부천남초등학교,경기도
부천여월초등학교,경기도
심곡초등학교,경기도
복정초등학교,경기도
성남수정초등학교,경기도
이매초등학교,경기도
수원동신초등학교,경기도
창용초등학교,경기도
각골초등학교,경기도
군자초등학교,경기도
안산중앙초등학교,경기도
마성초등학교,경기도
보정초등학교,경기도
상갈초등학교,경기도
성복초등학교,경기도
죽전초등학교,경기도
마장초등학교,경기도
군문초등학교,경기도
소사벌초등학교,경기도
죽백초등학교,경기도
지장초등학교,경기도
팽성초등학교,경기도
왕방초등학교,경기도
지석초등학교,경기도
증포초등학교,경기도
샘모루초등학교,경기도
화성벌말초등학교,경기도
신일초등학교,경기도
안양호암초등학교,경기도
다솜초등학교,경기도
하늘초등학교,경기도
이천사동초등학교,경기도
우석중학교,강원특별자치도
근화초등학교,강원특별자치도
만천초등학교,강원특별자치도
석사초등학교,강원특별자치도
논산대건고등학교,충청남도
문경서중학교,경상북도
화개중학교,경상남도
서귀포고등학교,제주특별자치도
다원학교,경기도
무원초등학교,경기도
신능초등학교,경기도
화중초등학교,경기도
구지초등학교,경기도
영통초등학교,경기도
소래초등학교,경기도
안청중학교,경기도
민백초등학교,경기도
안양신기초등학교,경기도
설봉초등학교,경기도
현덕초등학교,경기도
화성초등학교,경기도
안녕초등학교,경기도
완산중학교,전라북도
군산미성초등학교,전라북도
장흥용산중학교,전라남도
장흥유치중학교,전라남도
금반초등학교,경상남도
산흥초등학교,대전광역시
부천신흥초등학교,경기도
부천중앙초등학교,경기도
양영초등학교,경기도
이천중학교,경기도
성곡초등학교,경기도
함백고등학교,강원특별자치도
장흥서초등학교,전라남도
법전중앙초등학교,경상북도
풍기초등학교,경상북도
연암초등학교,울산광역시
율전중학교,경기도
안산화정초등학교,경기도
안양중앙초등학교,경기도
양수초등학교,경기도
입북초등학교,경기도
남양주백봉초등학교,경기도
오산원일초등학교,경기도
예봉초등학교,경기도
응곡중학교,경기도
성수여자고등학교,강원특별자치도
자인중학교,경상북도
동로초등학교,경상북도
호서남초등학교,경상북도
안정초등학교,경상북도
하동중앙중학교,경상남도
어도초등학교,제주특별자치도
표선중학교,제주특별자치도
사북초등학교,강원특별자치도
영광염산중학교,전라남도
곰소초등학교,전라북도
한국산림과학고등학교,경상북도
문경중학교,경상북도
영주동부초등학교,경상북도
옥종중학교,경상남도
오현초등학교,경기도
점촌중앙초등학교,경상북도
영주중학교,경상북도
대이초등학교,경상북도
옥종고등학교,경상남도
노량초등학교,경상남도
갈뫼초등학교,경기도
양주덕산초등학교,경기도
문경여자중학교,경상북도
문경초등학교,경상북도
서벽초등학교,경상북도
봉현초등학교,경상북도
후포초등학교,경상북도
옥종초등학교,경상남도
서하초등학교,경상남도
필봉초등학교,경기도
이솔초등학교,경기도
옥정호수초등학교,경기도
신언중학교,울산광역시
부천공업고등학교,경기도
저동중학교,경기도
가림초등학교,경기도
화접초등학교,경기도
부천서초등학교,경기도
세류초등학교,경기도
송호중학교,경기도
이호초등학교,경기도
오학초등학교,경기도
대지중학교,경기도
상갈중학교,경기도
의정부여자중학교,경기도
선일중학교,경기도
오산원당초등학교,경기도
도학초등학교,강원특별자치도
연일형산초등학교,경상북도
포항항도초등학교,경상북도
군포신기초등학교,경기도
도래울초등학교,경기도
도당중학교,경기도
회암초등학교,경기도
